,act,pow,img,round
0,push,0.5,Car race 3,0
1,push,0.5,Car race 3,0
2,push,0.5,Car race 3,0
3,push,0.5,Car race 3,0
4,push,0.5,Car race 3,0
5,push,0.5,Car race 3,0
6,push,0.5,Car race 3,0
7,push,0.5,Car race 3,0
8,push,0.5,Car race 3,0
9,push,0.5,Car race 3,0
10,push,0.5,Car race 3,0
11,push,0.5,Car race 3,0
12,push,0.5,Car race 3,0
13,push,0.5,Car race 3,0
14,push,0.5,Car race 3,0
15,push,0.5,Car race 3,0
16,push,0.5,Car race 3,0
17,push,0.5,Car race 3,0
18,push,0.5,Car race 3,0
19,push,0.5,Car race 3,0
20,push,0.5,Car race 3,0
21,push,0.5,Car race 3,0
22,push,0.5,Car race 3,0
23,push,0.5,Car race 3,0
24,push,0.5,Car race 3,0
25,push,0.5,Car race 3,0
26,push,0.5,Car race 3,0
27,push,0.5,Car race 3,0
28,push,0.5,Car race 3,0
29,push,0.5,Car race 3,0
30,push,0.5,Car race 3,0
31,push,0.5,Car race 3,0
32,push,0.5,Car race 3,0
33,push,0.5,Car race 3,0
34,push,0.5,Car race 3,0
35,push,0.5,Car race 3,0
36,push,0.5,Car race 3,0
37,push,0.5,Car race 3,0
38,push,0.5,Car race 3,0
39,push,0.5,Car race 3,0
40,push,0.5,Car race 3,0
41,push,0.5,Car race 3,0
42,push,0.5,Car race 3,0
43,push,0.5,Car race 3,0
44,push,0.5,Car race 3,0
45,push,0.5,Car race 3,0
46,push,0.5,Car race 3,0
47,push,0.5,Car race 3,0
48,push,0.5,Car race 3,0
49,push,0.5,Car race 3,0
50,push,0.5,Car race 3,0
51,push,0.5,Car race 3,0
52,push,0.5,Car race 3,0
53,push,0.5,Car race 3,0
54,push,0.5,Car race 3,0
55,push,0.5,Car race 3,0
56,push,0.5,Car race 3,0
57,push,0.5,Car race 3,0
58,push,0.5,Car race 3,0
59,push,0.5,Car race 3,0
60,push,0.5,Car race 3,0
61,push,0.5,Car race 3,0
62,push,0.5,Car race 3,0
63,push,0.5,Car race 3,0
64,push,0.5,Car race 3,0
65,push,0.5,Car race 3,0
66,push,0.5,Car race 3,0
67,push,0.5,Car race 3,0
68,push,0.5,Car race 3,0
69,push,0.5,Car race 3,0
70,push,0.5,Car race 3,0
71,push,0.5,Car race 3,0
72,push,0.5,Car race 3,0
73,push,0.5,Car race 3,0
74,push,0.5,Car race 3,0
75,push,0.5,Car race 3,0
76,push,0.5,Car race 3,0
77,push,0.5,Car race 3,0
78,push,0.5,Car race 2,0
79,push,0.5,Car race 2,0
80,push,0.5,Car race 2,0
81,push,0.5,Car race 2,0
82,push,0.5,Car race 2,0
83,push,0.5,Car race 2,0
84,push,0.5,Car race 2,0
85,push,0.5,Car race 2,0
86,push,0.5,Car race 2,0
87,push,0.5,Car race 2,0
88,push,0.5,Car race 2,0
89,push,0.5,Car race 2,0
90,push,0.5,Car race 2,0
91,push,0.5,Car race 2,0
92,push,0.5,Car race 2,0
93,push,0.5,Car race 2,0
94,push,0.5,Car race 2,0
95,push,0.5,Car race 2,0
96,push,0.5,Car race 2,0
97,push,0.5,Car race 2,0
98,push,0.5,Car race 2,0
99,push,0.5,Car race 2,0
100,push,0.5,Car race 2,0
101,push,0.5,Car race 2,0
102,push,0.5,Car race 2,0
103,push,0.5,Car race 2,0
104,push,0.5,Car race 2,0
105,push,0.5,Car race 2,0
106,push,0.5,Car race 2,0
107,push,0.5,Car race 2,0
108,push,0.5,Car race 2,0
109,push,0.5,Car race 2,0
110,push,0.5,Car race 2,0
111,push,0.5,Car race 2,0
112,push,0.5,Car race 2,0
113,push,0.5,Car race 2,0
114,push,0.5,Car race 2,0
115,push,0.5,Car race 2,0
116,push,0.5,Car race 2,0
117,push,0.5,Car race 2,0
118,push,0.5,Car race 2,0
119,push,0.5,Car race 2,0
120,push,0.5,Car race 2,0
121,push,0.5,Car race 2,0
122,push,0.5,Car race 2,0
123,push,0.5,Car race 2,0
124,push,0.5,Car race 2,0
125,push,0.5,Car race 2,0
126,push,0.5,Car race 2,0
127,push,0.5,Car race 2,0
128,push,0.5,Car race 2,0
129,push,0.5,Car race 2,0
130,push,0.5,Car race 2,0
131,push,0.5,Car race 2,0
132,push,0.5,Car race 2,0
133,push,0.5,Car race 2,0
134,push,0.5,Car race 2,0
135,push,0.5,Car race 2,0
136,push,0.5,Car race 2,0
137,push,0.5,Car race 2,0
138,push,0.5,Car race 2,0
139,push,0.5,Car race 2,0
140,push,0.5,Car race 2,0
141,push,0.5,Car race 2,0
142,push,0.5,Car race 2,0
143,push,0.5,Car race 2,0
144,push,0.5,Car race 2,0
145,push,0.5,Car race 2,0
146,push,0.5,Car race 2,0
147,push,0.5,Car race 2,0
148,push,0.5,Car race 2,0
149,push,0.5,Car race 2,0
150,push,0.5,Car race 2,0
151,push,0.5,Car race 2,0
152,push,0.5,Car race 2,0
153,push,0.5,Car race 2,0
154,push,0.5,Car race 2,0
155,push,0.5,Car race 2,0
156,push,0.5,Car race 2,0
157,push,0.5,Car race 2,0
158,push,0.5,Car race 2,0
159,push,0.5,Cat 8,0
160,push,0.5,Cat 8,0
161,push,0.5,Cat 8,0
162,push,0.5,Cat 8,0
163,push,0.5,Cat 8,0
164,push,0.5,Cat 8,0
165,push,0.5,Cat 8,0
166,push,0.5,Cat 8,0
167,push,0.5,Cat 8,0
168,push,0.5,Cat 8,0
169,push,0.5,Cat 8,0
170,push,0.5,Cat 8,0
171,push,0.5,Cat 8,0
172,push,0.5,Cat 8,0
173,push,0.5,Cat 8,0
174,push,0.5,Cat 8,0
175,push,0.5,Cat 8,0
176,push,0.5,Cat 8,0
177,push,0.5,Cat 8,0
178,push,0.5,Cat 8,0
179,push,0.5,Cat 8,0
180,push,0.5,Cat 8,0
181,push,0.5,Cat 8,0
182,push,0.5,Cat 8,0
183,push,0.5,Cat 8,0
184,push,0.5,Cat 8,0
185,push,0.5,Cat 8,0
186,push,0.5,Cat 8,0
187,push,0.5,Cat 8,0
188,push,0.5,Cat 8,0
189,push,0.5,Cat 8,0
190,push,0.5,Cat 8,0
191,push,0.5,Cat 8,0
192,push,0.5,Cat 8,0
193,push,0.5,Cat 8,0
194,push,0.5,Cat 8,0
195,push,0.5,Cat 8,0
196,push,0.5,Cat 8,0
197,push,0.5,Cat 8,0
198,push,0.5,Cat 8,0
199,push,0.5,Cat 8,0
200,push,0.5,Cat 8,0
201,push,0.5,Cat 8,0
202,push,0.5,Cat 8,0
203,push,0.5,Cat 8,0
204,push,0.5,Cat 8,0
205,push,0.5,Cat 8,0
206,push,0.5,Cat 8,0
207,push,0.5,Cat 8,0
208,push,0.5,Cat 8,0
209,push,0.5,Cat 8,0
210,push,0.5,Cat 8,0
211,push,0.5,Cat 8,0
212,push,0.5,Cat 8,0
213,push,0.5,Cat 8,0
214,push,0.5,Cat 8,0
215,push,0.5,Cat 8,0
216,push,0.5,Cat 8,0
217,push,0.5,Cat 8,0
218,push,0.5,Cat 8,0
219,push,0.5,Cat 8,0
220,push,0.5,Cat 8,0
221,push,0.5,Cat 8,0
222,push,0.5,Cat 8,0
223,push,0.5,Cat 8,0
224,push,0.5,Cat 8,0
225,push,0.5,Cat 8,0
226,push,0.5,Cat 8,0
227,push,0.5,Cat 8,0
228,push,0.5,Cat 8,0
229,push,0.5,Cat 8,0
230,push,0.5,Cat 8,0
231,push,0.5,Cat 8,0
232,push,0.5,Cat 8,0
233,push,0.5,Cat 8,0
234,push,0.5,Cat 8,0
235,push,0.5,Cat 8,0
236,push,0.5,Cat 8,0
237,push,0.5,Cat 8,0
238,push,0.5,Cat 8,0
239,push,0.5,Cat 8,0
240,push,0.5,Baby 4,0
241,push,0.5,Baby 4,0
242,push,0.5,Baby 4,0
243,push,0.5,Baby 4,0
244,push,0.5,Baby 4,0
245,push,0.5,Baby 4,0
246,push,0.5,Baby 4,0
247,push,0.5,Baby 4,0
248,push,0.5,Baby 4,0
249,push,0.5,Baby 4,0
250,push,0.5,Baby 4,0
251,push,0.5,Baby 4,0
252,push,0.5,Baby 4,0
253,push,0.5,Baby 4,0
254,push,0.5,Baby 4,0
255,push,0.5,Baby 4,0
256,push,0.5,Baby 4,0
257,push,0.5,Baby 4,0
258,push,0.5,Baby 4,0
259,push,0.5,Baby 4,0
260,push,0.5,Baby 4,0
261,push,0.5,Baby 4,0
262,push,0.5,Baby 4,0
263,push,0.5,Baby 4,0
264,push,0.5,Baby 4,0
265,push,0.5,Baby 4,0
266,push,0.5,Baby 4,0
267,push,0.5,Baby 4,0
268,push,0.5,Baby 4,0
269,push,0.5,Baby 4,0
270,push,0.5,Baby 4,0
271,push,0.5,Baby 4,0
272,push,0.5,Baby 4,0
273,push,0.5,Baby 4,0
274,push,0.5,Baby 4,0
275,push,0.5,Baby 4,0
276,push,0.5,Baby 4,0
277,push,0.5,Baby 4,0
278,push,0.5,Baby 4,0
279,push,0.5,Baby 4,0
280,push,0.5,Baby 4,0
281,push,0.5,Baby 4,0
282,push,0.5,Baby 4,0
283,push,0.5,Baby 4,0
284,push,0.5,Baby 4,0
285,push,0.5,Baby 4,0
286,push,0.5,Baby 4,0
287,push,0.5,Baby 4,0
288,push,0.5,Baby 4,0
289,push,0.5,Baby 4,0
290,push,0.5,Baby 4,0
291,push,0.5,Baby 4,0
292,push,0.5,Baby 4,0
293,push,0.5,Baby 4,0
294,push,0.5,Baby 4,0
295,push,0.5,Baby 4,0
296,push,0.5,Baby 4,0
297,push,0.5,Baby 4,0
298,push,0.5,Baby 4,0
299,push,0.5,Baby 4,0
300,push,0.5,Baby 4,0
301,push,0.5,Baby 4,0
302,push,0.5,Baby 4,0
303,push,0.5,Baby 4,0
304,push,0.5,Baby 4,0
305,push,0.5,Baby 4,0
306,push,0.5,Baby 4,0
307,push,0.5,Baby 4,0
308,push,0.5,Baby 4,0
309,push,0.5,Baby 4,0
310,push,0.5,Baby 4,0
311,push,0.5,Baby 4,0
312,push,0.5,Baby 4,0
313,push,0.5,Baby 4,0
314,push,0.5,Baby 4,0
315,push,0.5,Baby 4,0
316,push,0.5,Baby 4,0
317,push,0.5,Baby 4,0
318,push,0.5,Baby 4,0
319,push,0.5,Baby 4,0
320,push,0.5,Baby 4,0
321,push,0.5,Office supplies 2,0
322,push,0.5,Office supplies 2,0
323,push,0.5,Office supplies 2,0
324,push,0.5,Office supplies 2,0
325,push,0.5,Office supplies 2,0
326,push,0.5,Office supplies 2,0
327,push,0.5,Office supplies 2,0
328,push,0.5,Office supplies 2,0
329,push,0.5,Office supplies 2,0
330,push,0.5,Office supplies 2,0
331,push,0.5,Office supplies 2,0
332,push,0.5,Office supplies 2,0
333,push,0.5,Office supplies 2,0
334,push,0.5,Office supplies 2,0
335,push,0.5,Office supplies 2,0
336,push,0.5,Office supplies 2,0
337,push,0.5,Office supplies 2,0
338,push,0.5,Office supplies 2,0
339,push,0.5,Office supplies 2,0
340,push,0.5,Office supplies 2,0
341,push,0.5,Office supplies 2,0
342,push,0.5,Office supplies 2,0
343,push,0.5,Office supplies 2,0
344,push,0.5,Office supplies 2,0
345,push,0.5,Office supplies 2,0
346,push,0.5,Office supplies 2,0
347,push,0.5,Office supplies 2,0
348,push,0.5,Office supplies 2,0
349,push,0.5,Office supplies 2,0
350,push,0.5,Office supplies 2,0
351,push,0.5,Office supplies 2,0
352,push,0.5,Office supplies 2,0
353,push,0.5,Office supplies 2,0
354,push,0.5,Office supplies 2,0
355,push,0.5,Office supplies 2,0
356,push,0.5,Office supplies 2,0
357,push,0.5,Office supplies 2,0
358,push,0.5,Office supplies 2,0
359,push,0.5,Office supplies 2,0
360,push,0.5,Office supplies 2,0
361,push,0.5,Office supplies 2,0
362,push,0.5,Office supplies 2,0
363,push,0.5,Office supplies 2,0
364,push,0.5,Office supplies 2,0
365,push,0.5,Office supplies 2,0
366,push,0.5,Office supplies 2,0
367,push,0.5,Office supplies 2,0
368,push,0.5,Office supplies 2,0
369,push,0.5,Office supplies 2,0
370,push,0.5,Office supplies 2,0
371,push,0.5,Office supplies 2,0
372,push,0.5,Office supplies 2,0
373,push,0.5,Office supplies 2,0
374,push,0.5,Office supplies 2,0
375,push,0.5,Office supplies 2,0
376,push,0.5,Office supplies 2,0
377,push,0.5,Office supplies 2,0
378,push,0.5,Office supplies 2,0
379,push,0.5,Office supplies 2,0
380,push,0.5,Office supplies 2,0
381,push,0.5,Office supplies 2,0
382,push,0.5,Office supplies 2,0
383,push,0.5,Office supplies 2,0
384,push,0.5,Office supplies 2,0
385,push,0.5,Office supplies 2,0
386,push,0.5,Office supplies 2,0
387,push,0.5,Office supplies 2,0
388,push,0.5,Office supplies 2,0
389,push,0.5,Office supplies 2,0
390,push,0.5,Office supplies 2,0
391,push,0.5,Office supplies 2,0
392,push,0.5,Office supplies 2,0
393,push,0.5,Office supplies 2,0
394,push,0.5,Office supplies 2,0
395,push,0.5,Office supplies 2,0
396,push,0.5,Office supplies 2,0
397,push,0.5,Office supplies 2,0
398,push,0.5,Office supplies 2,0
399,push,0.5,Office supplies 2,0
400,push,0.5,Office supplies 2,0
401,push,0.5,Office supplies 2,0
402,push,0.5,Lava 1,0
403,push,0.5,Lava 1,0
404,push,0.5,Lava 1,0
405,push,0.5,Lava 1,0
406,push,0.5,Lava 1,0
407,push,0.5,Lava 1,0
408,push,0.5,Lava 1,0
409,push,0.5,Lava 1,0
410,push,0.5,Lava 1,0
411,push,0.5,Lava 1,0
412,push,0.5,Lava 1,0
413,push,0.5,Lava 1,0
414,push,0.5,Lava 1,0
415,push,0.5,Lava 1,0
416,push,0.5,Lava 1,0
417,push,0.5,Lava 1,0
418,push,0.5,Lava 1,0
419,push,0.5,Lava 1,0
420,push,0.5,Lava 1,0
421,push,0.5,Lava 1,0
422,push,0.5,Lava 1,0
423,push,0.5,Lava 1,0
424,push,0.5,Lava 1,0
425,push,0.5,Lava 1,0
426,push,0.5,Lava 1,0
427,push,0.5,Lava 1,0
428,push,0.5,Lava 1,0
429,push,0.5,Lava 1,0
430,push,0.5,Lava 1,0
431,push,0.5,Lava 1,0
432,push,0.5,Lava 1,0
433,push,0.5,Lava 1,0
434,push,0.5,Lava 1,0
435,push,0.5,Lava 1,0
436,push,0.5,Lava 1,0
437,push,0.5,Lava 1,0
438,push,0.5,Lava 1,0
439,push,0.5,Lava 1,0
440,push,0.5,Lava 1,0
441,push,0.5,Lava 1,0
442,push,0.5,Lava 1,0
443,push,0.5,Lava 1,0
444,push,0.5,Lava 1,0
445,push,0.5,Lava 1,0
446,push,0.5,Lava 1,0
447,push,0.5,Lava 1,0
448,push,0.5,Lava 1,0
449,push,0.5,Lava 1,0
450,push,0.5,Lava 1,0
451,push,0.5,Lava 1,0
452,push,0.5,Lava 1,0
453,push,0.5,Lava 1,0
454,push,0.5,Lava 1,0
455,push,0.5,Lava 1,0
456,push,0.5,Lava 1,0
457,push,0.5,Lava 1,0
458,push,0.5,Lava 1,0
459,push,0.5,Lava 1,0
460,push,0.5,Lava 1,0
461,push,0.5,Lava 1,0
462,push,0.5,Lava 1,0
463,push,0.5,Lava 1,0
464,push,0.5,Lava 1,0
465,push,0.5,Lava 1,0
466,push,0.5,Lava 1,0
467,push,0.5,Lava 1,0
468,push,0.5,Lava 1,0
469,push,0.5,Lava 1,0
470,push,0.5,Lava 1,0
471,push,0.5,Lava 1,0
472,push,0.5,Lava 1,0
473,push,0.5,Lava 1,0
474,push,0.5,Lava 1,0
475,push,0.5,Lava 1,0
476,push,0.5,Lava 1,0
477,push,0.5,Lava 1,0
478,push,0.5,Lava 1,0
479,push,0.5,Lava 1,0
480,push,0.5,Lava 1,0
481,push,0.5,Lava 1,0
482,push,0.5,Lava 1,0
483,push,0.5,Mother 4,0
484,push,0.5,Mother 4,0
485,push,0.5,Mother 4,0
486,push,0.5,Mother 4,0
487,push,0.5,Mother 4,0
488,push,0.5,Mother 4,0
489,push,0.5,Mother 4,0
490,push,0.5,Mother 4,0
491,push,0.5,Mother 4,0
492,push,0.5,Mother 4,0
493,push,0.5,Mother 4,0
494,push,0.5,Mother 4,0
495,push,0.5,Mother 4,0
496,push,0.5,Mother 4,0
497,push,0.5,Mother 4,0
498,push,0.5,Mother 4,0
499,push,0.5,Mother 4,0
500,push,0.5,Mother 4,0
501,push,0.5,Mother 4,0
502,push,0.5,Mother 4,0
503,push,0.5,Mother 4,0
504,push,0.5,Mother 4,0
505,push,0.5,Mother 4,0
506,push,0.5,Mother 4,0
507,push,0.5,Mother 4,0
508,push,0.5,Mother 4,0
509,push,0.5,Mother 4,0
510,push,0.5,Mother 4,0
511,push,0.5,Mother 4,0
512,push,0.5,Mother 4,0
513,push,0.5,Mother 4,0
514,push,0.5,Mother 4,0
515,push,0.5,Mother 4,0
516,push,0.5,Mother 4,0
517,push,0.5,Mother 4,0
518,push,0.5,Mother 4,0
519,push,0.5,Mother 4,0
520,push,0.5,Mother 4,0
521,push,0.5,Mother 4,0
522,push,0.5,Mother 4,0
523,push,0.5,Mother 4,0
524,push,0.5,Mother 4,0
525,push,0.5,Mother 4,0
526,push,0.5,Mother 4,0
527,push,0.5,Mother 4,0
528,push,0.5,Mother 4,0
529,push,0.5,Mother 4,0
530,push,0.5,Mother 4,0
531,push,0.5,Mother 4,0
532,push,0.5,Mother 4,0
533,push,0.5,Mother 4,0
534,push,0.5,Mother 4,0
535,push,0.5,Mother 4,0
536,push,0.5,Mother 4,0
537,push,0.5,Mother 4,0
538,push,0.5,Mother 4,0
539,push,0.5,Mother 4,0
540,push,0.5,Mother 4,0
541,push,0.5,Mother 4,0
542,push,0.5,Mother 4,0
543,push,0.5,Mother 4,0
544,push,0.5,Mother 4,0
545,push,0.5,Mother 4,0
546,push,0.5,Mother 4,0
547,push,0.5,Mother 4,0
548,push,0.5,Mother 4,0
549,push,0.5,Mother 4,0
550,push,0.5,Mother 4,0
551,push,0.5,Mother 4,0
552,push,0.5,Mother 4,0
553,push,0.5,Mother 4,0
554,push,0.5,Mother 4,0
555,push,0.5,Mother 4,0
556,push,0.5,Mother 4,0
557,push,0.5,Mother 4,0
558,push,0.5,Mother 4,0
559,push,0.5,Mother 4,0
560,push,0.5,Mother 4,0
561,push,0.5,Mother 4,0
562,push,0.5,Mother 4,0
563,push,0.5,Wall 2,0
564,push,0.5,Wall 2,0
565,push,0.5,Wall 2,0
566,push,0.5,Wall 2,0
567,push,0.5,Wall 2,0
568,push,0.5,Wall 2,0
569,push,0.5,Wall 2,0
570,push,0.5,Wall 2,0
571,push,0.5,Wall 2,0
572,push,0.5,Wall 2,0
573,push,0.5,Wall 2,0
574,push,0.5,Wall 2,0
575,push,0.5,Wall 2,0
576,push,0.5,Wall 2,0
577,push,0.5,Wall 2,0
578,push,0.5,Wall 2,0
579,push,0.5,Wall 2,0
580,push,0.5,Wall 2,0
581,push,0.5,Wall 2,0
582,push,0.5,Wall 2,0
583,push,0.5,Wall 2,0
584,push,0.5,Wall 2,0
585,push,0.5,Wall 2,0
586,push,0.5,Wall 2,0
587,push,0.5,Wall 2,0
588,push,0.5,Wall 2,0
589,push,0.5,Wall 2,0
590,push,0.5,Wall 2,0
591,push,0.5,Wall 2,0
592,push,0.5,Wall 2,0
593,push,0.5,Wall 2,0
594,push,0.5,Wall 2,0
595,push,0.5,Wall 2,0
596,push,0.5,Wall 2,0
597,push,0.5,Wall 2,0
598,push,0.5,Wall 2,0
599,push,0.5,Wall 2,0
600,push,0.5,Wall 2,0
601,push,0.5,Wall 2,0
602,push,0.5,Wall 2,0
603,push,0.5,Wall 2,0
604,push,0.5,Wall 2,0
605,push,0.5,Wall 2,0
606,push,0.5,Wall 2,0
607,push,0.5,Wall 2,0
608,push,0.5,Wall 2,0
609,push,0.5,Wall 2,0
610,push,0.5,Wall 2,0
611,push,0.5,Wall 2,0
612,push,0.5,Wall 2,0
613,push,0.5,Wall 2,0
614,push,0.5,Wall 2,0
615,push,0.5,Wall 2,0
616,push,0.5,Wall 2,0
617,push,0.5,Wall 2,0
618,push,0.5,Wall 2,0
619,push,0.5,Wall 2,0
620,push,0.5,Wall 2,0
621,push,0.5,Wall 2,0
622,push,0.5,Wall 2,0
623,push,0.5,Wall 2,0
624,push,0.5,Wall 2,0
625,push,0.5,Wall 2,0
626,push,0.5,Wall 2,0
627,push,0.5,Wall 2,0
628,push,0.5,Wall 2,0
629,push,0.5,Wall 2,0
630,push,0.5,Wall 2,0
631,push,0.5,Wall 2,0
632,push,0.5,Wall 2,0
633,push,0.5,Wall 2,0
634,push,0.5,Wall 2,0
635,push,0.5,Wall 2,0
636,push,0.5,Wall 2,0
637,push,0.5,Wall 2,0
638,push,0.5,Wall 2,0
639,push,0.5,Wall 2,0
640,push,0.5,Wall 2,0
641,push,0.5,Wall 2,0
642,push,0.5,Wall 2,0
643,push,0.5,Wall 2,0
644,push,0.5,Lightning 3,0
645,push,0.5,Lightning 3,0
646,push,0.5,Lightning 3,0
647,push,0.5,Lightning 3,0
648,push,0.5,Lightning 3,0
649,push,0.5,Lightning 3,0
650,push,0.5,Lightning 3,0
651,push,0.5,Lightning 3,0
652,push,0.5,Lightning 3,0
653,push,0.5,Lightning 3,0
654,push,0.5,Lightning 3,0
655,push,0.5,Lightning 3,0
656,push,0.5,Lightning 3,0
657,push,0.5,Lightning 3,0
658,push,0.5,Lightning 3,0
659,push,0.5,Lightning 3,0
660,push,0.5,Lightning 3,0
661,push,0.5,Lightning 3,0
662,push,0.5,Lightning 3,0
663,push,0.5,Lightning 3,0
664,push,0.5,Lightning 3,0
665,push,0.5,Lightning 3,0
666,push,0.5,Lightning 3,0
667,push,0.5,Lightning 3,0
668,push,0.5,Lightning 3,0
669,push,0.5,Lightning 3,0
670,push,0.5,Lightning 3,0
671,push,0.5,Lightning 3,0
672,push,0.5,Lightning 3,0
673,push,0.5,Lightning 3,0
674,push,0.5,Lightning 3,0
675,push,0.5,Lightning 3,0
676,push,0.5,Lightning 3,0
677,push,0.5,Lightning 3,0
678,push,0.5,Lightning 3,0
679,push,0.5,Lightning 3,0
680,push,0.5,Lightning 3,0
681,push,0.5,Lightning 3,0
682,push,0.5,Lightning 3,0
683,push,0.5,Lightning 3,0
684,push,0.5,Lightning 3,0
685,push,0.5,Lightning 3,0
686,push,0.5,Lightning 3,0
687,push,0.5,Lightning 3,0
688,push,0.5,Lightning 3,0
689,push,0.5,Lightning 3,0
690,push,0.5,Lightning 3,0
691,push,0.5,Lightning 3,0
692,push,0.5,Lightning 3,0
693,push,0.5,Lightning 3,0
694,push,0.5,Lightning 3,0
695,push,0.5,Lightning 3,0
696,push,0.5,Lightning 3,0
697,push,0.5,Lightning 3,0
698,push,0.5,Lightning 3,0
699,push,0.5,Lightning 3,0
700,push,0.5,Lightning 3,0
701,push,0.5,Lightning 3,0
702,push,0.5,Lightning 3,0
703,push,0.5,Lightning 3,0
704,push,0.5,Lightning 3,0
705,push,0.5,Lightning 3,0
706,push,0.5,Lightning 3,0
707,push,0.5,Lightning 3,0
708,push,0.5,Lightning 3,0
709,push,0.5,Lightning 3,0
710,push,0.5,Lightning 3,0
711,push,0.5,Lightning 3,0
712,push,0.5,Lightning 3,0
713,push,0.5,Lightning 3,0
714,push,0.5,Lightning 3,0
715,push,0.5,Lightning 3,0
716,push,0.5,Lightning 3,0
717,push,0.5,Lightning 3,0
718,push,0.5,Lightning 3,0
719,push,0.5,Lightning 3,0
720,push,0.5,Lightning 3,0
721,push,0.5,Lightning 3,0
722,push,0.5,Lightning 3,0
723,push,0.5,Lightning 3,0
724,push,0.5,Lightning 3,0
725,push,0.5,Tumor 1,0
726,push,0.5,Tumor 1,0
727,push,0.5,Tumor 1,0
728,push,0.5,Tumor 1,0
729,push,0.5,Tumor 1,0
730,push,0.5,Tumor 1,0
731,push,0.5,Tumor 1,0
732,push,0.5,Tumor 1,0
733,push,0.5,Tumor 1,0
734,push,0.5,Tumor 1,0
735,push,0.5,Tumor 1,0
736,push,0.5,Tumor 1,0
737,push,0.5,Tumor 1,0
738,push,0.5,Tumor 1,0
739,push,0.5,Tumor 1,0
740,push,0.5,Tumor 1,0
741,push,0.5,Tumor 1,0
742,push,0.5,Tumor 1,0
743,push,0.5,Tumor 1,0
744,push,0.5,Tumor 1,0
745,push,0.5,Tumor 1,0
746,push,0.5,Tumor 1,0
747,push,0.5,Tumor 1,0
748,push,0.5,Tumor 1,0
749,push,0.5,Tumor 1,0
750,push,0.5,Tumor 1,0
751,push,0.5,Tumor 1,0
752,push,0.5,Tumor 1,0
753,push,0.5,Tumor 1,0
754,push,0.5,Tumor 1,0
755,push,0.5,Tumor 1,0
756,push,0.5,Tumor 1,0
757,push,0.5,Tumor 1,0
758,push,0.5,Tumor 1,0
759,push,0.5,Tumor 1,0
760,push,0.5,Tumor 1,0
761,push,0.5,Tumor 1,0
762,push,0.5,Tumor 1,0
763,push,0.5,Tumor 1,0
764,push,0.5,Tumor 1,0
765,push,0.5,Tumor 1,0
766,push,0.5,Tumor 1,0
767,push,0.5,Tumor 1,0
768,push,0.5,Tumor 1,0
769,push,0.5,Tumor 1,0
770,push,0.5,Tumor 1,0
771,push,0.5,Tumor 1,0
772,push,0.5,Tumor 1,0
773,push,0.5,Tumor 1,0
774,push,0.5,Tumor 1,0
775,push,0.5,Tumor 1,0
776,push,0.5,Tumor 1,0
777,push,0.5,Tumor 1,0
778,push,0.5,Tumor 1,0
779,push,0.5,Tumor 1,0
780,push,0.5,Tumor 1,0
781,push,0.5,Tumor 1,0
782,push,0.5,Tumor 1,0
783,push,0.5,Tumor 1,0
784,push,0.5,Tumor 1,0
785,push,0.5,Tumor 1,0
786,push,0.5,Tumor 1,0
787,push,0.5,Tumor 1,0
788,push,0.5,Tumor 1,0
789,push,0.5,Tumor 1,0
790,push,0.5,Tumor 1,0
791,push,0.5,Tumor 1,0
792,push,0.5,Tumor 1,0
793,push,0.5,Tumor 1,0
794,push,0.5,Tumor 1,0
795,push,0.5,Tumor 1,0
796,push,0.5,Tumor 1,0
797,push,0.5,Tumor 1,0
798,push,0.5,Tumor 1,0
799,push,0.5,Tumor 1,0
800,push,0.5,Tumor 1,0
801,push,0.5,Tumor 1,0
802,push,0.5,Tumor 1,0
803,push,0.5,Tumor 1,0
804,push,0.5,Tumor 1,0
805,push,0.5,Tumor 1,0
806,push,0.5,Dog 14,0
807,push,0.5,Dog 14,0
808,push,0.5,Dog 14,0
809,push,0.5,Dog 14,0
810,push,0.5,Dog 14,0
811,push,0.5,Dog 14,0
812,push,0.5,Dog 14,0
813,push,0.5,Dog 14,0
814,push,0.5,Dog 14,0
815,push,0.5,Dog 14,0
816,push,0.5,Dog 14,0
817,push,0.5,Dog 14,0
818,push,0.5,Dog 14,0
819,push,0.5,Dog 14,0
820,push,0.5,Dog 14,0
821,push,0.5,Dog 14,0
822,push,0.5,Dog 14,0
823,push,0.5,Dog 14,0
824,push,0.5,Dog 14,0
825,push,0.5,Dog 14,0
826,push,0.5,Dog 14,0
827,push,0.5,Dog 14,0
828,push,0.5,Dog 14,0
829,push,0.5,Dog 14,0
830,push,0.5,Dog 14,0
831,push,0.5,Dog 14,0
832,push,0.5,Dog 14,0
833,push,0.5,Dog 14,0
834,push,0.5,Dog 14,0
835,push,0.5,Dog 14,0
836,push,0.5,Dog 14,0
837,push,0.5,Dog 14,0
838,push,0.5,Dog 14,0
839,push,0.5,Dog 14,0
840,push,0.5,Dog 14,0
841,push,0.5,Dog 14,0
842,push,0.5,Dog 14,0
843,push,0.5,Dog 14,0
844,push,0.5,Dog 14,0
845,push,0.5,Dog 14,0
846,push,0.5,Dog 14,0
847,push,0.5,Dog 14,0
848,push,0.5,Dog 14,0
849,push,0.5,Dog 14,0
850,push,0.5,Dog 14,0
851,push,0.5,Dog 14,0
852,push,0.5,Dog 14,0
853,push,0.5,Dog 14,0
854,push,0.5,Dog 14,0
855,push,0.5,Dog 14,0
856,push,0.5,Dog 14,0
857,push,0.5,Dog 14,0
858,push,0.5,Dog 14,0
859,push,0.5,Dog 14,0
860,push,0.5,Dog 14,0
861,push,0.5,Dog 14,0
862,push,0.5,Dog 14,0
863,push,0.5,Dog 14,0
864,push,0.5,Dog 14,0
865,push,0.5,Dog 14,0
866,push,0.5,Dog 14,0
867,push,0.5,Dog 14,0
868,push,0.5,Dog 14,0
869,push,0.5,Dog 14,0
870,push,0.5,Dog 14,0
871,push,0.5,Dog 14,0
872,push,0.5,Dog 14,0
873,push,0.5,Dog 14,0
874,push,0.5,Dog 14,0
875,push,0.5,Dog 14,0
876,push,0.5,Dog 14,0
877,push,0.5,Dog 14,0
878,push,0.5,Dog 14,0
879,push,0.5,Dog 14,0
880,push,0.5,Dog 14,0
881,push,0.5,Dog 14,0
882,push,0.5,Dog 14,0
883,push,0.5,Dog 14,0
884,push,0.5,Dog 14,0
885,push,0.5,Dog 14,0
886,push,0.5,Dog 14,0
887,push,0.5,Bear 2,0
888,push,0.5,Bear 2,0
889,push,0.5,Bear 2,0
890,push,0.5,Bear 2,0
891,push,0.5,Bear 2,0
892,push,0.5,Bear 2,0
893,push,0.5,Bear 2,0
894,push,0.5,Bear 2,0
895,push,0.5,Bear 2,0
896,push,0.5,Bear 2,0
897,push,0.5,Bear 2,0
898,push,0.5,Bear 2,0
899,push,0.5,Bear 2,0
900,push,0.5,Bear 2,0
901,push,0.5,Bear 2,0
902,push,0.5,Bear 2,0
903,push,0.5,Bear 2,0
904,push,0.5,Bear 2,0
905,push,0.5,Bear 2,0
906,push,0.5,Bear 2,0
907,push,0.5,Bear 2,0
908,push,0.5,Bear 2,0
909,push,0.5,Bear 2,0
910,push,0.5,Bear 2,0
911,push,0.5,Bear 2,0
912,push,0.5,Bear 2,0
913,push,0.5,Bear 2,0
914,push,0.5,Bear 2,0
915,push,0.5,Bear 2,0
916,push,0.5,Bear 2,0
917,push,0.5,Bear 2,0
918,push,0.5,Bear 2,0
919,push,0.5,Bear 2,0
920,push,0.5,Bear 2,0
921,push,0.5,Bear 2,0
922,push,0.5,Bear 2,0
923,push,0.5,Bear 2,0
924,push,0.5,Bear 2,0
925,push,0.5,Bear 2,0
926,push,0.5,Bear 2,0
927,push,0.5,Bear 2,0
928,push,0.5,Bear 2,0
929,push,0.5,Bear 2,0
930,push,0.5,Bear 2,0
931,push,0.5,Bear 2,0
932,push,0.5,Bear 2,0
933,push,0.5,Bear 2,0
934,push,0.5,Bear 2,0
935,push,0.5,Bear 2,0
936,push,0.5,Bear 2,0
937,push,0.5,Bear 2,0
938,push,0.5,Bear 2,0
939,push,0.5,Bear 2,0
940,push,0.5,Bear 2,0
941,push,0.5,Bear 2,0
942,push,0.5,Bear 2,0
943,push,0.5,Bear 2,0
944,push,0.5,Bear 2,0
945,push,0.5,Bear 2,0
946,push,0.5,Bear 2,0
947,push,0.5,Bear 2,0
948,push,0.5,Bear 2,0
949,push,0.5,Bear 2,0
950,push,0.5,Bear 2,0
951,push,0.5,Bear 2,0
952,push,0.5,Bear 2,0
953,push,0.5,Bear 2,0
954,push,0.5,Bear 2,0
955,push,0.5,Bear 2,0
956,push,0.5,Bear 2,0
957,push,0.5,Bear 2,0
958,push,0.5,Bear 2,0
959,push,0.5,Bear 2,0
960,push,0.5,Bear 2,0
961,push,0.5,Bear 2,0
962,push,0.5,Bear 2,0
963,push,0.5,Bear 2,0
964,push,0.5,Bear 2,0
965,push,0.5,Bear 2,0
966,push,0.5,Bear 2,0
967,push,0.5,Fire 9,0
968,push,0.5,Fire 9,0
969,push,0.5,Fire 9,0
970,push,0.5,Fire 9,0
971,push,0.5,Fire 9,0
972,push,0.5,Fire 9,0
973,push,0.5,Fire 9,0
974,push,0.5,Fire 9,0
975,push,0.5,Fire 9,0
976,push,0.5,Fire 9,0
977,push,0.5,Fire 9,0
978,push,0.5,Fire 9,0
979,push,0.5,Fire 9,0
980,push,0.5,Fire 9,0
981,push,0.5,Fire 9,0
982,push,0.5,Fire 9,0
983,push,0.5,Fire 9,0
984,push,0.5,Fire 9,0
985,push,0.5,Fire 9,0
986,push,0.5,Fire 9,0
987,push,0.5,Fire 9,0
988,push,0.5,Fire 9,0
989,push,0.5,Fire 9,0
990,push,0.5,Fire 9,0
991,push,0.5,Fire 9,0
992,push,0.5,Fire 9,0
993,push,0.5,Fire 9,0
994,push,0.5,Fire 9,0
995,push,0.5,Fire 9,0
996,push,0.5,Fire 9,0
997,push,0.5,Fire 9,0
998,push,0.5,Fire 9,0
999,push,0.5,Fire 9,0
1000,push,0.5,Fire 9,0
1001,push,0.5,Fire 9,0
1002,push,0.5,Fire 9,0
1003,push,0.5,Fire 9,0
1004,push,0.5,Fire 9,0
1005,push,0.5,Fire 9,0
1006,push,0.5,Fire 9,0
1007,push,0.5,Fire 9,0
1008,push,0.5,Fire 9,0
1009,push,0.5,Fire 9,0
1010,push,0.5,Fire 9,0
1011,push,0.5,Fire 9,0
1012,push,0.5,Fire 9,0
1013,push,0.5,Fire 9,0
1014,push,0.5,Fire 9,0
1015,push,0.5,Fire 9,0
1016,push,0.5,Fire 9,0
1017,push,0.5,Fire 9,0
1018,push,0.5,Fire 9,0
1019,push,0.5,Fire 9,0
1020,push,0.5,Fire 9,0
1021,push,0.5,Fire 9,0
1022,push,0.5,Fire 9,0
1023,push,0.5,Fire 9,0
1024,push,0.5,Fire 9,0
1025,push,0.5,Fire 9,0
1026,push,0.5,Fire 9,0
1027,push,0.5,Fire 9,0
1028,push,0.5,Fire 9,0
1029,push,0.5,Fire 9,0
1030,push,0.5,Fire 9,0
1031,push,0.5,Fire 9,0
1032,push,0.5,Fire 9,0
1033,push,0.5,Fire 9,0
1034,push,0.5,Fire 9,0
1035,push,0.5,Fire 9,0
1036,push,0.5,Fire 9,0
1037,push,0.5,Fire 9,0
1038,push,0.5,Fire 9,0
1039,push,0.5,Fire 9,0
1040,push,0.5,Fire 9,0
1041,push,0.5,Fire 9,0
1042,push,0.5,Fire 9,0
1043,push,0.5,Fire 9,0
1044,push,0.5,Fire 9,0
1045,push,0.5,Fire 9,0
1046,push,0.5,Fire 9,0
1047,push,0.5,Fire 9,0
1048,push,0.5,Cockroach 1,0
1049,push,0.5,Cockroach 1,0
1050,push,0.5,Cockroach 1,0
1051,push,0.5,Cockroach 1,0
1052,push,0.5,Cockroach 1,0
1053,push,0.5,Cockroach 1,0
1054,push,0.5,Cockroach 1,0
1055,push,0.5,Cockroach 1,0
1056,push,0.5,Cockroach 1,0
1057,push,0.5,Cockroach 1,0
1058,push,0.5,Cockroach 1,0
1059,push,0.5,Cockroach 1,0
1060,push,0.5,Cockroach 1,0
1061,push,0.5,Cockroach 1,0
1062,push,0.5,Cockroach 1,0
1063,push,0.5,Cockroach 1,0
1064,push,0.5,Cockroach 1,0
1065,push,0.5,Cockroach 1,0
1066,push,0.5,Cockroach 1,0
1067,push,0.5,Cockroach 1,0
1068,push,0.5,Cockroach 1,0
1069,push,0.5,Cockroach 1,0
1070,push,0.5,Cockroach 1,0
1071,push,0.5,Cockroach 1,0
1072,push,0.5,Cockroach 1,0
1073,push,0.5,Cockroach 1,0
1074,push,0.5,Cockroach 1,0
1075,push,0.5,Cockroach 1,0
1076,push,0.5,Cockroach 1,0
1077,push,0.5,Cockroach 1,0
1078,push,0.5,Cockroach 1,0
1079,push,0.5,Cockroach 1,0
1080,push,0.5,Cockroach 1,0
1081,push,0.5,Cockroach 1,0
1082,push,0.5,Cockroach 1,0
1083,push,0.5,Cockroach 1,0
1084,push,0.5,Cockroach 1,0
1085,push,0.5,Cockroach 1,0
1086,push,0.5,Cockroach 1,0
1087,push,0.5,Cockroach 1,0
1088,push,0.5,Cockroach 1,0
1089,push,0.5,Cockroach 1,0
1090,push,0.5,Cockroach 1,0
1091,push,0.5,Cockroach 1,0
1092,push,0.5,Cockroach 1,0
1093,push,0.5,Cockroach 1,0
1094,push,0.5,Cockroach 1,0
1095,push,0.5,Cockroach 1,0
1096,push,0.5,Cockroach 1,0
1097,push,0.5,Cockroach 1,0
1098,push,0.5,Cockroach 1,0
1099,push,0.5,Cockroach 1,0
1100,push,0.5,Cockroach 1,0
1101,push,0.5,Cockroach 1,0
1102,push,0.5,Cockroach 1,0
1103,push,0.5,Cockroach 1,0
1104,push,0.5,Cockroach 1,0
1105,push,0.5,Cockroach 1,0
1106,push,0.5,Cockroach 1,0
1107,push,0.5,Cockroach 1,0
1108,push,0.5,Cockroach 1,0
1109,push,0.5,Cockroach 1,0
1110,push,0.5,Cockroach 1,0
1111,push,0.5,Cockroach 1,0
1112,push,0.5,Cockroach 1,0
1113,push,0.5,Cockroach 1,0
1114,push,0.5,Cockroach 1,0
1115,push,0.5,Cockroach 1,0
1116,push,0.5,Cockroach 1,0
1117,push,0.5,Cockroach 1,0
1118,push,0.5,Cockroach 1,0
1119,push,0.5,Cockroach 1,0
1120,push,0.5,Cockroach 1,0
1121,push,0.5,Cockroach 1,0
1122,push,0.5,Cockroach 1,0
1123,push,0.5,Cockroach 1,0
1124,push,0.5,Cockroach 1,0
1125,push,0.5,Cockroach 1,0
1126,push,0.5,Cockroach 1,0
1127,push,0.5,Cockroach 1,0
1128,push,0.5,Cockroach 1,0
1129,push,0.5,KKK rally 2,0
1130,push,0.5,KKK rally 2,0
1131,push,0.5,KKK rally 2,0
1132,push,0.5,KKK rally 2,0
1133,push,0.5,KKK rally 2,0
1134,push,0.5,KKK rally 2,0
1135,push,0.5,KKK rally 2,0
1136,push,0.5,KKK rally 2,0
1137,push,0.5,KKK rally 2,0
1138,push,0.5,KKK rally 2,0
1139,push,0.5,KKK rally 2,0
1140,push,0.5,KKK rally 2,0
1141,push,0.5,KKK rally 2,0
1142,push,0.5,KKK rally 2,0
1143,push,0.5,KKK rally 2,0
1144,push,0.5,KKK rally 2,0
1145,push,0.5,KKK rally 2,0
1146,push,0.5,KKK rally 2,0
1147,push,0.5,KKK rally 2,0
1148,push,0.5,KKK rally 2,0
1149,push,0.5,KKK rally 2,0
1150,push,0.5,KKK rally 2,0
1151,push,0.5,KKK rally 2,0
1152,push,0.5,KKK rally 2,0
1153,push,0.5,KKK rally 2,0
1154,push,0.5,KKK rally 2,0
1155,push,0.5,KKK rally 2,0
1156,push,0.5,KKK rally 2,0
1157,push,0.5,KKK rally 2,0
1158,push,0.5,KKK rally 2,0
1159,push,0.5,KKK rally 2,0
1160,push,0.5,KKK rally 2,0
1161,push,0.5,KKK rally 2,0
1162,push,0.5,KKK rally 2,0
1163,push,0.5,KKK rally 2,0
1164,push,0.5,KKK rally 2,0
1165,push,0.5,KKK rally 2,0
1166,push,0.5,KKK rally 2,0
1167,push,0.5,KKK rally 2,0
1168,push,0.5,KKK rally 2,0
1169,push,0.5,KKK rally 2,0
1170,push,0.5,KKK rally 2,0
1171,push,0.5,KKK rally 2,0
1172,push,0.5,KKK rally 2,0
1173,push,0.5,KKK rally 2,0
1174,push,0.5,KKK rally 2,0
1175,push,0.5,KKK rally 2,0
1176,push,0.5,KKK rally 2,0
1177,push,0.5,KKK rally 2,0
1178,push,0.5,KKK rally 2,0
1179,push,0.5,KKK rally 2,0
1180,push,0.5,KKK rally 2,0
1181,push,0.5,KKK rally 2,0
1182,push,0.5,KKK rally 2,0
1183,push,0.5,KKK rally 2,0
1184,push,0.5,KKK rally 2,0
1185,push,0.5,KKK rally 2,0
1186,push,0.5,KKK rally 2,0
1187,push,0.5,KKK rally 2,0
1188,push,0.5,KKK rally 2,0
1189,push,0.5,KKK rally 2,0
1190,push,0.5,KKK rally 2,0
1191,push,0.5,KKK rally 2,0
1192,push,0.5,KKK rally 2,0
1193,push,0.5,KKK rally 2,0
1194,push,0.5,KKK rally 2,0
1195,push,0.5,KKK rally 2,0
1196,push,0.5,KKK rally 2,0
1197,push,0.5,KKK rally 2,0
1198,push,0.5,KKK rally 2,0
1199,push,0.5,KKK rally 2,0
1200,push,0.5,KKK rally 2,0
1201,push,0.5,KKK rally 2,0
1202,push,0.5,KKK rally 2,0
1203,push,0.5,KKK rally 2,0
1204,push,0.5,KKK rally 2,0
1205,push,0.5,KKK rally 2,0
1206,push,0.5,KKK rally 2,0
1207,push,0.5,KKK rally 2,0
1208,push,0.5,KKK rally 2,0
1209,push,0.5,KKK rally 2,0
1210,push,0.5,Stingray 1,0
1211,push,0.5,Stingray 1,0
1212,push,0.5,Stingray 1,0
1213,push,0.5,Stingray 1,0
1214,push,0.5,Stingray 1,0
1215,push,0.5,Stingray 1,0
1216,push,0.5,Stingray 1,0
1217,push,0.5,Stingray 1,0
1218,push,0.5,Stingray 1,0
1219,push,0.5,Stingray 1,0
1220,push,0.5,Stingray 1,0
1221,push,0.5,Stingray 1,0
1222,push,0.5,Stingray 1,0
1223,push,0.5,Stingray 1,0
1224,push,0.5,Stingray 1,0
1225,push,0.5,Stingray 1,0
1226,push,0.5,Stingray 1,0
1227,push,0.5,Stingray 1,0
1228,push,0.5,Stingray 1,0
1229,push,0.5,Stingray 1,0
1230,push,0.5,Stingray 1,0
1231,push,0.5,Stingray 1,0
1232,push,0.5,Stingray 1,0
1233,push,0.5,Stingray 1,0
1234,push,0.5,Stingray 1,0
1235,push,0.5,Stingray 1,0
1236,push,0.5,Stingray 1,0
1237,push,0.5,Stingray 1,0
1238,push,0.5,Stingray 1,0
1239,push,0.5,Stingray 1,0
1240,push,0.5,Stingray 1,0
1241,push,0.5,Stingray 1,0
1242,push,0.5,Stingray 1,0
1243,push,0.5,Stingray 1,0
1244,push,0.5,Stingray 1,0
1245,push,0.5,Stingray 1,0
1246,push,0.5,Stingray 1,0
1247,push,0.5,Stingray 1,0
1248,push,0.5,Stingray 1,0
1249,push,0.5,Stingray 1,0
1250,push,0.5,Stingray 1,0
1251,push,0.5,Stingray 1,0
1252,push,0.5,Stingray 1,0
1253,push,0.5,Stingray 1,0
1254,push,0.5,Stingray 1,0
1255,push,0.5,Stingray 1,0
1256,push,0.5,Stingray 1,0
1257,push,0.5,Stingray 1,0
1258,push,0.5,Stingray 1,0
1259,push,0.5,Stingray 1,0
1260,push,0.5,Stingray 1,0
1261,push,0.5,Stingray 1,0
1262,push,0.5,Stingray 1,0
1263,push,0.5,Stingray 1,0
1264,push,0.5,Stingray 1,0
1265,push,0.5,Stingray 1,0
1266,push,0.5,Stingray 1,0
1267,push,0.5,Stingray 1,0
1268,push,0.5,Stingray 1,0
1269,push,0.5,Stingray 1,0
1270,push,0.5,Stingray 1,0
1271,push,0.5,Stingray 1,0
1272,push,0.5,Stingray 1,0
1273,push,0.5,Stingray 1,0
1274,push,0.5,Stingray 1,0
1275,push,0.5,Stingray 1,0
1276,push,0.5,Stingray 1,0
1277,push,0.5,Stingray 1,0
1278,push,0.5,Stingray 1,0
1279,push,0.5,Stingray 1,0
1280,push,0.5,Stingray 1,0
1281,push,0.5,Stingray 1,0
1282,push,0.5,Stingray 1,0
1283,push,0.5,Stingray 1,0
1284,push,0.5,Stingray 1,0
1285,push,0.5,Stingray 1,0
1286,push,0.5,Stingray 1,0
1287,push,0.5,Stingray 1,0
1288,push,0.5,Stingray 1,0
1289,push,0.5,Stingray 1,0
1290,push,0.5,Stingray 1,0
1291,push,0.5,Exercise 2,0
1292,push,0.5,Exercise 2,0
1293,push,0.5,Exercise 2,0
1294,push,0.5,Exercise 2,0
1295,push,0.5,Exercise 2,0
1296,push,0.5,Exercise 2,0
1297,push,0.5,Exercise 2,0
1298,push,0.5,Exercise 2,0
1299,push,0.5,Exercise 2,0
1300,push,0.5,Exercise 2,0
1301,push,0.5,Exercise 2,0
1302,push,0.5,Exercise 2,0
1303,push,0.5,Exercise 2,0
1304,push,0.5,Exercise 2,0
1305,push,0.5,Exercise 2,0
1306,push,0.5,Exercise 2,0
1307,push,0.5,Exercise 2,0
1308,push,0.5,Exercise 2,0
1309,push,0.5,Exercise 2,0
1310,push,0.5,Exercise 2,0
1311,push,0.5,Exercise 2,0
1312,push,0.5,Exercise 2,0
1313,push,0.5,Exercise 2,0
1314,push,0.5,Exercise 2,0
1315,push,0.5,Exercise 2,0
1316,push,0.5,Exercise 2,0
1317,push,0.5,Exercise 2,0
1318,push,0.5,Exercise 2,0
1319,push,0.5,Exercise 2,0
1320,push,0.5,Exercise 2,0
1321,push,0.5,Exercise 2,0
1322,push,0.5,Exercise 2,0
1323,push,0.5,Exercise 2,0
1324,push,0.5,Exercise 2,0
1325,push,0.5,Exercise 2,0
1326,push,0.5,Exercise 2,0
1327,push,0.5,Exercise 2,0
1328,push,0.5,Exercise 2,0
1329,push,0.5,Exercise 2,0
1330,push,0.5,Exercise 2,0
1331,push,0.5,Exercise 2,0
1332,push,0.5,Exercise 2,0
1333,push,0.5,Exercise 2,0
1334,push,0.5,Exercise 2,0
1335,push,0.5,Exercise 2,0
1336,push,0.5,Exercise 2,0
1337,push,0.5,Exercise 2,0
1338,push,0.5,Exercise 2,0
1339,push,0.5,Exercise 2,0
1340,push,0.5,Exercise 2,0
1341,push,0.5,Exercise 2,0
1342,push,0.5,Exercise 2,0
1343,push,0.5,Exercise 2,0
1344,push,0.5,Exercise 2,0
1345,push,0.5,Exercise 2,0
1346,push,0.5,Exercise 2,0
1347,push,0.5,Exercise 2,0
1348,push,0.5,Exercise 2,0
1349,push,0.5,Exercise 2,0
1350,push,0.5,Exercise 2,0
1351,push,0.5,Exercise 2,0
1352,push,0.5,Exercise 2,0
1353,push,0.5,Exercise 2,0
1354,push,0.5,Exercise 2,0
1355,push,0.5,Exercise 2,0
1356,push,0.5,Exercise 2,0
1357,push,0.5,Exercise 2,0
1358,push,0.5,Exercise 2,0
1359,push,0.5,Exercise 2,0
1360,push,0.5,Exercise 2,0
1361,push,0.5,Exercise 2,0
1362,push,0.5,Exercise 2,0
1363,push,0.5,Exercise 2,0
1364,push,0.5,Exercise 2,0
1365,push,0.5,Exercise 2,0
1366,push,0.5,Exercise 2,0
1367,push,0.5,Exercise 2,0
1368,push,0.5,Exercise 2,0
1369,push,0.5,Exercise 2,0
1370,push,0.5,Exercise 2,0
1371,push,0.5,Dead bodies 3,0
1372,push,0.5,Dead bodies 3,0
1373,push,0.5,Dead bodies 3,0
1374,push,0.5,Dead bodies 3,0
1375,push,0.5,Dead bodies 3,0
1376,push,0.5,Dead bodies 3,0
1377,push,0.5,Dead bodies 3,0
1378,push,0.5,Dead bodies 3,0
1379,push,0.5,Dead bodies 3,0
1380,push,0.5,Dead bodies 3,0
1381,push,0.5,Dead bodies 3,0
1382,push,0.5,Dead bodies 3,0
1383,push,0.5,Dead bodies 3,0
1384,push,0.5,Dead bodies 3,0
1385,push,0.5,Dead bodies 3,0
1386,push,0.5,Dead bodies 3,0
1387,push,0.5,Dead bodies 3,0
1388,push,0.5,Dead bodies 3,0
1389,push,0.5,Dead bodies 3,0
1390,push,0.5,Dead bodies 3,0
1391,push,0.5,Dead bodies 3,0
1392,push,0.5,Dead bodies 3,0
1393,push,0.5,Dead bodies 3,0
1394,push,0.5,Dead bodies 3,0
1395,push,0.5,Dead bodies 3,0
1396,push,0.5,Dead bodies 3,0
1397,push,0.5,Dead bodies 3,0
1398,push,0.5,Dead bodies 3,0
1399,push,0.5,Dead bodies 3,0
1400,push,0.5,Dead bodies 3,0
1401,push,0.5,Dead bodies 3,0
1402,push,0.5,Dead bodies 3,0
1403,push,0.5,Dead bodies 3,0
1404,push,0.5,Dead bodies 3,0
1405,push,0.5,Dead bodies 3,0
1406,push,0.5,Dead bodies 3,0
1407,push,0.5,Dead bodies 3,0
1408,push,0.5,Dead bodies 3,0
1409,push,0.5,Dead bodies 3,0
1410,push,0.5,Dead bodies 3,0
1411,push,0.5,Dead bodies 3,0
1412,push,0.5,Dead bodies 3,0
1413,push,0.5,Dead bodies 3,0
1414,push,0.5,Dead bodies 3,0
1415,push,0.5,Dead bodies 3,0
1416,push,0.5,Dead bodies 3,0
1417,push,0.5,Dead bodies 3,0
1418,push,0.5,Dead bodies 3,0
1419,push,0.5,Dead bodies 3,0
1420,push,0.5,Dead bodies 3,0
1421,push,0.5,Dead bodies 3,0
1422,push,0.5,Dead bodies 3,0
1423,push,0.5,Dead bodies 3,0
1424,push,0.5,Dead bodies 3,0
1425,push,0.5,Dead bodies 3,0
1426,push,0.5,Dead bodies 3,0
1427,push,0.5,Dead bodies 3,0
1428,push,0.5,Dead bodies 3,0
1429,push,0.5,Dead bodies 3,0
1430,push,0.5,Dead bodies 3,0
1431,push,0.5,Dead bodies 3,0
1432,push,0.5,Dead bodies 3,0
1433,push,0.5,Dead bodies 3,0
1434,push,0.5,Dead bodies 3,0
1435,push,0.5,Dead bodies 3,0
1436,push,0.5,Dead bodies 3,0
1437,push,0.5,Dead bodies 3,0
1438,push,0.5,Dead bodies 3,0
1439,push,0.5,Dead bodies 3,0
1440,push,0.5,Dead bodies 3,0
1441,push,0.5,Dead bodies 3,0
1442,push,0.5,Dead bodies 3,0
1443,push,0.5,Dead bodies 3,0
1444,push,0.5,Dead bodies 3,0
1445,push,0.5,Dead bodies 3,0
1446,push,0.5,Dead bodies 3,0
1447,push,0.5,Dead bodies 3,0
1448,push,0.5,Dead bodies 3,0
1449,push,0.5,Dead bodies 3,0
1450,push,0.5,Dead bodies 3,0
1451,push,0.5,Dead bodies 3,0
1452,push,0.5,Explosion 6,0
1453,push,0.5,Explosion 6,0
1454,push,0.5,Explosion 6,0
1455,push,0.5,Explosion 6,0
1456,push,0.5,Explosion 6,0
1457,push,0.5,Explosion 6,0
1458,push,0.5,Explosion 6,0
1459,push,0.5,Explosion 6,0
1460,push,0.5,Explosion 6,0
1461,push,0.5,Explosion 6,0
1462,push,0.5,Explosion 6,0
1463,push,0.5,Explosion 6,0
1464,push,0.5,Explosion 6,0
1465,push,0.5,Explosion 6,0
1466,push,0.5,Explosion 6,0
1467,push,0.5,Explosion 6,0
1468,push,0.5,Explosion 6,0
1469,push,0.5,Explosion 6,0
1470,push,0.5,Explosion 6,0
1471,push,0.5,Explosion 6,0
1472,push,0.5,Explosion 6,0
1473,push,0.5,Explosion 6,0
1474,push,0.5,Explosion 6,0
1475,push,0.5,Explosion 6,0
1476,push,0.5,Explosion 6,0
1477,push,0.5,Explosion 6,0
1478,push,0.5,Explosion 6,0
1479,push,0.5,Explosion 6,0
1480,push,0.5,Explosion 6,0
1481,push,0.5,Explosion 6,0
1482,push,0.5,Explosion 6,0
1483,push,0.5,Explosion 6,0
1484,push,0.5,Explosion 6,0
1485,push,0.5,Explosion 6,0
1486,push,0.5,Explosion 6,0
1487,push,0.5,Explosion 6,0
1488,push,0.5,Explosion 6,0
1489,push,0.5,Explosion 6,0
1490,push,0.5,Explosion 6,0
1491,push,0.5,Explosion 6,0
1492,push,0.5,Explosion 6,0
1493,push,0.5,Explosion 6,0
1494,push,0.5,Explosion 6,0
1495,push,0.5,Explosion 6,0
1496,push,0.5,Explosion 6,0
1497,push,0.5,Explosion 6,0
1498,push,0.5,Explosion 6,0
1499,push,0.5,Explosion 6,0
1500,push,0.5,Explosion 6,0
1501,push,0.5,Explosion 6,0
1502,push,0.5,Explosion 6,0
1503,push,0.5,Explosion 6,0
1504,push,0.5,Explosion 6,0
1505,push,0.5,Explosion 6,0
1506,push,0.5,Explosion 6,0
1507,push,0.5,Explosion 6,0
1508,push,0.5,Explosion 6,0
1509,push,0.5,Explosion 6,0
1510,push,0.5,Explosion 6,0
1511,push,0.5,Explosion 6,0
1512,push,0.5,Explosion 6,0
1513,push,0.5,Explosion 6,0
1514,push,0.5,Explosion 6,0
1515,push,0.5,Explosion 6,0
1516,push,0.5,Explosion 6,0
1517,push,0.5,Explosion 6,0
1518,push,0.5,Explosion 6,0
1519,push,0.5,Explosion 6,0
1520,push,0.5,Explosion 6,0
1521,push,0.5,Explosion 6,0
1522,push,0.5,Explosion 6,0
1523,push,0.5,Explosion 6,0
1524,push,0.5,Explosion 6,0
1525,push,0.5,Explosion 6,0
1526,push,0.5,Explosion 6,0
1527,push,0.5,Explosion 6,0
1528,push,0.5,Explosion 6,0
1529,push,0.5,Explosion 6,0
1530,push,0.5,Explosion 6,0
1531,push,0.5,Explosion 6,0
1532,push,0.5,Explosion 6,0
1533,push,0.5,Seal 1,0
1534,push,0.5,Seal 1,0
1535,push,0.5,Seal 1,0
1536,push,0.5,Seal 1,0
1537,push,0.5,Seal 1,0
1538,push,0.5,Seal 1,0
1539,push,0.5,Seal 1,0
1540,push,0.5,Seal 1,0
1541,push,0.5,Seal 1,0
1542,push,0.5,Seal 1,0
1543,push,0.5,Seal 1,0
1544,push,0.5,Seal 1,0
1545,push,0.5,Seal 1,0
1546,push,0.5,Seal 1,0
1547,push,0.5,Seal 1,0
1548,push,0.5,Seal 1,0
1549,push,0.5,Seal 1,0
1550,push,0.5,Seal 1,0
1551,push,0.5,Seal 1,0
1552,push,0.5,Seal 1,0
1553,push,0.5,Seal 1,0
1554,push,0.5,Seal 1,0
1555,push,0.5,Seal 1,0
1556,push,0.5,Seal 1,0
1557,push,0.5,Seal 1,0
1558,push,0.5,Seal 1,0
1559,push,0.5,Seal 1,0
1560,push,0.5,Seal 1,0
1561,push,0.5,Seal 1,0
1562,push,0.5,Seal 1,0
1563,push,0.5,Seal 1,0
1564,push,0.5,Seal 1,0
1565,push,0.5,Seal 1,0
1566,push,0.5,Seal 1,0
1567,push,0.5,Seal 1,0
1568,push,0.5,Seal 1,0
1569,push,0.5,Seal 1,0
1570,push,0.5,Seal 1,0
1571,push,0.5,Seal 1,0
1572,push,0.5,Seal 1,0
1573,push,0.5,Seal 1,0
1574,push,0.5,Seal 1,0
1575,push,0.5,Seal 1,0
1576,push,0.5,Seal 1,0
1577,push,0.5,Seal 1,0
1578,push,0.5,Seal 1,0
1579,push,0.5,Seal 1,0
1580,push,0.5,Seal 1,0
1581,push,0.5,Seal 1,0
1582,push,0.5,Seal 1,0
1583,push,0.5,Seal 1,0
1584,push,0.5,Seal 1,0
1585,push,0.5,Seal 1,0
1586,push,0.5,Seal 1,0
1587,push,0.5,Seal 1,0
1588,push,0.5,Seal 1,0
1589,push,0.5,Seal 1,0
1590,push,0.5,Seal 1,0
1591,push,0.5,Seal 1,0
1592,push,0.5,Seal 1,0
1593,push,0.5,Seal 1,0
1594,push,0.5,Seal 1,0
1595,push,0.5,Seal 1,0
1596,push,0.5,Seal 1,0
1597,push,0.5,Seal 1,0
1598,push,0.5,Seal 1,0
1599,push,0.5,Seal 1,0
1600,push,0.5,Seal 1,0
1601,push,0.5,Seal 1,0
1602,push,0.5,Seal 1,0
1603,push,0.5,Seal 1,0
1604,push,0.5,Seal 1,0
1605,push,0.5,Seal 1,0
1606,push,0.5,Seal 1,0
1607,push,0.5,Seal 1,0
1608,push,0.5,Seal 1,0
1609,push,0.5,Seal 1,0
1610,push,0.5,Seal 1,0
1611,push,0.5,Seal 1,0
1612,push,0.5,Seal 1,0
1613,push,0.5,Seal 1,0
1614,push,0.5,Pollution 1,0
1615,push,0.5,Pollution 1,0
1616,push,0.5,Pollution 1,0
1617,push,0.5,Pollution 1,0
1618,push,0.5,Pollution 1,0
1619,push,0.5,Pollution 1,0
1620,push,0.5,Pollution 1,0
1621,push,0.5,Pollution 1,0
1622,push,0.5,Pollution 1,0
1623,push,0.5,Pollution 1,0
1624,push,0.5,Pollution 1,0
1625,push,0.5,Pollution 1,0
1626,push,0.5,Pollution 1,0
1627,push,0.5,Pollution 1,0
1628,push,0.5,Pollution 1,0
1629,push,0.5,Pollution 1,0
1630,push,0.5,Pollution 1,0
1631,push,0.5,Pollution 1,0
1632,push,0.5,Pollution 1,0
1633,push,0.5,Pollution 1,0
1634,push,0.5,Pollution 1,0
1635,push,0.5,Pollution 1,0
1636,push,0.5,Pollution 1,0
1637,push,0.5,Pollution 1,0
1638,push,0.5,Pollution 1,0
1639,push,0.5,Pollution 1,0
1640,push,0.5,Pollution 1,0
1641,push,0.5,Pollution 1,0
1642,push,0.5,Pollution 1,0
1643,push,0.5,Pollution 1,0
1644,push,0.5,Pollution 1,0
1645,push,0.5,Pollution 1,0
1646,push,0.5,Pollution 1,0
1647,push,0.5,Pollution 1,0
1648,push,0.5,Pollution 1,0
1649,push,0.5,Pollution 1,0
1650,push,0.5,Pollution 1,0
1651,push,0.5,Pollution 1,0
1652,push,0.5,Pollution 1,0
1653,push,0.5,Pollution 1,0
1654,push,0.5,Pollution 1,0
1655,push,0.5,Pollution 1,0
1656,push,0.5,Pollution 1,0
1657,push,0.5,Pollution 1,0
1658,push,0.5,Pollution 1,0
1659,push,0.5,Pollution 1,0
1660,push,0.5,Pollution 1,0
1661,push,0.5,Pollution 1,0
1662,push,0.5,Pollution 1,0
1663,push,0.5,Pollution 1,0
1664,push,0.5,Pollution 1,0
1665,push,0.5,Pollution 1,0
1666,push,0.5,Pollution 1,0
1667,push,0.5,Pollution 1,0
1668,push,0.5,Pollution 1,0
1669,push,0.5,Pollution 1,0
1670,push,0.5,Pollution 1,0
1671,push,0.5,Pollution 1,0
1672,push,0.5,Pollution 1,0
1673,push,0.5,Pollution 1,0
1674,push,0.5,Pollution 1,0
1675,push,0.5,Pollution 1,0
1676,push,0.5,Pollution 1,0
1677,push,0.5,Pollution 1,0
1678,push,0.5,Pollution 1,0
1679,push,0.5,Pollution 1,0
1680,push,0.5,Pollution 1,0
1681,push,0.5,Pollution 1,0
1682,push,0.5,Pollution 1,0
1683,push,0.5,Pollution 1,0
1684,push,0.5,Pollution 1,0
1685,push,0.5,Pollution 1,0
1686,push,0.5,Pollution 1,0
1687,push,0.5,Pollution 1,0
1688,push,0.5,Pollution 1,0
1689,push,0.5,Pollution 1,0
1690,push,0.5,Pollution 1,0
1691,push,0.5,Pollution 1,0
1692,push,0.5,Pollution 1,0
1693,push,0.5,Pollution 1,0
1694,push,0.5,Pollution 1,0
1695,push,0.5,Parachuting 4,0
1696,push,0.5,Parachuting 4,0
1697,push,0.5,Parachuting 4,0
1698,push,0.5,Parachuting 4,0
1699,push,0.5,Parachuting 4,0
1700,push,0.5,Parachuting 4,0
1701,push,0.5,Parachuting 4,0
1702,push,0.5,Parachuting 4,0
1703,push,0.5,Parachuting 4,0
1704,push,0.5,Parachuting 4,0
1705,push,0.5,Parachuting 4,0
1706,push,0.5,Parachuting 4,0
1707,push,0.5,Parachuting 4,0
1708,push,0.5,Parachuting 4,0
1709,push,0.5,Parachuting 4,0
1710,push,0.5,Parachuting 4,0
1711,push,0.5,Parachuting 4,0
1712,push,0.5,Parachuting 4,0
1713,push,0.5,Parachuting 4,0
1714,push,0.5,Parachuting 4,0
1715,push,0.5,Parachuting 4,0
1716,push,0.5,Parachuting 4,0
1717,push,0.5,Parachuting 4,0
1718,push,0.5,Parachuting 4,0
1719,push,0.5,Parachuting 4,0
1720,push,0.5,Parachuting 4,0
1721,push,0.5,Parachuting 4,0
1722,push,0.5,Parachuting 4,0
1723,push,0.5,Parachuting 4,0
1724,push,0.5,Parachuting 4,0
1725,push,0.5,Parachuting 4,0
1726,push,0.5,Parachuting 4,0
1727,push,0.5,Parachuting 4,0
1728,push,0.5,Parachuting 4,0
1729,push,0.5,Parachuting 4,0
1730,push,0.5,Parachuting 4,0
1731,push,0.5,Parachuting 4,0
1732,push,0.5,Parachuting 4,0
1733,push,0.5,Parachuting 4,0
1734,push,0.5,Parachuting 4,0
1735,push,0.5,Parachuting 4,0
1736,push,0.5,Parachuting 4,0
1737,push,0.5,Parachuting 4,0
1738,push,0.5,Parachuting 4,0
1739,push,0.5,Parachuting 4,0
1740,push,0.5,Parachuting 4,0
1741,push,0.5,Parachuting 4,0
1742,push,0.5,Parachuting 4,0
1743,push,0.5,Parachuting 4,0
1744,push,0.5,Parachuting 4,0
1745,push,0.5,Parachuting 4,0
1746,push,0.5,Parachuting 4,0
1747,push,0.5,Parachuting 4,0
1748,push,0.5,Parachuting 4,0
1749,push,0.5,Parachuting 4,0
1750,push,0.5,Parachuting 4,0
1751,push,0.5,Parachuting 4,0
1752,push,0.5,Parachuting 4,0
1753,push,0.5,Parachuting 4,0
1754,push,0.5,Parachuting 4,0
1755,push,0.5,Parachuting 4,0
1756,push,0.5,Parachuting 4,0
1757,push,0.5,Parachuting 4,0
1758,push,0.5,Parachuting 4,0
1759,push,0.5,Parachuting 4,0
1760,push,0.5,Parachuting 4,0
1761,push,0.5,Parachuting 4,0
1762,push,0.5,Parachuting 4,0
1763,push,0.5,Parachuting 4,0
1764,push,0.5,Parachuting 4,0
1765,push,0.5,Parachuting 4,0
1766,push,0.5,Parachuting 4,0
1767,push,0.5,Parachuting 4,0
1768,push,0.5,Parachuting 4,0
1769,push,0.5,Parachuting 4,0
1770,push,0.5,Parachuting 4,0
1771,push,0.5,Parachuting 4,0
1772,push,0.5,Parachuting 4,0
1773,push,0.5,Parachuting 4,0
1774,push,0.5,Parachuting 4,0
1775,push,0.5,Parachuting 4,0
1776,push,0.5,Dog 6,0
1777,push,0.5,Dog 6,0
1778,push,0.5,Dog 6,0
1779,push,0.5,Dog 6,0
1780,push,0.5,Dog 6,0
1781,push,0.5,Dog 6,0
1782,push,0.5,Dog 6,0
1783,push,0.5,Dog 6,0
1784,push,0.5,Dog 6,0
1785,push,0.5,Dog 6,0
1786,push,0.5,Dog 6,0
1787,push,0.5,Dog 6,0
1788,push,0.5,Dog 6,0
1789,push,0.5,Dog 6,0
1790,push,0.5,Dog 6,0
1791,push,0.5,Dog 6,0
1792,push,0.5,Dog 6,0
1793,push,0.5,Dog 6,0
1794,push,0.5,Dog 6,0
1795,push,0.5,Dog 6,0
1796,push,0.5,Dog 6,0
1797,push,0.5,Dog 6,0
1798,push,0.5,Dog 6,0
1799,push,0.5,Dog 6,0
1800,push,0.5,Dog 6,0
1801,push,0.5,Dog 6,0
1802,push,0.5,Dog 6,0
1803,push,0.5,Dog 6,0
1804,push,0.5,Dog 6,0
1805,push,0.5,Dog 6,0
1806,push,0.5,Dog 6,0
1807,push,0.5,Dog 6,0
1808,push,0.5,Dog 6,0
1809,push,0.5,Dog 6,0
1810,push,0.5,Dog 6,0
1811,push,0.5,Dog 6,0
1812,push,0.5,Dog 6,0
1813,push,0.5,Dog 6,0
1814,push,0.5,Dog 6,0
1815,push,0.5,Dog 6,0
1816,push,0.5,Dog 6,0
1817,push,0.5,Dog 6,0
1818,push,0.5,Dog 6,0
1819,push,0.5,Dog 6,0
1820,push,0.5,Dog 6,0
1821,push,0.5,Dog 6,0
1822,push,0.5,Dog 6,0
1823,push,0.5,Dog 6,0
1824,push,0.5,Dog 6,0
1825,push,0.5,Dog 6,0
1826,push,0.5,Dog 6,0
1827,push,0.5,Dog 6,0
1828,push,0.5,Dog 6,0
1829,push,0.5,Dog 6,0
1830,push,0.5,Dog 6,0
1831,push,0.5,Dog 6,0
1832,push,0.5,Dog 6,0
1833,push,0.5,Dog 6,0
1834,push,0.5,Dog 6,0
1835,push,0.5,Dog 6,0
1836,push,0.5,Dog 6,0
1837,push,0.5,Dog 6,0
1838,push,0.5,Dog 6,0
1839,push,0.5,Dog 6,0
1840,push,0.5,Dog 6,0
1841,push,0.5,Dog 6,0
1842,push,0.5,Dog 6,0
1843,push,0.5,Dog 6,0
1844,push,0.5,Dog 6,0
1845,push,0.5,Dog 6,0
1846,push,0.5,Dog 6,0
1847,push,0.5,Dog 6,0
1848,push,0.5,Dog 6,0
1849,push,0.5,Dog 6,0
1850,push,0.5,Dog 6,0
1851,push,0.5,Dog 6,0
1852,push,0.5,Dog 6,0
1853,push,0.5,Dog 6,0
1854,push,0.5,Dog 6,0
1855,push,0.5,Dog 6,0
1856,push,0.5,Bark 3,0
1857,push,0.5,Bark 3,0
1858,push,0.5,Bark 3,0
1859,push,0.5,Bark 3,0
1860,push,0.5,Bark 3,0
1861,push,0.5,Bark 3,0
1862,push,0.5,Bark 3,0
1863,push,0.5,Bark 3,0
1864,push,0.5,Bark 3,0
1865,push,0.5,Bark 3,0
1866,push,0.5,Bark 3,0
1867,push,0.5,Bark 3,0
1868,push,0.5,Bark 3,0
1869,push,0.5,Bark 3,0
1870,push,0.5,Bark 3,0
1871,push,0.5,Bark 3,0
1872,push,0.5,Bark 3,0
1873,push,0.5,Bark 3,0
1874,push,0.5,Bark 3,0
1875,push,0.5,Bark 3,0
1876,push,0.5,Bark 3,0
1877,push,0.5,Bark 3,0
1878,push,0.5,Bark 3,0
1879,push,0.5,Bark 3,0
1880,push,0.5,Bark 3,0
1881,push,0.5,Bark 3,0
1882,push,0.5,Bark 3,0
1883,push,0.5,Bark 3,0
1884,push,0.5,Bark 3,0
1885,push,0.5,Bark 3,0
1886,push,0.5,Bark 3,0
1887,push,0.5,Bark 3,0
1888,push,0.5,Bark 3,0
1889,push,0.5,Bark 3,0
1890,push,0.5,Bark 3,0
1891,push,0.5,Bark 3,0
1892,push,0.5,Bark 3,0
1893,push,0.5,Bark 3,0
1894,push,0.5,Bark 3,0
1895,push,0.5,Bark 3,0
1896,push,0.5,Bark 3,0
1897,push,0.5,Bark 3,0
1898,push,0.5,Bark 3,0
1899,push,0.5,Bark 3,0
1900,push,0.5,Bark 3,0
1901,push,0.5,Bark 3,0
1902,push,0.5,Bark 3,0
1903,push,0.5,Bark 3,0
1904,push,0.5,Bark 3,0
1905,push,0.5,Bark 3,0
1906,push,0.5,Bark 3,0
1907,push,0.5,Bark 3,0
1908,push,0.5,Bark 3,0
1909,push,0.5,Bark 3,0
1910,push,0.5,Bark 3,0
1911,push,0.5,Bark 3,0
1912,push,0.5,Bark 3,0
1913,push,0.5,Bark 3,0
1914,push,0.5,Bark 3,0
1915,push,0.5,Bark 3,0
1916,push,0.5,Bark 3,0
1917,push,0.5,Bark 3,0
1918,push,0.5,Bark 3,0
1919,push,0.5,Bark 3,0
1920,push,0.5,Bark 3,0
1921,push,0.5,Bark 3,0
1922,push,0.5,Bark 3,0
1923,push,0.5,Bark 3,0
1924,push,0.5,Bark 3,0
1925,push,0.5,Bark 3,0
1926,push,0.5,Bark 3,0
1927,push,0.5,Bark 3,0
1928,push,0.5,Bark 3,0
1929,push,0.5,Bark 3,0
1930,push,0.5,Bark 3,0
1931,push,0.5,Bark 3,0
1932,push,0.5,Bark 3,0
1933,push,0.5,Bark 3,0
1934,push,0.5,Bark 3,0
1935,push,0.5,Bark 3,0
1936,push,0.5,Bark 3,0
1937,push,0.5,Bark 3,0
1938,push,0.5,Neutral face 4,0
1939,push,0.5,Neutral face 4,0
1940,push,0.5,Neutral face 4,0
1941,push,0.5,Neutral face 4,0
1942,push,0.5,Neutral face 4,0
1943,push,0.5,Neutral face 4,0
1944,push,0.5,Neutral face 4,0
1945,push,0.5,Neutral face 4,0
1946,push,0.5,Neutral face 4,0
1947,push,0.5,Neutral face 4,0
1948,push,0.5,Neutral face 4,0
1949,push,0.5,Neutral face 4,0
1950,push,0.5,Neutral face 4,0
1951,push,0.5,Neutral face 4,0
1952,push,0.5,Neutral face 4,0
1953,push,0.5,Neutral face 4,0
1954,push,0.5,Neutral face 4,0
1955,push,0.5,Neutral face 4,0
1956,push,0.5,Neutral face 4,0
1957,push,0.5,Neutral face 4,0
1958,push,0.5,Neutral face 4,0
1959,push,0.5,Neutral face 4,0
1960,push,0.5,Neutral face 4,0
1961,push,0.5,Neutral face 4,0
1962,push,0.5,Neutral face 4,0
1963,push,0.5,Neutral face 4,0
1964,push,0.5,Neutral face 4,0
1965,push,0.5,Neutral face 4,0
1966,push,0.5,Neutral face 4,0
1967,push,0.5,Neutral face 4,0
1968,push,0.5,Neutral face 4,0
1969,push,0.5,Neutral face 4,0
1970,push,0.5,Neutral face 4,0
1971,push,0.5,Neutral face 4,0
1972,push,0.5,Neutral face 4,0
1973,push,0.5,Neutral face 4,0
1974,push,0.5,Neutral face 4,0
1975,push,0.5,Neutral face 4,0
1976,push,0.5,Neutral face 4,0
1977,push,0.5,Neutral face 4,0
1978,push,0.5,Neutral face 4,0
1979,push,0.5,Neutral face 4,0
1980,push,0.5,Neutral face 4,0
1981,push,0.5,Neutral face 4,0
1982,push,0.5,Neutral face 4,0
1983,push,0.5,Neutral face 4,0
1984,push,0.5,Neutral face 4,0
1985,push,0.5,Neutral face 4,0
1986,push,0.5,Neutral face 4,0
1987,push,0.5,Neutral face 4,0
1988,push,0.5,Neutral face 4,0
1989,push,0.5,Neutral face 4,0
1990,push,0.5,Neutral face 4,0
1991,push,0.5,Neutral face 4,0
1992,push,0.5,Neutral face 4,0
1993,push,0.5,Neutral face 4,0
1994,push,0.5,Neutral face 4,0
1995,push,0.5,Neutral face 4,0
1996,push,0.5,Neutral face 4,0
1997,push,0.5,Neutral face 4,0
1998,push,0.5,Neutral face 4,0
1999,push,0.5,Neutral face 4,0
2000,push,0.5,Neutral face 4,0
2001,push,0.5,Neutral face 4,0
2002,push,0.5,Neutral face 4,0
2003,push,0.5,Neutral face 4,0
2004,push,0.5,Neutral face 4,0
2005,push,0.5,Neutral face 4,0
2006,push,0.5,Neutral face 4,0
2007,push,0.5,Neutral face 4,0
2008,push,0.5,Neutral face 4,0
2009,push,0.5,Neutral face 4,0
2010,push,0.5,Neutral face 4,0
2011,push,0.5,Neutral face 4,0
2012,push,0.5,Neutral face 4,0
2013,push,0.5,Neutral face 4,0
2014,push,0.5,Neutral face 4,0
2015,push,0.5,Neutral face 4,0
2016,push,0.5,Neutral face 4,0
2017,push,0.5,Neutral face 4,0
2018,push,0.5,Sunset 3,0
2019,push,0.5,Sunset 3,0
2020,push,0.5,Sunset 3,0
2021,push,0.5,Sunset 3,0
2022,push,0.5,Sunset 3,0
2023,push,0.5,Sunset 3,0
2024,push,0.5,Sunset 3,0
2025,push,0.5,Sunset 3,0
2026,push,0.5,Sunset 3,0
2027,push,0.5,Sunset 3,0
2028,push,0.5,Sunset 3,0
2029,push,0.5,Sunset 3,0
2030,push,0.5,Sunset 3,0
2031,push,0.5,Sunset 3,0
2032,push,0.5,Sunset 3,0
2033,push,0.5,Sunset 3,0
2034,push,0.5,Sunset 3,0
2035,push,0.5,Sunset 3,0
2036,push,0.5,Sunset 3,0
2037,push,0.5,Sunset 3,0
2038,push,0.5,Sunset 3,0
2039,push,0.5,Sunset 3,0
2040,push,0.5,Sunset 3,0
2041,push,0.5,Sunset 3,0
2042,push,0.5,Sunset 3,0
2043,push,0.5,Sunset 3,0
2044,push,0.5,Sunset 3,0
2045,push,0.5,Sunset 3,0
2046,push,0.5,Sunset 3,0
2047,push,0.5,Sunset 3,0
2048,push,0.5,Sunset 3,0
2049,push,0.5,Sunset 3,0
2050,push,0.5,Sunset 3,0
2051,push,0.5,Sunset 3,0
2052,push,0.5,Sunset 3,0
2053,push,0.5,Sunset 3,0
2054,push,0.5,Sunset 3,0
2055,push,0.5,Sunset 3,0
2056,push,0.5,Sunset 3,0
2057,push,0.5,Sunset 3,0
2058,push,0.5,Sunset 3,0
2059,push,0.5,Sunset 3,0
2060,push,0.5,Sunset 3,0
2061,push,0.5,Sunset 3,0
2062,push,0.5,Sunset 3,0
2063,push,0.5,Sunset 3,0
2064,push,0.5,Sunset 3,0
2065,push,0.5,Sunset 3,0
2066,push,0.5,Sunset 3,0
2067,push,0.5,Sunset 3,0
2068,push,0.5,Sunset 3,0
2069,push,0.5,Sunset 3,0
2070,push,0.5,Sunset 3,0
2071,push,0.5,Sunset 3,0
2072,push,0.5,Sunset 3,0
2073,push,0.5,Sunset 3,0
2074,push,0.5,Sunset 3,0
2075,push,0.5,Sunset 3,0
2076,push,0.5,Sunset 3,0
2077,push,0.5,Sunset 3,0
2078,push,0.5,Sunset 3,0
2079,push,0.5,Sunset 3,0
2080,push,0.5,Sunset 3,0
2081,push,0.5,Sunset 3,0
2082,push,0.5,Sunset 3,0
2083,push,0.5,Sunset 3,0
2084,push,0.5,Sunset 3,0
2085,push,0.5,Sunset 3,0
2086,push,0.5,Sunset 3,0
2087,push,0.5,Sunset 3,0
2088,push,0.5,Sunset 3,0
2089,push,0.5,Sunset 3,0
2090,push,0.5,Sunset 3,0
2091,push,0.5,Sunset 3,0
2092,push,0.5,Sunset 3,0
2093,push,0.5,Sunset 3,0
2094,push,0.5,Sunset 3,0
2095,push,0.5,Sunset 3,0
2096,push,0.5,Sunset 3,0
2097,push,0.5,Sunset 3,0
2098,push,0.5,Sunset 3,0
2099,push,0.5,Snake 4,0
2100,push,0.5,Snake 4,0
2101,push,0.5,Snake 4,0
2102,push,0.5,Snake 4,0
2103,push,0.5,Snake 4,0
2104,push,0.5,Snake 4,0
2105,push,0.5,Snake 4,0
2106,push,0.5,Snake 4,0
2107,push,0.5,Snake 4,0
2108,push,0.5,Snake 4,0
2109,push,0.5,Snake 4,0
2110,push,0.5,Snake 4,0
2111,push,0.5,Snake 4,0
2112,push,0.5,Snake 4,0
2113,push,0.5,Snake 4,0
2114,push,0.5,Snake 4,0
2115,push,0.5,Snake 4,0
2116,push,0.5,Snake 4,0
2117,push,0.5,Snake 4,0
2118,push,0.5,Snake 4,0
2119,push,0.5,Snake 4,0
2120,push,0.5,Snake 4,0
2121,push,0.5,Snake 4,0
2122,push,0.5,Snake 4,0
2123,push,0.5,Snake 4,0
2124,push,0.5,Snake 4,0
2125,push,0.5,Snake 4,0
2126,push,0.5,Snake 4,0
2127,push,0.5,Snake 4,0
2128,push,0.5,Snake 4,0
2129,push,0.5,Snake 4,0
2130,push,0.5,Snake 4,0
2131,push,0.5,Snake 4,0
2132,push,0.5,Snake 4,0
2133,push,0.5,Snake 4,0
2134,push,0.5,Snake 4,0
2135,push,0.5,Snake 4,0
2136,push,0.5,Snake 4,0
2137,push,0.5,Snake 4,0
2138,push,0.5,Snake 4,0
2139,push,0.5,Snake 4,0
2140,push,0.5,Snake 4,0
2141,push,0.5,Snake 4,0
2142,push,0.5,Snake 4,0
2143,push,0.5,Snake 4,0
2144,push,0.5,Snake 4,0
2145,push,0.5,Snake 4,0
2146,push,0.5,Snake 4,0
2147,push,0.5,Snake 4,0
2148,push,0.5,Snake 4,0
2149,push,0.5,Snake 4,0
2150,push,0.5,Snake 4,0
2151,push,0.5,Snake 4,0
2152,push,0.5,Snake 4,0
2153,push,0.5,Snake 4,0
2154,push,0.5,Snake 4,0
2155,push,0.5,Snake 4,0
2156,push,0.5,Snake 4,0
2157,push,0.5,Snake 4,0
2158,push,0.5,Snake 4,0
2159,push,0.5,Snake 4,0
2160,push,0.5,Snake 4,0
2161,push,0.5,Snake 4,0
2162,push,0.5,Snake 4,0
2163,push,0.5,Snake 4,0
2164,push,0.5,Snake 4,0
2165,push,0.5,Snake 4,0
2166,push,0.5,Snake 4,0
2167,push,0.5,Snake 4,0
2168,push,0.5,Snake 4,0
2169,push,0.5,Snake 4,0
2170,push,0.5,Snake 4,0
2171,push,0.5,Snake 4,0
2172,push,0.5,Snake 4,0
2173,push,0.5,Snake 4,0
2174,push,0.5,Snake 4,0
2175,push,0.5,Snake 4,0
2176,push,0.5,Snake 4,0
2177,push,0.5,Snake 4,0
2178,push,0.5,Snake 4,0
2179,push,0.5,Snake 4,0
2180,push,0.5,Dummy 1,0
2181,push,0.5,Dummy 1,0
2182,push,0.5,Dummy 1,0
2183,push,0.5,Dummy 1,0
2184,push,0.5,Dummy 1,0
2185,push,0.5,Dummy 1,0
2186,push,0.5,Dummy 1,0
2187,push,0.5,Dummy 1,0
2188,push,0.5,Dummy 1,0
2189,push,0.5,Dummy 1,0
2190,push,0.5,Dummy 1,0
2191,push,0.5,Dummy 1,0
2192,push,0.5,Dummy 1,0
2193,push,0.5,Dummy 1,0
2194,push,0.5,Dummy 1,0
2195,push,0.5,Dummy 1,0
2196,push,0.5,Dummy 1,0
2197,push,0.5,Dummy 1,0
2198,push,0.5,Dummy 1,0
2199,push,0.5,Dummy 1,0
2200,push,0.5,Dummy 1,0
2201,push,0.5,Dummy 1,0
2202,push,0.5,Dummy 1,0
2203,push,0.5,Dummy 1,0
2204,push,0.5,Dummy 1,0
2205,push,0.5,Dummy 1,0
2206,push,0.5,Dummy 1,0
2207,push,0.5,Dummy 1,0
2208,push,0.5,Dummy 1,0
2209,push,0.5,Dummy 1,0
2210,push,0.5,Dummy 1,0
2211,push,0.5,Dummy 1,0
2212,push,0.5,Dummy 1,0
2213,push,0.5,Dummy 1,0
2214,push,0.5,Dummy 1,0
2215,push,0.5,Dummy 1,0
2216,push,0.5,Dummy 1,0
2217,push,0.5,Dummy 1,0
2218,push,0.5,Dummy 1,0
2219,push,0.5,Dummy 1,0
2220,push,0.5,Dummy 1,0
2221,push,0.5,Dummy 1,0
2222,push,0.5,Dummy 1,0
2223,push,0.5,Dummy 1,0
2224,push,0.5,Dummy 1,0
2225,push,0.5,Dummy 1,0
2226,push,0.5,Dummy 1,0
2227,push,0.5,Dummy 1,0
2228,push,0.5,Dummy 1,0
2229,push,0.5,Dummy 1,0
2230,push,0.5,Dummy 1,0
2231,push,0.5,Dummy 1,0
2232,push,0.5,Dummy 1,0
2233,push,0.5,Dummy 1,0
2234,push,0.5,Dummy 1,0
2235,push,0.5,Dummy 1,0
2236,push,0.5,Dummy 1,0
2237,push,0.5,Dummy 1,0
2238,push,0.5,Dummy 1,0
2239,push,0.5,Dummy 1,0
2240,push,0.5,Dummy 1,0
2241,push,0.5,Dummy 1,0
2242,push,0.5,Dummy 1,0
2243,push,0.5,Dummy 1,0
2244,push,0.5,Dummy 1,0
2245,push,0.5,Dummy 1,0
2246,push,0.5,Dummy 1,0
2247,push,0.5,Dummy 1,0
2248,push,0.5,Dummy 1,0
2249,push,0.5,Dummy 1,0
2250,push,0.5,Dummy 1,0
2251,push,0.5,Dummy 1,0
2252,push,0.5,Dummy 1,0
2253,push,0.5,Dummy 1,0
2254,push,0.5,Dummy 1,0
2255,push,0.5,Dummy 1,0
2256,push,0.5,Dummy 1,0
2257,push,0.5,Dummy 1,0
2258,push,0.5,Dummy 1,0
2259,push,0.5,Dummy 1,0
2260,push,0.5,Dummy 1,0
2261,push,0.5,Football player 1,0
2262,push,0.5,Football player 1,0
2263,push,0.5,Football player 1,0
2264,push,0.5,Football player 1,0
2265,push,0.5,Football player 1,0
2266,push,0.5,Football player 1,0
2267,push,0.5,Football player 1,0
2268,push,0.5,Football player 1,0
2269,push,0.5,Football player 1,0
2270,push,0.5,Football player 1,0
2271,push,0.5,Football player 1,0
2272,push,0.5,Football player 1,0
2273,push,0.5,Football player 1,0
2274,push,0.5,Football player 1,0
2275,push,0.5,Football player 1,0
2276,push,0.5,Football player 1,0
2277,push,0.5,Football player 1,0
2278,push,0.5,Football player 1,0
2279,push,0.5,Football player 1,0
2280,push,0.5,Football player 1,0
2281,push,0.5,Football player 1,0
2282,push,0.5,Football player 1,0
2283,push,0.5,Football player 1,0
2284,push,0.5,Football player 1,0
2285,push,0.5,Football player 1,0
2286,push,0.5,Football player 1,0
2287,push,0.5,Football player 1,0
2288,push,0.5,Football player 1,0
2289,push,0.5,Football player 1,0
2290,push,0.5,Football player 1,0
2291,push,0.5,Football player 1,0
2292,push,0.5,Football player 1,0
2293,push,0.5,Football player 1,0
2294,push,0.5,Football player 1,0
2295,push,0.5,Football player 1,0
2296,push,0.5,Football player 1,0
2297,push,0.5,Football player 1,0
2298,push,0.5,Football player 1,0
2299,push,0.5,Football player 1,0
2300,push,0.5,Football player 1,0
2301,push,0.5,Football player 1,0
2302,push,0.5,Football player 1,0
2303,push,0.5,Football player 1,0
2304,push,0.5,Football player 1,0
2305,push,0.5,Football player 1,0
2306,push,0.5,Football player 1,0
2307,push,0.5,Football player 1,0
2308,push,0.5,Football player 1,0
2309,push,0.5,Football player 1,0
2310,push,0.5,Football player 1,0
2311,push,0.5,Football player 1,0
2312,push,0.5,Football player 1,0
2313,push,0.5,Football player 1,0
2314,push,0.5,Football player 1,0
2315,push,0.5,Football player 1,0
2316,push,0.5,Football player 1,0
2317,push,0.5,Football player 1,0
2318,push,0.5,Football player 1,0
2319,push,0.5,Football player 1,0
2320,push,0.5,Football player 1,0
2321,push,0.5,Football player 1,0
2322,push,0.5,Football player 1,0
2323,push,0.5,Football player 1,0
2324,push,0.5,Football player 1,0
2325,push,0.5,Football player 1,0
2326,push,0.5,Football player 1,0
2327,push,0.5,Football player 1,0
2328,push,0.5,Football player 1,0
2329,push,0.5,Football player 1,0
2330,push,0.5,Football player 1,0
2331,push,0.5,Football player 1,0
2332,push,0.5,Football player 1,0
2333,push,0.5,Football player 1,0
2334,push,0.5,Football player 1,0
2335,push,0.5,Football player 1,0
2336,push,0.5,Football player 1,0
2337,push,0.5,Football player 1,0
2338,push,0.5,Football player 1,0
2339,push,0.5,Football player 1,0
2340,push,0.5,Football player 1,0
2341,push,0.5,Socks 1,0
2342,push,0.5,Socks 1,0
2343,push,0.5,Socks 1,0
2344,push,0.5,Socks 1,0
2345,push,0.5,Socks 1,0
2346,push,0.5,Socks 1,0
2347,push,0.5,Socks 1,0
2348,push,0.5,Socks 1,0
2349,push,0.5,Socks 1,0
2350,push,0.5,Socks 1,0
2351,push,0.5,Socks 1,0
2352,push,0.5,Socks 1,0
2353,push,0.5,Socks 1,0
2354,push,0.5,Socks 1,0
2355,push,0.5,Socks 1,0
2356,push,0.5,Socks 1,0
2357,push,0.5,Socks 1,0
2358,push,0.5,Socks 1,0
2359,push,0.5,Socks 1,0
2360,push,0.5,Socks 1,0
2361,push,0.5,Socks 1,0
2362,push,0.5,Socks 1,0
2363,push,0.5,Socks 1,0
2364,push,0.5,Socks 1,0
2365,push,0.5,Socks 1,0
2366,push,0.5,Socks 1,0
2367,push,0.5,Socks 1,0
2368,push,0.5,Socks 1,0
2369,push,0.5,Socks 1,0
2370,push,0.5,Socks 1,0
2371,push,0.5,Socks 1,0
2372,push,0.5,Socks 1,0
2373,push,0.5,Socks 1,0
2374,push,0.5,Socks 1,0
2375,push,0.5,Socks 1,0
2376,push,0.5,Socks 1,0
2377,push,0.5,Socks 1,0
2378,push,0.5,Socks 1,0
2379,push,0.5,Socks 1,0
2380,push,0.5,Socks 1,0
2381,push,0.5,Socks 1,0
2382,push,0.5,Socks 1,0
2383,push,0.5,Socks 1,0
2384,push,0.5,Socks 1,0
2385,push,0.5,Socks 1,0
2386,push,0.5,Socks 1,0
2387,push,0.5,Socks 1,0
2388,push,0.5,Socks 1,0
2389,push,0.5,Socks 1,0
2390,push,0.5,Socks 1,0
2391,push,0.5,Socks 1,0
2392,push,0.5,Socks 1,0
2393,push,0.5,Socks 1,0
2394,push,0.5,Socks 1,0
2395,push,0.5,Socks 1,0
2396,push,0.5,Socks 1,0
2397,push,0.5,Socks 1,0
2398,push,0.5,Socks 1,0
2399,push,0.5,Socks 1,0
2400,push,0.5,Socks 1,0
2401,push,0.5,Socks 1,0
2402,push,0.5,Socks 1,0
2403,push,0.5,Socks 1,0
2404,push,0.5,Socks 1,0
2405,push,0.5,Socks 1,0
2406,push,0.5,Socks 1,0
2407,push,0.5,Socks 1,0
2408,push,0.5,Socks 1,0
2409,push,0.5,Socks 1,0
2410,push,0.5,Socks 1,0
2411,push,0.5,Socks 1,0
2412,push,0.5,Socks 1,0
2413,push,0.5,Socks 1,0
2414,push,0.5,Socks 1,0
2415,push,0.5,Socks 1,0
2416,push,0.5,Socks 1,0
2417,push,0.5,Socks 1,0
2418,push,0.5,Socks 1,0
2419,push,0.5,Socks 1,0
2420,push,0.5,Socks 1,0
2421,push,0.5,Socks 1,0
2422,push,0.5,Baby 2,0
2423,push,0.5,Baby 2,0
2424,push,0.5,Baby 2,0
2425,push,0.5,Baby 2,0
2426,push,0.5,Baby 2,0
2427,push,0.5,Baby 2,0
2428,push,0.5,Baby 2,0
2429,push,0.5,Baby 2,0
2430,push,0.5,Baby 2,0
2431,push,0.5,Baby 2,0
2432,push,0.5,Baby 2,0
2433,push,0.5,Baby 2,0
2434,push,0.5,Baby 2,0
2435,push,0.5,Baby 2,0
2436,push,0.5,Baby 2,0
2437,push,0.5,Baby 2,0
2438,push,0.5,Baby 2,0
2439,push,0.5,Baby 2,0
2440,push,0.5,Baby 2,0
2441,push,0.5,Baby 2,0
2442,push,0.5,Baby 2,0
2443,push,0.5,Baby 2,0
2444,push,0.5,Baby 2,0
2445,push,0.5,Baby 2,0
2446,push,0.5,Baby 2,0
2447,push,0.5,Baby 2,0
2448,push,0.5,Baby 2,0
2449,push,0.5,Baby 2,0
2450,push,0.5,Baby 2,0
2451,push,0.5,Baby 2,0
2452,push,0.5,Baby 2,0
2453,push,0.5,Baby 2,0
2454,push,0.5,Baby 2,0
2455,push,0.5,Baby 2,0
2456,push,0.5,Baby 2,0
2457,push,0.5,Baby 2,0
2458,push,0.5,Baby 2,0
2459,push,0.5,Baby 2,0
2460,push,0.5,Baby 2,0
2461,push,0.5,Baby 2,0
2462,push,0.5,Baby 2,0
2463,push,0.5,Baby 2,0
2464,push,0.5,Baby 2,0
2465,push,0.5,Baby 2,0
2466,push,0.5,Baby 2,0
2467,push,0.5,Baby 2,0
2468,push,0.5,Baby 2,0
2469,push,0.5,Baby 2,0
2470,push,0.5,Baby 2,0
2471,push,0.5,Baby 2,0
2472,push,0.5,Baby 2,0
2473,push,0.5,Baby 2,0
2474,push,0.5,Baby 2,0
2475,push,0.5,Baby 2,0
2476,push,0.5,Baby 2,0
2477,push,0.5,Baby 2,0
2478,push,0.5,Baby 2,0
2479,push,0.5,Baby 2,0
2480,push,0.5,Baby 2,0
2481,push,0.5,Baby 2,0
2482,push,0.5,Baby 2,0
2483,push,0.5,Baby 2,0
2484,push,0.5,Baby 2,0
2485,push,0.5,Baby 2,0
2486,push,0.5,Baby 2,0
2487,push,0.5,Baby 2,0
2488,push,0.5,Baby 2,0
2489,push,0.5,Baby 2,0
2490,push,0.5,Baby 2,0
2491,push,0.5,Baby 2,0
2492,push,0.5,Baby 2,0
2493,push,0.5,Baby 2,0
2494,push,0.5,Baby 2,0
2495,push,0.5,Baby 2,0
2496,push,0.5,Baby 2,0
2497,push,0.5,Baby 2,0
2498,push,0.5,Baby 2,0
2499,push,0.5,Baby 2,0
2500,push,0.5,Baby 2,0
2501,push,0.5,Baby 2,0
2502,push,0.5,Baby 2,0
2503,push,0.5,Exercise 1,0
2504,push,0.5,Exercise 1,0
2505,push,0.5,Exercise 1,0
2506,push,0.5,Exercise 1,0
2507,push,0.5,Exercise 1,0
2508,push,0.5,Exercise 1,0
2509,push,0.5,Exercise 1,0
2510,push,0.5,Exercise 1,0
2511,push,0.5,Exercise 1,0
2512,push,0.5,Exercise 1,0
2513,push,0.5,Exercise 1,0
2514,push,0.5,Exercise 1,0
2515,push,0.5,Exercise 1,0
2516,push,0.5,Exercise 1,0
2517,push,0.5,Exercise 1,0
2518,push,0.5,Exercise 1,0
2519,push,0.5,Exercise 1,0
2520,push,0.5,Exercise 1,0
2521,push,0.5,Exercise 1,0
2522,push,0.5,Exercise 1,0
2523,push,0.5,Exercise 1,0
2524,push,0.5,Exercise 1,0
2525,push,0.5,Exercise 1,0
2526,push,0.5,Exercise 1,0
2527,push,0.5,Exercise 1,0
2528,push,0.5,Exercise 1,0
2529,push,0.5,Exercise 1,0
2530,push,0.5,Exercise 1,0
2531,push,0.5,Exercise 1,0
2532,push,0.5,Exercise 1,0
2533,push,0.5,Exercise 1,0
2534,push,0.5,Exercise 1,0
2535,push,0.5,Exercise 1,0
2536,push,0.5,Exercise 1,0
2537,push,0.5,Exercise 1,0
2538,push,0.5,Exercise 1,0
2539,push,0.5,Exercise 1,0
2540,push,0.5,Exercise 1,0
2541,push,0.5,Exercise 1,0
2542,push,0.5,Exercise 1,0
2543,push,0.5,Exercise 1,0
2544,push,0.5,Exercise 1,0
2545,push,0.5,Exercise 1,0
2546,push,0.5,Exercise 1,0
2547,push,0.5,Exercise 1,0
2548,push,0.5,Exercise 1,0
2549,push,0.5,Exercise 1,0
2550,push,0.5,Exercise 1,0
2551,push,0.5,Exercise 1,0
2552,push,0.5,Exercise 1,0
2553,push,0.5,Exercise 1,0
2554,push,0.5,Exercise 1,0
2555,push,0.5,Exercise 1,0
2556,push,0.5,Exercise 1,0
2557,push,0.5,Exercise 1,0
2558,push,0.5,Exercise 1,0
2559,push,0.5,Exercise 1,0
2560,push,0.5,Exercise 1,0
2561,push,0.5,Exercise 1,0
2562,push,0.5,Exercise 1,0
2563,push,0.5,Exercise 1,0
2564,push,0.5,Exercise 1,0
2565,push,0.5,Exercise 1,0
2566,push,0.5,Exercise 1,0
2567,push,0.5,Exercise 1,0
2568,push,0.5,Exercise 1,0
2569,push,0.5,Exercise 1,0
2570,push,0.5,Exercise 1,0
2571,push,0.5,Exercise 1,0
2572,push,0.5,Exercise 1,0
2573,push,0.5,Exercise 1,0
2574,push,0.5,Exercise 1,0
2575,push,0.5,Exercise 1,0
2576,push,0.5,Exercise 1,0
2577,push,0.5,Exercise 1,0
2578,push,0.5,Exercise 1,0
2579,push,0.5,Exercise 1,0
2580,push,0.5,Exercise 1,0
2581,push,0.5,Exercise 1,0
2582,push,0.5,Exercise 1,0
2583,push,0.5,Exercise 1,0
2584,push,0.5,Miserable pose 3,0
2585,push,0.5,Miserable pose 3,0
2586,push,0.5,Miserable pose 3,0
2587,push,0.5,Miserable pose 3,0
2588,push,0.5,Miserable pose 3,0
2589,push,0.5,Miserable pose 3,0
2590,push,0.5,Miserable pose 3,0
2591,push,0.5,Miserable pose 3,0
2592,push,0.5,Miserable pose 3,0
2593,push,0.5,Miserable pose 3,0
2594,push,0.5,Miserable pose 3,0
2595,push,0.5,Miserable pose 3,0
2596,push,0.5,Miserable pose 3,0
2597,push,0.5,Miserable pose 3,0
2598,push,0.5,Miserable pose 3,0
2599,push,0.5,Miserable pose 3,0
2600,push,0.5,Miserable pose 3,0
2601,push,0.5,Miserable pose 3,0
2602,push,0.5,Miserable pose 3,0
2603,push,0.5,Miserable pose 3,0
2604,push,0.5,Miserable pose 3,0
2605,push,0.5,Miserable pose 3,0
2606,push,0.5,Miserable pose 3,0
2607,push,0.5,Miserable pose 3,0
2608,push,0.5,Miserable pose 3,0
2609,push,0.5,Miserable pose 3,0
2610,push,0.5,Miserable pose 3,0
2611,push,0.5,Miserable pose 3,0
2612,push,0.5,Miserable pose 3,0
2613,push,0.5,Miserable pose 3,0
2614,push,0.5,Miserable pose 3,0
2615,push,0.5,Miserable pose 3,0
2616,push,0.5,Miserable pose 3,0
2617,push,0.5,Miserable pose 3,0
2618,push,0.5,Miserable pose 3,0
2619,push,0.5,Miserable pose 3,0
2620,push,0.5,Miserable pose 3,0
2621,push,0.5,Miserable pose 3,0
2622,push,0.5,Miserable pose 3,0
2623,push,0.5,Miserable pose 3,0
2624,push,0.5,Miserable pose 3,0
2625,push,0.5,Miserable pose 3,0
2626,push,0.5,Miserable pose 3,0
2627,push,0.5,Miserable pose 3,0
2628,push,0.5,Miserable pose 3,0
2629,push,0.5,Miserable pose 3,0
2630,push,0.5,Miserable pose 3,0
2631,push,0.5,Miserable pose 3,0
2632,push,0.5,Miserable pose 3,0
2633,push,0.5,Miserable pose 3,0
2634,push,0.5,Miserable pose 3,0
2635,push,0.5,Miserable pose 3,0
2636,push,0.5,Miserable pose 3,0
2637,push,0.5,Miserable pose 3,0
2638,push,0.5,Miserable pose 3,0
2639,push,0.5,Miserable pose 3,0
2640,push,0.5,Miserable pose 3,0
2641,push,0.5,Miserable pose 3,0
2642,push,0.5,Miserable pose 3,0
2643,push,0.5,Miserable pose 3,0
2644,push,0.5,Miserable pose 3,0
2645,push,0.5,Miserable pose 3,0
2646,push,0.5,Miserable pose 3,0
2647,push,0.5,Miserable pose 3,0
2648,push,0.5,Miserable pose 3,0
2649,push,0.5,Miserable pose 3,0
2650,push,0.5,Miserable pose 3,0
2651,push,0.5,Miserable pose 3,0
2652,push,0.5,Miserable pose 3,0
2653,push,0.5,Miserable pose 3,0
2654,push,0.5,Miserable pose 3,0
2655,push,0.5,Miserable pose 3,0
2656,push,0.5,Miserable pose 3,0
2657,push,0.5,Miserable pose 3,0
2658,push,0.5,Miserable pose 3,0
2659,push,0.5,Miserable pose 3,0
2660,push,0.5,Miserable pose 3,0
2661,push,0.5,Miserable pose 3,0
2662,push,0.5,Miserable pose 3,0
2663,push,0.5,Miserable pose 3,0
2664,push,0.5,Miserable pose 3,0
2665,push,0.5,Cockroach 4,0
2666,push,0.5,Cockroach 4,0
2667,push,0.5,Cockroach 4,0
2668,push,0.5,Cockroach 4,0
2669,push,0.5,Cockroach 4,0
2670,push,0.5,Cockroach 4,0
2671,push,0.5,Cockroach 4,0
2672,push,0.5,Cockroach 4,0
2673,push,0.5,Cockroach 4,0
2674,push,0.5,Cockroach 4,0
2675,push,0.5,Cockroach 4,0
2676,push,0.5,Cockroach 4,0
2677,push,0.5,Cockroach 4,0
2678,push,0.5,Cockroach 4,0
2679,push,0.5,Cockroach 4,0
2680,push,0.5,Cockroach 4,0
2681,push,0.5,Cockroach 4,0
2682,push,0.5,Cockroach 4,0
2683,push,0.5,Cockroach 4,0
2684,push,0.5,Cockroach 4,0
2685,push,0.5,Cockroach 4,0
2686,push,0.5,Cockroach 4,0
2687,push,0.5,Cockroach 4,0
2688,push,0.5,Cockroach 4,0
2689,push,0.5,Cockroach 4,0
2690,push,0.5,Cockroach 4,0
2691,push,0.5,Cockroach 4,0
2692,push,0.5,Cockroach 4,0
2693,push,0.5,Cockroach 4,0
2694,push,0.5,Cockroach 4,0
2695,push,0.5,Cockroach 4,0
2696,push,0.5,Cockroach 4,0
2697,push,0.5,Cockroach 4,0
2698,push,0.5,Cockroach 4,0
2699,push,0.5,Cockroach 4,0
2700,push,0.5,Cockroach 4,0
2701,push,0.5,Cockroach 4,0
2702,push,0.5,Cockroach 4,0
2703,push,0.5,Cockroach 4,0
2704,push,0.5,Cockroach 4,0
2705,push,0.5,Cockroach 4,0
2706,push,0.5,Cockroach 4,0
2707,push,0.5,Cockroach 4,0
2708,push,0.5,Cockroach 4,0
2709,push,0.5,Cockroach 4,0
2710,push,0.5,Cockroach 4,0
2711,push,0.5,Cockroach 4,0
2712,push,0.5,Cockroach 4,0
2713,push,0.5,Cockroach 4,0
2714,push,0.5,Cockroach 4,0
2715,push,0.5,Cockroach 4,0
2716,push,0.5,Cockroach 4,0
2717,push,0.5,Cockroach 4,0
2718,push,0.5,Cockroach 4,0
2719,push,0.5,Cockroach 4,0
2720,push,0.5,Cockroach 4,0
2721,push,0.5,Cockroach 4,0
2722,push,0.5,Cockroach 4,0
2723,push,0.5,Cockroach 4,0
2724,push,0.5,Cockroach 4,0
2725,push,0.5,Cockroach 4,0
2726,push,0.5,Cockroach 4,0
2727,push,0.5,Cockroach 4,0
2728,push,0.5,Cockroach 4,0
2729,push,0.5,Cockroach 4,0
2730,push,0.5,Cockroach 4,0
2731,push,0.5,Cockroach 4,0
2732,push,0.5,Cockroach 4,0
2733,push,0.5,Cockroach 4,0
2734,push,0.5,Cockroach 4,0
2735,push,0.5,Cockroach 4,0
2736,push,0.5,Cockroach 4,0
2737,push,0.5,Cockroach 4,0
2738,push,0.5,Cockroach 4,0
2739,push,0.5,Cockroach 4,0
2740,push,0.5,Cockroach 4,0
2741,push,0.5,Cockroach 4,0
2742,push,0.5,Cockroach 4,0
2743,push,0.5,Cockroach 4,0
2744,push,0.5,Cockroach 4,0
2745,push,0.5,Cockroach 4,0
2746,push,0.5,Fence 2,0
2747,push,0.5,Fence 2,0
2748,push,0.5,Fence 2,0
2749,push,0.5,Fence 2,0
2750,push,0.5,Fence 2,0
2751,push,0.5,Fence 2,0
2752,push,0.5,Fence 2,0
2753,push,0.5,Fence 2,0
2754,push,0.5,Fence 2,0
2755,push,0.5,Fence 2,0
2756,push,0.5,Fence 2,0
2757,push,0.5,Fence 2,0
2758,push,0.5,Fence 2,0
2759,push,0.5,Fence 2,0
2760,push,0.5,Fence 2,0
2761,push,0.5,Fence 2,0
2762,push,0.5,Fence 2,0
2763,push,0.5,Fence 2,0
2764,push,0.5,Fence 2,0
2765,push,0.5,Fence 2,0
2766,push,0.5,Fence 2,0
2767,push,0.5,Fence 2,0
2768,push,0.5,Fence 2,0
2769,push,0.5,Fence 2,0
2770,push,0.5,Fence 2,0
2771,push,0.5,Fence 2,0
2772,push,0.5,Fence 2,0
2773,push,0.5,Fence 2,0
2774,push,0.5,Fence 2,0
2775,push,0.5,Fence 2,0
2776,push,0.5,Fence 2,0
2777,push,0.5,Fence 2,0
2778,push,0.5,Fence 2,0
2779,push,0.5,Fence 2,0
2780,push,0.5,Fence 2,0
2781,push,0.5,Fence 2,0
2782,push,0.5,Fence 2,0
2783,push,0.5,Fence 2,0
2784,push,0.5,Fence 2,0
2785,push,0.5,Fence 2,0
2786,push,0.5,Fence 2,0
2787,push,0.5,Fence 2,0
2788,push,0.5,Fence 2,0
2789,push,0.5,Fence 2,0
2790,push,0.5,Fence 2,0
2791,push,0.5,Fence 2,0
2792,push,0.5,Fence 2,0
2793,push,0.5,Fence 2,0
2794,push,0.5,Fence 2,0
2795,push,0.5,Fence 2,0
2796,push,0.5,Fence 2,0
2797,push,0.5,Fence 2,0
2798,push,0.5,Fence 2,0
2799,push,0.5,Fence 2,0
2800,push,0.5,Fence 2,0
2801,push,0.5,Fence 2,0
2802,push,0.5,Fence 2,0
2803,push,0.5,Fence 2,0
2804,push,0.5,Fence 2,0
2805,push,0.5,Fence 2,0
2806,push,0.5,Fence 2,0
2807,push,0.5,Fence 2,0
2808,push,0.5,Fence 2,0
2809,push,0.5,Fence 2,0
2810,push,0.5,Fence 2,0
2811,push,0.5,Fence 2,0
2812,push,0.5,Fence 2,0
2813,push,0.5,Fence 2,0
2814,push,0.5,Fence 2,0
2815,push,0.5,Fence 2,0
2816,push,0.5,Fence 2,0
2817,push,0.5,Fence 2,0
2818,push,0.5,Fence 2,0
2819,push,0.5,Fence 2,0
2820,push,0.5,Fence 2,0
2821,push,0.5,Fence 2,0
2822,push,0.5,Fence 2,0
2823,push,0.5,Fence 2,0
2824,push,0.5,Fence 2,0
2825,push,0.5,Fence 2,0
2826,push,0.5,Explosion 5,0
2827,push,0.5,Explosion 5,0
2828,push,0.5,Explosion 5,0
2829,push,0.5,Explosion 5,0
2830,push,0.5,Explosion 5,0
2831,push,0.5,Explosion 5,0
2832,push,0.5,Explosion 5,0
2833,push,0.5,Explosion 5,0
2834,push,0.5,Explosion 5,0
2835,push,0.5,Explosion 5,0
2836,push,0.5,Explosion 5,0
2837,push,0.5,Explosion 5,0
2838,push,0.5,Explosion 5,0
2839,push,0.5,Explosion 5,0
2840,push,0.5,Explosion 5,0
2841,push,0.5,Explosion 5,0
2842,push,0.5,Explosion 5,0
2843,push,0.5,Explosion 5,0
2844,push,0.5,Explosion 5,0
2845,push,0.5,Explosion 5,0
2846,push,0.5,Explosion 5,0
2847,push,0.5,Explosion 5,0
2848,push,0.5,Explosion 5,0
2849,push,0.5,Explosion 5,0
2850,push,0.5,Explosion 5,0
2851,push,0.5,Explosion 5,0
2852,push,0.5,Explosion 5,0
2853,push,0.5,Explosion 5,0
2854,push,0.5,Explosion 5,0
2855,push,0.5,Explosion 5,0
2856,push,0.5,Explosion 5,0
2857,push,0.5,Explosion 5,0
2858,push,0.5,Explosion 5,0
2859,push,0.5,Explosion 5,0
2860,push,0.5,Explosion 5,0
2861,push,0.5,Explosion 5,0
2862,push,0.5,Explosion 5,0
2863,push,0.5,Explosion 5,0
2864,push,0.5,Explosion 5,0
2865,push,0.5,Explosion 5,0
2866,push,0.5,Explosion 5,0
2867,push,0.5,Explosion 5,0
2868,push,0.5,Explosion 5,0
2869,push,0.5,Explosion 5,0
2870,push,0.5,Explosion 5,0
2871,push,0.5,Explosion 5,0
2872,push,0.5,Explosion 5,0
2873,push,0.5,Explosion 5,0
2874,push,0.5,Explosion 5,0
2875,push,0.5,Explosion 5,0
2876,push,0.5,Explosion 5,0
2877,push,0.5,Explosion 5,0
2878,push,0.5,Explosion 5,0
2879,push,0.5,Explosion 5,0
2880,push,0.5,Explosion 5,0
2881,push,0.5,Explosion 5,0
2882,push,0.5,Explosion 5,0
2883,push,0.5,Explosion 5,0
2884,push,0.5,Explosion 5,0
2885,push,0.5,Explosion 5,0
2886,push,0.5,Explosion 5,0
2887,push,0.5,Explosion 5,0
2888,push,0.5,Explosion 5,0
2889,push,0.5,Explosion 5,0
2890,push,0.5,Explosion 5,0
2891,push,0.5,Explosion 5,0
2892,push,0.5,Explosion 5,0
2893,push,0.5,Explosion 5,0
2894,push,0.5,Explosion 5,0
2895,push,0.5,Explosion 5,0
2896,push,0.5,Explosion 5,0
2897,push,0.5,Explosion 5,0
2898,push,0.5,Explosion 5,0
2899,push,0.5,Explosion 5,0
2900,push,0.5,Explosion 5,0
2901,push,0.5,Explosion 5,0
2902,push,0.5,Explosion 5,0
2903,push,0.5,Explosion 5,0
2904,push,0.5,Explosion 5,0
2905,push,0.5,Explosion 5,0
2906,push,0.5,Explosion 5,0
2907,push,0.5,Rafting 5,0
2908,push,0.5,Rafting 5,0
2909,push,0.5,Rafting 5,0
2910,push,0.5,Rafting 5,0
2911,push,0.5,Rafting 5,0
2912,push,0.5,Rafting 5,0
2913,push,0.5,Rafting 5,0
2914,push,0.5,Rafting 5,0
2915,push,0.5,Rafting 5,0
2916,push,0.5,Rafting 5,0
2917,push,0.5,Rafting 5,0
2918,push,0.5,Rafting 5,0
2919,push,0.5,Rafting 5,0
2920,push,0.5,Rafting 5,0
2921,push,0.5,Rafting 5,0
2922,push,0.5,Rafting 5,0
2923,push,0.5,Rafting 5,0
2924,push,0.5,Rafting 5,0
2925,push,0.5,Rafting 5,0
2926,push,0.5,Rafting 5,0
2927,push,0.5,Rafting 5,0
2928,push,0.5,Rafting 5,0
2929,push,0.5,Rafting 5,0
2930,push,0.5,Rafting 5,0
2931,push,0.5,Rafting 5,0
2932,push,0.5,Rafting 5,0
2933,push,0.5,Rafting 5,0
2934,push,0.5,Rafting 5,0
2935,push,0.5,Rafting 5,0
2936,push,0.5,Rafting 5,0
2937,push,0.5,Rafting 5,0
2938,push,0.5,Rafting 5,0
2939,push,0.5,Rafting 5,0
2940,push,0.5,Rafting 5,0
2941,push,0.5,Rafting 5,0
2942,push,0.5,Rafting 5,0
2943,push,0.5,Rafting 5,0
2944,push,0.5,Rafting 5,0
2945,push,0.5,Rafting 5,0
2946,push,0.5,Rafting 5,0
2947,push,0.5,Rafting 5,0
2948,push,0.5,Rafting 5,0
2949,push,0.5,Rafting 5,0
2950,push,0.5,Rafting 5,0
2951,push,0.5,Rafting 5,0
2952,push,0.5,Rafting 5,0
2953,push,0.5,Rafting 5,0
2954,push,0.5,Rafting 5,0
2955,push,0.5,Rafting 5,0
2956,push,0.5,Rafting 5,0
2957,push,0.5,Rafting 5,0
2958,push,0.5,Rafting 5,0
2959,push,0.5,Rafting 5,0
2960,push,0.5,Rafting 5,0
2961,push,0.5,Rafting 5,0
2962,push,0.5,Rafting 5,0
2963,push,0.5,Rafting 5,0
2964,push,0.5,Rafting 5,0
2965,push,0.5,Rafting 5,0
2966,push,0.5,Rafting 5,0
2967,push,0.5,Rafting 5,0
2968,push,0.5,Rafting 5,0
2969,push,0.5,Rafting 5,0
2970,push,0.5,Rafting 5,0
2971,push,0.5,Rafting 5,0
2972,push,0.5,Rafting 5,0
2973,push,0.5,Rafting 5,0
2974,push,0.5,Rafting 5,0
2975,push,0.5,Rafting 5,0
2976,push,0.5,Rafting 5,0
2977,push,0.5,Rafting 5,0
2978,push,0.5,Rafting 5,0
2979,push,0.5,Rafting 5,0
2980,push,0.5,Rafting 5,0
2981,push,0.5,Rafting 5,0
2982,push,0.5,Rafting 5,0
2983,push,0.5,Rafting 5,0
2984,push,0.5,Rafting 5,0
2985,push,0.5,Rafting 5,0
2986,push,0.5,Rafting 5,0
2987,push,0.5,Rafting 5,0
2988,push,0.5,Dog 23,0
2989,push,0.5,Dog 23,0
2990,push,0.5,Dog 23,0
2991,push,0.5,Dog 23,0
2992,push,0.5,Dog 23,0
2993,push,0.5,Dog 23,0
2994,push,0.5,Dog 23,0
2995,push,0.5,Dog 23,0
2996,push,0.5,Dog 23,0
2997,push,0.5,Dog 23,0
2998,push,0.5,Dog 23,0
2999,push,0.5,Dog 23,0
3000,push,0.5,Dog 23,0
3001,push,0.5,Dog 23,0
3002,push,0.5,Dog 23,0
3003,push,0.5,Dog 23,0
3004,push,0.5,Dog 23,0
3005,push,0.5,Dog 23,0
3006,push,0.5,Dog 23,0
3007,push,0.5,Dog 23,0
3008,push,0.5,Dog 23,0
3009,push,0.5,Dog 23,0
3010,push,0.5,Dog 23,0
3011,push,0.5,Dog 23,0
3012,push,0.5,Dog 23,0
3013,push,0.5,Dog 23,0
3014,push,0.5,Dog 23,0
3015,push,0.5,Dog 23,0
3016,push,0.5,Dog 23,0
3017,push,0.5,Dog 23,0
3018,push,0.5,Dog 23,0
3019,push,0.5,Dog 23,0
3020,push,0.5,Dog 23,0
3021,push,0.5,Dog 23,0
3022,push,0.5,Dog 23,0
3023,push,0.5,Dog 23,0
3024,push,0.5,Dog 23,0
3025,push,0.5,Dog 23,0
3026,push,0.5,Dog 23,0
3027,push,0.5,Dog 23,0
3028,push,0.5,Dog 23,0
3029,push,0.5,Dog 23,0
3030,push,0.5,Dog 23,0
3031,push,0.5,Dog 23,0
3032,push,0.5,Dog 23,0
3033,push,0.5,Dog 23,0
3034,push,0.5,Dog 23,0
3035,push,0.5,Dog 23,0
3036,push,0.5,Dog 23,0
3037,push,0.5,Dog 23,0
3038,push,0.5,Dog 23,0
3039,push,0.5,Dog 23,0
3040,push,0.5,Dog 23,0
3041,push,0.5,Dog 23,0
3042,push,0.5,Dog 23,0
3043,push,0.5,Dog 23,0
3044,push,0.5,Dog 23,0
3045,push,0.5,Dog 23,0
3046,push,0.5,Dog 23,0
3047,push,0.5,Dog 23,0
3048,push,0.5,Dog 23,0
3049,push,0.5,Dog 23,0
3050,push,0.5,Dog 23,0
3051,push,0.5,Dog 23,0
3052,push,0.5,Dog 23,0
3053,push,0.5,Dog 23,0
3054,push,0.5,Dog 23,0
3055,push,0.5,Dog 23,0
3056,push,0.5,Dog 23,0
3057,push,0.5,Dog 23,0
3058,push,0.5,Dog 23,0
3059,push,0.5,Dog 23,0
3060,push,0.5,Dog 23,0
3061,push,0.5,Dog 23,0
3062,push,0.5,Dog 23,0
3063,push,0.5,Dog 23,0
3064,push,0.5,Dog 23,0
3065,push,0.5,Dog 23,0
3066,push,0.5,Dog 23,0
3067,push,0.5,Dog 23,0
3068,push,0.5,Dog 23,0
3069,push,0.5,Fireworks 2,0
3070,push,0.5,Fireworks 2,0
3071,push,0.5,Fireworks 2,0
3072,push,0.5,Fireworks 2,0
3073,push,0.5,Fireworks 2,0
3074,push,0.5,Fireworks 2,0
3075,push,0.5,Fireworks 2,0
3076,push,0.5,Fireworks 2,0
3077,push,0.5,Fireworks 2,0
3078,push,0.5,Fireworks 2,0
3079,push,0.5,Fireworks 2,0
3080,push,0.5,Fireworks 2,0
3081,push,0.5,Fireworks 2,0
3082,push,0.5,Fireworks 2,0
3083,push,0.5,Fireworks 2,0
3084,push,0.5,Fireworks 2,0
3085,push,0.5,Fireworks 2,0
3086,push,0.5,Fireworks 2,0
3087,push,0.5,Fireworks 2,0
3088,push,0.5,Fireworks 2,0
3089,push,0.5,Fireworks 2,0
3090,push,0.5,Fireworks 2,0
3091,push,0.5,Fireworks 2,0
3092,push,0.5,Fireworks 2,0
3093,push,0.5,Fireworks 2,0
3094,push,0.5,Fireworks 2,0
3095,push,0.5,Fireworks 2,0
3096,push,0.5,Fireworks 2,0
3097,push,0.5,Fireworks 2,0
3098,push,0.5,Fireworks 2,0
3099,push,0.5,Fireworks 2,0
3100,push,0.5,Fireworks 2,0
3101,push,0.5,Fireworks 2,0
3102,push,0.5,Fireworks 2,0
3103,push,0.5,Fireworks 2,0
3104,push,0.5,Fireworks 2,0
3105,push,0.5,Fireworks 2,0
3106,push,0.5,Fireworks 2,0
3107,push,0.5,Fireworks 2,0
3108,push,0.5,Fireworks 2,0
3109,push,0.5,Fireworks 2,0
3110,push,0.5,Fireworks 2,0
3111,push,0.5,Fireworks 2,0
3112,push,0.5,Fireworks 2,0
3113,push,0.5,Fireworks 2,0
3114,push,0.5,Fireworks 2,0
3115,push,0.5,Fireworks 2,0
3116,push,0.5,Fireworks 2,0
3117,push,0.5,Fireworks 2,0
3118,push,0.5,Fireworks 2,0
3119,push,0.5,Fireworks 2,0
3120,push,0.5,Fireworks 2,0
3121,push,0.5,Fireworks 2,0
3122,push,0.5,Fireworks 2,0
3123,push,0.5,Fireworks 2,0
3124,push,0.5,Fireworks 2,0
3125,push,0.5,Fireworks 2,0
3126,push,0.5,Fireworks 2,0
3127,push,0.5,Fireworks 2,0
3128,push,0.5,Fireworks 2,0
3129,push,0.5,Fireworks 2,0
3130,push,0.5,Fireworks 2,0
3131,push,0.5,Fireworks 2,0
3132,push,0.5,Fireworks 2,0
3133,push,0.5,Fireworks 2,0
3134,push,0.5,Fireworks 2,0
3135,push,0.5,Fireworks 2,0
3136,push,0.5,Fireworks 2,0
3137,push,0.5,Fireworks 2,0
3138,push,0.5,Fireworks 2,0
3139,push,0.5,Fireworks 2,0
3140,push,0.5,Fireworks 2,0
3141,push,0.5,Fireworks 2,0
3142,push,0.5,Fireworks 2,0
3143,push,0.5,Fireworks 2,0
3144,push,0.5,Fireworks 2,0
3145,push,0.5,Fireworks 2,0
3146,push,0.5,Fireworks 2,0
3147,push,0.5,Fireworks 2,0
3148,push,0.5,Fireworks 2,0
3149,push,0.5,Fireworks 2,0
3150,push,0.5,Bark 4,0
3151,push,0.5,Bark 4,0
3152,push,0.5,Bark 4,0
3153,push,0.5,Bark 4,0
3154,push,0.5,Bark 4,0
3155,push,0.5,Bark 4,0
3156,push,0.5,Bark 4,0
3157,push,0.5,Bark 4,0
3158,push,0.5,Bark 4,0
3159,push,0.5,Bark 4,0
3160,push,0.5,Bark 4,0
3161,push,0.5,Bark 4,0
3162,push,0.5,Bark 4,0
3163,push,0.5,Bark 4,0
3164,push,0.5,Bark 4,0
3165,push,0.5,Bark 4,0
3166,push,0.5,Bark 4,0
3167,push,0.5,Bark 4,0
3168,push,0.5,Bark 4,0
3169,push,0.5,Bark 4,0
3170,push,0.5,Bark 4,0
3171,push,0.5,Bark 4,0
3172,push,0.5,Bark 4,0
3173,push,0.5,Bark 4,0
3174,push,0.5,Bark 4,0
3175,push,0.5,Bark 4,0
3176,push,0.5,Bark 4,0
3177,push,0.5,Bark 4,0
3178,push,0.5,Bark 4,0
3179,push,0.5,Bark 4,0
3180,push,0.5,Bark 4,0
3181,push,0.5,Bark 4,0
3182,push,0.5,Bark 4,0
3183,push,0.5,Bark 4,0
3184,push,0.5,Bark 4,0
3185,push,0.5,Bark 4,0
3186,push,0.5,Bark 4,0
3187,push,0.5,Bark 4,0
3188,push,0.5,Bark 4,0
3189,push,0.5,Bark 4,0
3190,push,0.5,Bark 4,0
3191,push,0.5,Bark 4,0
3192,push,0.5,Bark 4,0
3193,push,0.5,Bark 4,0
3194,push,0.5,Bark 4,0
3195,push,0.5,Bark 4,0
3196,push,0.5,Bark 4,0
3197,push,0.5,Bark 4,0
3198,push,0.5,Bark 4,0
3199,push,0.5,Bark 4,0
3200,push,0.5,Bark 4,0
3201,push,0.5,Bark 4,0
3202,push,0.5,Bark 4,0
3203,push,0.5,Bark 4,0
3204,push,0.5,Bark 4,0
3205,push,0.5,Bark 4,0
3206,push,0.5,Bark 4,0
3207,push,0.5,Bark 4,0
3208,push,0.5,Bark 4,0
3209,push,0.5,Bark 4,0
3210,push,0.5,Bark 4,0
3211,push,0.5,Bark 4,0
3212,push,0.5,Bark 4,0
3213,push,0.5,Bark 4,0
3214,push,0.5,Bark 4,0
3215,push,0.5,Bark 4,0
3216,push,0.5,Bark 4,0
3217,push,0.5,Bark 4,0
3218,push,0.5,Bark 4,0
3219,push,0.5,Bark 4,0
3220,push,0.5,Bark 4,0
3221,push,0.5,Bark 4,0
3222,push,0.5,Bark 4,0
3223,push,0.5,Bark 4,0
3224,push,0.5,Bark 4,0
3225,push,0.5,Bark 4,0
3226,push,0.5,Bark 4,0
3227,push,0.5,Bark 4,0
3228,push,0.5,Bark 4,0
3229,push,0.5,Bark 4,0
3230,push,0.5,Bark 1,0
3231,push,0.5,Bark 1,0
3232,push,0.5,Bark 1,0
3233,push,0.5,Bark 1,0
3234,push,0.5,Bark 1,0
3235,push,0.5,Bark 1,0
3236,push,0.5,Bark 1,0
3237,push,0.5,Bark 1,0
3238,push,0.5,Bark 1,0
3239,push,0.5,Bark 1,0
3240,push,0.5,Bark 1,0
3241,push,0.5,Bark 1,0
3242,push,0.5,Bark 1,0
3243,push,0.5,Bark 1,0
3244,push,0.5,Bark 1,0
3245,push,0.5,Bark 1,0
3246,push,0.5,Bark 1,0
3247,push,0.5,Bark 1,0
3248,push,0.5,Bark 1,0
3249,push,0.5,Bark 1,0
3250,push,0.5,Bark 1,0
3251,push,0.5,Bark 1,0
3252,push,0.5,Bark 1,0
3253,push,0.5,Bark 1,0
3254,push,0.5,Bark 1,0
3255,push,0.5,Bark 1,0
3256,push,0.5,Bark 1,0
3257,push,0.5,Bark 1,0
3258,push,0.5,Bark 1,0
3259,push,0.5,Bark 1,0
3260,push,0.5,Bark 1,0
3261,push,0.5,Bark 1,0
3262,push,0.5,Bark 1,0
3263,push,0.5,Bark 1,0
3264,push,0.5,Bark 1,0
3265,push,0.5,Bark 1,0
3266,push,0.5,Bark 1,0
3267,push,0.5,Bark 1,0
3268,push,0.5,Bark 1,0
3269,push,0.5,Bark 1,0
3270,push,0.5,Bark 1,0
3271,push,0.5,Bark 1,0
3272,push,0.5,Bark 1,0
3273,push,0.5,Bark 1,0
3274,push,0.5,Bark 1,0
3275,push,0.5,Bark 1,0
3276,push,0.5,Bark 1,0
3277,push,0.5,Bark 1,0
3278,push,0.5,Bark 1,0
3279,push,0.5,Bark 1,0
3280,push,0.5,Bark 1,0
3281,push,0.5,Bark 1,0
3282,push,0.5,Bark 1,0
3283,push,0.5,Bark 1,0
3284,push,0.5,Bark 1,0
3285,push,0.5,Bark 1,0
3286,push,0.5,Bark 1,0
3287,push,0.5,Bark 1,0
3288,push,0.5,Bark 1,0
3289,push,0.5,Bark 1,0
3290,push,0.5,Bark 1,0
3291,push,0.5,Bark 1,0
3292,push,0.5,Bark 1,0
3293,push,0.5,Bark 1,0
3294,push,0.5,Bark 1,0
3295,push,0.5,Bark 1,0
3296,push,0.5,Bark 1,0
3297,push,0.5,Bark 1,0
3298,push,0.5,Bark 1,0
3299,push,0.5,Bark 1,0
3300,push,0.5,Bark 1,0
3301,push,0.5,Bark 1,0
3302,push,0.5,Bark 1,0
3303,push,0.5,Bark 1,0
3304,push,0.5,Bark 1,0
3305,push,0.5,Bark 1,0
3306,push,0.5,Bark 1,0
3307,push,0.5,Bark 1,0
3308,push,0.5,Bark 1,0
3309,push,0.5,Bark 1,0
3310,push,0.5,Bark 1,0
3311,push,0.5,Bark 1,0
3312,push,0.5,Rocks 2,0
3313,push,0.5,Rocks 2,0
3314,push,0.5,Rocks 2,0
3315,push,0.5,Rocks 2,0
3316,push,0.5,Rocks 2,0
3317,push,0.5,Rocks 2,0
3318,push,0.5,Rocks 2,0
3319,push,0.5,Rocks 2,0
3320,push,0.5,Rocks 2,0
3321,push,0.5,Rocks 2,0
3322,push,0.5,Rocks 2,0
3323,push,0.5,Rocks 2,0
3324,push,0.5,Rocks 2,0
3325,push,0.5,Rocks 2,0
3326,push,0.5,Rocks 2,0
3327,push,0.5,Rocks 2,0
3328,push,0.5,Rocks 2,0
3329,push,0.5,Rocks 2,0
3330,push,0.5,Rocks 2,0
3331,push,0.5,Rocks 2,0
3332,push,0.5,Rocks 2,0
3333,push,0.5,Rocks 2,0
3334,push,0.5,Rocks 2,0
3335,push,0.5,Rocks 2,0
3336,push,0.5,Rocks 2,0
3337,push,0.5,Rocks 2,0
3338,push,0.5,Rocks 2,0
3339,push,0.5,Rocks 2,0
3340,push,0.5,Rocks 2,0
3341,push,0.5,Rocks 2,0
3342,push,0.5,Rocks 2,0
3343,push,0.5,Rocks 2,0
3344,push,0.5,Rocks 2,0
3345,push,0.5,Rocks 2,0
3346,push,0.5,Rocks 2,0
3347,push,0.5,Rocks 2,0
3348,push,0.5,Rocks 2,0
3349,push,0.5,Rocks 2,0
3350,push,0.5,Rocks 2,0
3351,push,0.5,Rocks 2,0
3352,push,0.5,Rocks 2,0
3353,push,0.5,Rocks 2,0
3354,push,0.5,Rocks 2,0
3355,push,0.5,Rocks 2,0
3356,push,0.5,Rocks 2,0
3357,push,0.5,Rocks 2,0
3358,push,0.5,Rocks 2,0
3359,push,0.5,Rocks 2,0
3360,push,0.5,Rocks 2,0
3361,push,0.5,Rocks 2,0
3362,push,0.5,Rocks 2,0
3363,push,0.5,Rocks 2,0
3364,push,0.5,Rocks 2,0
3365,push,0.5,Rocks 2,0
3366,push,0.5,Rocks 2,0
3367,push,0.5,Rocks 2,0
3368,push,0.5,Rocks 2,0
3369,push,0.5,Rocks 2,0
3370,push,0.5,Rocks 2,0
3371,push,0.5,Rocks 2,0
3372,push,0.5,Rocks 2,0
3373,push,0.5,Rocks 2,0
3374,push,0.5,Rocks 2,0
3375,push,0.5,Rocks 2,0
3376,push,0.5,Rocks 2,0
3377,push,0.5,Rocks 2,0
3378,push,0.5,Rocks 2,0
3379,push,0.5,Rocks 2,0
3380,push,0.5,Rocks 2,0
3381,push,0.5,Rocks 2,0
3382,push,0.5,Rocks 2,0
3383,push,0.5,Rocks 2,0
3384,push,0.5,Rocks 2,0
3385,push,0.5,Rocks 2,0
3386,push,0.5,Rocks 2,0
3387,push,0.5,Rocks 2,0
3388,push,0.5,Rocks 2,0
3389,push,0.5,Rocks 2,0
3390,push,0.5,Rocks 2,0
3391,push,0.5,Rocks 2,0
3392,push,0.5,Dirt 1,0
3393,push,0.5,Dirt 1,0
3394,push,0.5,Dirt 1,0
3395,push,0.5,Dirt 1,0
3396,push,0.5,Dirt 1,0
3397,push,0.5,Dirt 1,0
3398,push,0.5,Dirt 1,0
3399,push,0.5,Dirt 1,0
3400,push,0.5,Dirt 1,0
3401,push,0.5,Dirt 1,0
3402,push,0.5,Dirt 1,0
3403,push,0.5,Dirt 1,0
3404,push,0.5,Dirt 1,0
3405,push,0.5,Dirt 1,0
3406,push,0.5,Dirt 1,0
3407,push,0.5,Dirt 1,0
3408,push,0.5,Dirt 1,0
3409,push,0.5,Dirt 1,0
3410,push,0.5,Dirt 1,0
3411,push,0.5,Dirt 1,0
3412,push,0.5,Dirt 1,0
3413,push,0.5,Dirt 1,0
3414,push,0.5,Dirt 1,0
3415,push,0.5,Dirt 1,0
3416,push,0.5,Dirt 1,0
3417,push,0.5,Dirt 1,0
3418,push,0.5,Dirt 1,0
3419,push,0.5,Dirt 1,0
3420,push,0.5,Dirt 1,0
3421,push,0.5,Dirt 1,0
3422,push,0.5,Dirt 1,0
3423,push,0.5,Dirt 1,0
3424,push,0.5,Dirt 1,0
3425,push,0.5,Dirt 1,0
3426,push,0.5,Dirt 1,0
3427,push,0.5,Dirt 1,0
3428,push,0.5,Dirt 1,0
3429,push,0.5,Dirt 1,0
3430,push,0.5,Dirt 1,0
3431,push,0.5,Dirt 1,0
3432,push,0.5,Dirt 1,0
3433,push,0.5,Dirt 1,0
3434,push,0.5,Dirt 1,0
3435,push,0.5,Dirt 1,0
3436,push,0.5,Dirt 1,0
3437,push,0.5,Dirt 1,0
3438,push,0.5,Dirt 1,0
3439,push,0.5,Dirt 1,0
3440,push,0.5,Dirt 1,0
3441,push,0.5,Dirt 1,0
3442,push,0.5,Dirt 1,0
3443,push,0.5,Dirt 1,0
3444,push,0.5,Dirt 1,0
3445,push,0.5,Dirt 1,0
3446,push,0.5,Dirt 1,0
3447,push,0.5,Dirt 1,0
3448,push,0.5,Dirt 1,0
3449,push,0.5,Dirt 1,0
3450,push,0.5,Dirt 1,0
3451,push,0.5,Dirt 1,0
3452,push,0.5,Dirt 1,0
3453,push,0.5,Dirt 1,0
3454,push,0.5,Dirt 1,0
3455,push,0.5,Dirt 1,0
3456,push,0.5,Dirt 1,0
3457,push,0.5,Dirt 1,0
3458,push,0.5,Dirt 1,0
3459,push,0.5,Dirt 1,0
3460,push,0.5,Dirt 1,0
3461,push,0.5,Dirt 1,0
3462,push,0.5,Dirt 1,0
3463,push,0.5,Dirt 1,0
3464,push,0.5,Dirt 1,0
3465,push,0.5,Dirt 1,0
3466,push,0.5,Dirt 1,0
3467,push,0.5,Dirt 1,0
3468,push,0.5,Dirt 1,0
3469,push,0.5,Dirt 1,0
3470,push,0.5,Dirt 1,0
3471,push,0.5,Dirt 1,0
3472,push,0.5,Dirt 1,0
3473,push,0.5,Fire 6,0
3474,push,0.5,Fire 6,0
3475,push,0.5,Fire 6,0
3476,push,0.5,Fire 6,0
3477,push,0.5,Fire 6,0
3478,push,0.5,Fire 6,0
3479,push,0.5,Fire 6,0
3480,push,0.5,Fire 6,0
3481,push,0.5,Fire 6,0
3482,push,0.5,Fire 6,0
3483,push,0.5,Fire 6,0
3484,push,0.5,Fire 6,0
3485,push,0.5,Fire 6,0
3486,push,0.5,Fire 6,0
3487,push,0.5,Fire 6,0
3488,push,0.5,Fire 6,0
3489,push,0.5,Fire 6,0
3490,push,0.5,Fire 6,0
3491,push,0.5,Fire 6,0
3492,push,0.5,Fire 6,0
3493,push,0.5,Fire 6,0
3494,push,0.5,Fire 6,0
3495,push,0.5,Fire 6,0
3496,push,0.5,Fire 6,0
3497,push,0.5,Fire 6,0
3498,push,0.5,Fire 6,0
3499,push,0.5,Fire 6,0
3500,push,0.5,Fire 6,0
3501,push,0.5,Fire 6,0
3502,push,0.5,Fire 6,0
3503,push,0.5,Fire 6,0
3504,push,0.5,Fire 6,0
3505,push,0.5,Fire 6,0
3506,push,0.5,Fire 6,0
3507,push,0.5,Fire 6,0
3508,push,0.5,Fire 6,0
3509,push,0.5,Fire 6,0
3510,push,0.5,Fire 6,0
3511,push,0.5,Fire 6,0
3512,push,0.5,Fire 6,0
3513,push,0.5,Fire 6,0
3514,push,0.5,Fire 6,0
3515,push,0.5,Fire 6,0
3516,push,0.5,Fire 6,0
3517,push,0.5,Fire 6,0
3518,push,0.5,Fire 6,0
3519,push,0.5,Fire 6,0
3520,push,0.5,Fire 6,0
3521,push,0.5,Fire 6,0
3522,push,0.5,Fire 6,0
3523,push,0.5,Fire 6,0
3524,push,0.5,Fire 6,0
3525,push,0.5,Fire 6,0
3526,push,0.5,Fire 6,0
3527,push,0.5,Fire 6,0
3528,push,0.5,Fire 6,0
3529,push,0.5,Fire 6,0
3530,push,0.5,Fire 6,0
3531,push,0.5,Fire 6,0
3532,push,0.5,Fire 6,0
3533,push,0.5,Fire 6,0
3534,push,0.5,Fire 6,0
3535,push,0.5,Fire 6,0
3536,push,0.5,Fire 6,0
3537,push,0.5,Fire 6,0
3538,push,0.5,Fire 6,0
3539,push,0.5,Fire 6,0
3540,push,0.5,Fire 6,0
3541,push,0.5,Fire 6,0
3542,push,0.5,Fire 6,0
3543,push,0.5,Fire 6,0
3544,push,0.5,Fire 6,0
3545,push,0.5,Fire 6,0
3546,push,0.5,Fire 6,0
3547,push,0.5,Fire 6,0
3548,push,0.5,Fire 6,0
3549,push,0.5,Fire 6,0
3550,push,0.5,Fire 6,0
3551,push,0.5,Fire 6,0
3552,push,0.5,Fire 6,0
3553,push,0.5,Fire 6,0
3554,push,0.5,Fire 8,0
3555,push,0.5,Fire 8,0
3556,push,0.5,Fire 8,0
3557,push,0.5,Fire 8,0
3558,push,0.5,Fire 8,0
3559,push,0.5,Fire 8,0
3560,push,0.5,Fire 8,0
3561,push,0.5,Fire 8,0
3562,push,0.5,Fire 8,0
3563,push,0.5,Fire 8,0
3564,push,0.5,Fire 8,0
3565,push,0.5,Fire 8,0
3566,push,0.5,Fire 8,0
3567,push,0.5,Fire 8,0
3568,push,0.5,Fire 8,0
3569,push,0.5,Fire 8,0
3570,push,0.5,Fire 8,0
3571,push,0.5,Fire 8,0
3572,push,0.5,Fire 8,0
3573,push,0.5,Fire 8,0
3574,push,0.5,Fire 8,0
3575,push,0.5,Fire 8,0
3576,push,0.5,Fire 8,0
3577,push,0.5,Fire 8,0
3578,push,0.5,Fire 8,0
3579,push,0.5,Fire 8,0
3580,push,0.5,Fire 8,0
3581,push,0.5,Fire 8,0
3582,push,0.5,Fire 8,0
3583,push,0.5,Fire 8,0
3584,push,0.5,Fire 8,0
3585,push,0.5,Fire 8,0
3586,push,0.5,Fire 8,0
3587,push,0.5,Fire 8,0
3588,push,0.5,Fire 8,0
3589,push,0.5,Fire 8,0
3590,push,0.5,Fire 8,0
3591,push,0.5,Fire 8,0
3592,push,0.5,Fire 8,0
3593,push,0.5,Fire 8,0
3594,push,0.5,Fire 8,0
3595,push,0.5,Fire 8,0
3596,push,0.5,Fire 8,0
3597,push,0.5,Fire 8,0
3598,push,0.5,Fire 8,0
3599,push,0.5,Fire 8,0
3600,push,0.5,Fire 8,0
3601,push,0.5,Fire 8,0
3602,push,0.5,Fire 8,0
3603,push,0.5,Fire 8,0
3604,push,0.5,Fire 8,0
3605,push,0.5,Fire 8,0
3606,push,0.5,Fire 8,0
3607,push,0.5,Fire 8,0
3608,push,0.5,Fire 8,0
3609,push,0.5,Fire 8,0
3610,push,0.5,Fire 8,0
3611,push,0.5,Fire 8,0
3612,push,0.5,Fire 8,0
3613,push,0.5,Fire 8,0
3614,push,0.5,Fire 8,0
3615,push,0.5,Fire 8,0
3616,push,0.5,Fire 8,0
3617,push,0.5,Fire 8,0
3618,push,0.5,Fire 8,0
3619,push,0.5,Fire 8,0
3620,push,0.5,Fire 8,0
3621,push,0.5,Fire 8,0
3622,push,0.5,Fire 8,0
3623,push,0.5,Fire 8,0
3624,push,0.5,Fire 8,0
3625,push,0.5,Fire 8,0
3626,push,0.5,Fire 8,0
3627,push,0.5,Fire 8,0
3628,push,0.5,Fire 8,0
3629,push,0.5,Fire 8,0
3630,push,0.5,Fire 8,0
3631,push,0.5,Fire 8,0
3632,push,0.5,Fire 8,0
3633,push,0.5,Fire 8,0
3634,push,0.5,Fire 8,0
3635,push,0.5,Lake 9,0
3636,push,0.5,Lake 9,0
3637,push,0.5,Lake 9,0
3638,push,0.5,Lake 9,0
3639,push,0.5,Lake 9,0
3640,push,0.5,Lake 9,0
3641,push,0.5,Lake 9,0
3642,push,0.5,Lake 9,0
3643,push,0.5,Lake 9,0
3644,push,0.5,Lake 9,0
3645,push,0.5,Lake 9,0
3646,push,0.5,Lake 9,0
3647,push,0.5,Lake 9,0
3648,push,0.5,Lake 9,0
3649,push,0.5,Lake 9,0
3650,push,0.5,Lake 9,0
3651,push,0.5,Lake 9,0
3652,push,0.5,Lake 9,0
3653,push,0.5,Lake 9,0
3654,push,0.5,Lake 9,0
3655,push,0.5,Lake 9,0
3656,push,0.5,Lake 9,0
3657,push,0.5,Lake 9,0
3658,push,0.5,Lake 9,0
3659,push,0.5,Lake 9,0
3660,push,0.5,Lake 9,0
3661,push,0.5,Lake 9,0
3662,push,0.5,Lake 9,0
3663,push,0.5,Lake 9,0
3664,push,0.5,Lake 9,0
3665,push,0.5,Lake 9,0
3666,push,0.5,Lake 9,0
3667,push,0.5,Lake 9,0
3668,push,0.5,Lake 9,0
3669,push,0.5,Lake 9,0
3670,push,0.5,Lake 9,0
3671,push,0.5,Lake 9,0
3672,push,0.5,Lake 9,0
3673,push,0.5,Lake 9,0
3674,push,0.5,Lake 9,0
3675,push,0.5,Lake 9,0
3676,push,0.5,Lake 9,0
3677,push,0.5,Lake 9,0
3678,push,0.5,Lake 9,0
3679,push,0.5,Lake 9,0
3680,push,0.5,Lake 9,0
3681,push,0.5,Lake 9,0
3682,push,0.5,Lake 9,0
3683,push,0.5,Lake 9,0
3684,push,0.5,Lake 9,0
3685,push,0.5,Lake 9,0
3686,push,0.5,Lake 9,0
3687,push,0.5,Lake 9,0
3688,push,0.5,Lake 9,0
3689,push,0.5,Lake 9,0
3690,push,0.5,Lake 9,0
3691,push,0.5,Lake 9,0
3692,push,0.5,Lake 9,0
3693,push,0.5,Lake 9,0
3694,push,0.5,Lake 9,0
3695,push,0.5,Lake 9,0
3696,push,0.5,Lake 9,0
3697,push,0.5,Lake 9,0
3698,push,0.5,Lake 9,0
3699,push,0.5,Lake 9,0
3700,push,0.5,Lake 9,0
3701,push,0.5,Lake 9,0
3702,push,0.5,Lake 9,0
3703,push,0.5,Lake 9,0
3704,push,0.5,Lake 9,0
3705,push,0.5,Lake 9,0
3706,push,0.5,Lake 9,0
3707,push,0.5,Lake 9,0
3708,push,0.5,Lake 9,0
3709,push,0.5,Lake 9,0
3710,push,0.5,Lake 9,0
3711,push,0.5,Lake 9,0
3712,push,0.5,Lake 9,0
3713,push,0.5,Lake 9,0
3714,push,0.5,Lake 9,0
3715,push,0.5,Lake 9,0
3716,push,0.5,Archery 1,0
3717,push,0.5,Archery 1,0
3718,push,0.5,Archery 1,0
3719,push,0.5,Archery 1,0
3720,push,0.5,Archery 1,0
3721,push,0.5,Archery 1,0
3722,push,0.5,Archery 1,0
3723,push,0.5,Archery 1,0
3724,push,0.5,Archery 1,0
3725,push,0.5,Archery 1,0
3726,push,0.5,Archery 1,0
3727,push,0.5,Archery 1,0
3728,push,0.5,Archery 1,0
3729,push,0.5,Archery 1,0
3730,push,0.5,Archery 1,0
3731,push,0.5,Archery 1,0
3732,push,0.5,Archery 1,0
3733,push,0.5,Archery 1,0
3734,push,0.5,Archery 1,0
3735,push,0.5,Archery 1,0
3736,push,0.5,Archery 1,0
3737,push,0.5,Archery 1,0
3738,push,0.5,Archery 1,0
3739,push,0.5,Archery 1,0
3740,push,0.5,Archery 1,0
3741,push,0.5,Archery 1,0
3742,push,0.5,Archery 1,0
3743,push,0.5,Archery 1,0
3744,push,0.5,Archery 1,0
3745,push,0.5,Archery 1,0
3746,push,0.5,Archery 1,0
3747,push,0.5,Archery 1,0
3748,push,0.5,Archery 1,0
3749,push,0.5,Archery 1,0
3750,push,0.5,Archery 1,0
3751,push,0.5,Archery 1,0
3752,push,0.5,Archery 1,0
3753,push,0.5,Archery 1,0
3754,push,0.5,Archery 1,0
3755,push,0.5,Archery 1,0
3756,push,0.5,Archery 1,0
3757,push,0.5,Archery 1,0
3758,push,0.5,Archery 1,0
3759,push,0.5,Archery 1,0
3760,push,0.5,Archery 1,0
3761,push,0.5,Archery 1,0
3762,push,0.5,Archery 1,0
3763,push,0.5,Archery 1,0
3764,push,0.5,Archery 1,0
3765,push,0.5,Archery 1,0
3766,push,0.5,Archery 1,0
3767,push,0.5,Archery 1,0
3768,push,0.5,Archery 1,0
3769,push,0.5,Archery 1,0
3770,push,0.5,Archery 1,0
3771,push,0.5,Archery 1,0
3772,push,0.5,Archery 1,0
3773,push,0.5,Archery 1,0
3774,push,0.5,Archery 1,0
3775,push,0.5,Archery 1,0
3776,push,0.5,Archery 1,0
3777,push,0.5,Archery 1,0
3778,push,0.5,Archery 1,0
3779,push,0.5,Archery 1,0
3780,push,0.5,Archery 1,0
3781,push,0.5,Archery 1,0
3782,push,0.5,Archery 1,0
3783,push,0.5,Archery 1,0
3784,push,0.5,Archery 1,0
3785,push,0.5,Archery 1,0
3786,push,0.5,Archery 1,0
3787,push,0.5,Archery 1,0
3788,push,0.5,Archery 1,0
3789,push,0.5,Archery 1,0
3790,push,0.5,Archery 1,0
3791,push,0.5,Archery 1,0
3792,push,0.5,Archery 1,0
3793,push,0.5,Archery 1,0
3794,push,0.5,Archery 1,0
3795,push,0.5,Archery 1,0
3796,push,0.5,Archery 1,0
3797,push,0.5,Rainbow 2,0
3798,push,0.5,Rainbow 2,0
3799,push,0.5,Rainbow 2,0
3800,push,0.5,Rainbow 2,0
3801,push,0.5,Rainbow 2,0
3802,push,0.5,Rainbow 2,0
3803,push,0.5,Rainbow 2,0
3804,push,0.5,Rainbow 2,0
3805,push,0.5,Rainbow 2,0
3806,push,0.5,Rainbow 2,0
3807,push,0.5,Rainbow 2,0
3808,push,0.5,Rainbow 2,0
3809,push,0.5,Rainbow 2,0
3810,push,0.5,Rainbow 2,0
3811,push,0.5,Rainbow 2,0
3812,push,0.5,Rainbow 2,0
3813,push,0.5,Rainbow 2,0
3814,push,0.5,Rainbow 2,0
3815,push,0.5,Rainbow 2,0
3816,push,0.5,Rainbow 2,0
3817,push,0.5,Rainbow 2,0
3818,push,0.5,Rainbow 2,0
3819,push,0.5,Rainbow 2,0
3820,push,0.5,Rainbow 2,0
3821,push,0.5,Rainbow 2,0
3822,push,0.5,Rainbow 2,0
3823,push,0.5,Rainbow 2,0
3824,push,0.5,Rainbow 2,0
3825,push,0.5,Rainbow 2,0
3826,push,0.5,Rainbow 2,0
3827,push,0.5,Rainbow 2,0
3828,push,0.5,Rainbow 2,0
3829,push,0.5,Rainbow 2,0
3830,push,0.5,Rainbow 2,0
3831,push,0.5,Rainbow 2,0
3832,push,0.5,Rainbow 2,0
3833,push,0.5,Rainbow 2,0
3834,push,0.5,Rainbow 2,0
3835,push,0.5,Rainbow 2,0
3836,push,0.5,Rainbow 2,0
3837,push,0.5,Rainbow 2,0
3838,push,0.5,Rainbow 2,0
3839,push,0.5,Rainbow 2,0
3840,push,0.5,Rainbow 2,0
3841,push,0.5,Rainbow 2,0
3842,push,0.5,Rainbow 2,0
3843,push,0.5,Rainbow 2,0
3844,push,0.5,Rainbow 2,0
3845,push,0.5,Rainbow 2,0
3846,push,0.5,Rainbow 2,0
3847,push,0.5,Rainbow 2,0
3848,push,0.5,Rainbow 2,0
3849,push,0.5,Rainbow 2,0
3850,push,0.5,Rainbow 2,0
3851,push,0.5,Rainbow 2,0
3852,push,0.5,Rainbow 2,0
3853,push,0.5,Rainbow 2,0
3854,push,0.5,Rainbow 2,0
3855,push,0.5,Rainbow 2,0
3856,push,0.5,Rainbow 2,0
3857,push,0.5,Rainbow 2,0
3858,push,0.5,Rainbow 2,0
3859,push,0.5,Rainbow 2,0
3860,push,0.5,Rainbow 2,0
3861,push,0.5,Rainbow 2,0
3862,push,0.5,Rainbow 2,0
3863,push,0.5,Rainbow 2,0
3864,push,0.5,Rainbow 2,0
3865,push,0.5,Rainbow 2,0
3866,push,0.5,Rainbow 2,0
3867,push,0.5,Rainbow 2,0
3868,push,0.5,Rainbow 2,0
3869,push,0.5,Rainbow 2,0
3870,push,0.5,Rainbow 2,0
3871,push,0.5,Rainbow 2,0
3872,push,0.5,Rainbow 2,0
3873,push,0.5,Rainbow 2,0
3874,push,0.5,Rainbow 2,0
3875,push,0.5,Rainbow 2,0
3876,push,0.5,Rainbow 2,0
3877,push,0.5,Cotton swabs 3,0
3878,push,0.5,Cotton swabs 3,0
3879,push,0.5,Cotton swabs 3,0
3880,push,0.5,Cotton swabs 3,0
3881,push,0.5,Cotton swabs 3,0
3882,push,0.5,Cotton swabs 3,0
3883,push,0.5,Cotton swabs 3,0
3884,push,0.5,Cotton swabs 3,0
3885,push,0.5,Cotton swabs 3,0
3886,push,0.5,Cotton swabs 3,0
3887,push,0.5,Cotton swabs 3,0
3888,push,0.5,Cotton swabs 3,0
3889,push,0.5,Cotton swabs 3,0
3890,push,0.5,Cotton swabs 3,0
3891,push,0.5,Cotton swabs 3,0
3892,push,0.5,Cotton swabs 3,0
3893,push,0.5,Cotton swabs 3,0
3894,push,0.5,Cotton swabs 3,0
3895,push,0.5,Cotton swabs 3,0
3896,push,0.5,Cotton swabs 3,0
3897,push,0.5,Cotton swabs 3,0
3898,push,0.5,Cotton swabs 3,0
3899,push,0.5,Cotton swabs 3,0
3900,push,0.5,Cotton swabs 3,0
3901,push,0.5,Cotton swabs 3,0
3902,push,0.5,Cotton swabs 3,0
3903,push,0.5,Cotton swabs 3,0
3904,push,0.5,Cotton swabs 3,0
3905,push,0.5,Cotton swabs 3,0
3906,push,0.5,Cotton swabs 3,0
3907,push,0.5,Cotton swabs 3,0
3908,push,0.5,Cotton swabs 3,0
3909,push,0.5,Cotton swabs 3,0
3910,push,0.5,Cotton swabs 3,0
3911,push,0.5,Cotton swabs 3,0
3912,push,0.5,Cotton swabs 3,0
3913,push,0.5,Cotton swabs 3,0
3914,push,0.5,Cotton swabs 3,0
3915,push,0.5,Cotton swabs 3,0
3916,push,0.5,Cotton swabs 3,0
3917,push,0.5,Cotton swabs 3,0
3918,push,0.5,Cotton swabs 3,0
3919,push,0.5,Cotton swabs 3,0
3920,push,0.5,Cotton swabs 3,0
3921,push,0.5,Cotton swabs 3,0
3922,push,0.5,Cotton swabs 3,0
3923,push,0.5,Cotton swabs 3,0
3924,push,0.5,Cotton swabs 3,0
3925,push,0.5,Cotton swabs 3,0
3926,push,0.5,Cotton swabs 3,0
3927,push,0.5,Cotton swabs 3,0
3928,push,0.5,Cotton swabs 3,0
3929,push,0.5,Cotton swabs 3,0
3930,push,0.5,Cotton swabs 3,0
3931,push,0.5,Cotton swabs 3,0
3932,push,0.5,Cotton swabs 3,0
3933,push,0.5,Cotton swabs 3,0
3934,push,0.5,Cotton swabs 3,0
3935,push,0.5,Cotton swabs 3,0
3936,push,0.5,Cotton swabs 3,0
3937,push,0.5,Cotton swabs 3,0
3938,push,0.5,Cotton swabs 3,0
3939,push,0.5,Cotton swabs 3,0
3940,push,0.5,Cotton swabs 3,0
3941,push,0.5,Cotton swabs 3,0
3942,push,0.5,Cotton swabs 3,0
3943,push,0.5,Cotton swabs 3,0
3944,push,0.5,Cotton swabs 3,0
3945,push,0.5,Cotton swabs 3,0
3946,push,0.5,Cotton swabs 3,0
3947,push,0.5,Cotton swabs 3,0
3948,push,0.5,Cotton swabs 3,0
3949,push,0.5,Cotton swabs 3,0
3950,push,0.5,Cotton swabs 3,0
3951,push,0.5,Cotton swabs 3,0
3952,push,0.5,Cotton swabs 3,0
3953,push,0.5,Cotton swabs 3,0
3954,push,0.5,Cotton swabs 3,0
3955,push,0.5,Cotton swabs 3,0
3956,push,0.5,Cotton swabs 3,0
3957,push,0.5,Cotton swabs 3,0
3958,push,0.5,Stingray 2,0
3959,push,0.5,Stingray 2,0
3960,push,0.5,Stingray 2,0
3961,push,0.5,Stingray 2,0
3962,push,0.5,Stingray 2,0
3963,push,0.5,Stingray 2,0
3964,push,0.5,Stingray 2,0
3965,push,0.5,Stingray 2,0
3966,push,0.5,Stingray 2,0
3967,push,0.5,Stingray 2,0
3968,push,0.5,Stingray 2,0
3969,push,0.5,Stingray 2,0
3970,push,0.5,Stingray 2,0
3971,push,0.5,Stingray 2,0
3972,push,0.5,Stingray 2,0
3973,push,0.5,Stingray 2,0
3974,push,0.5,Stingray 2,0
3975,push,0.5,Stingray 2,0
3976,push,0.5,Stingray 2,0
3977,push,0.5,Stingray 2,0
3978,push,0.5,Stingray 2,0
3979,push,0.5,Stingray 2,0
3980,push,0.5,Stingray 2,0
3981,push,0.5,Stingray 2,0
3982,push,0.5,Stingray 2,0
3983,push,0.5,Stingray 2,0
3984,push,0.5,Stingray 2,0
3985,push,0.5,Stingray 2,0
3986,push,0.5,Stingray 2,0
3987,push,0.5,Stingray 2,0
3988,push,0.5,Stingray 2,0
3989,push,0.5,Stingray 2,0
3990,push,0.5,Stingray 2,0
3991,push,0.5,Stingray 2,0
3992,push,0.5,Stingray 2,0
3993,push,0.5,Stingray 2,0
3994,push,0.5,Stingray 2,0
3995,push,0.5,Stingray 2,0
3996,push,0.5,Stingray 2,0
3997,push,0.5,Stingray 2,0
3998,push,0.5,Stingray 2,0
3999,push,0.5,Stingray 2,0
4000,push,0.5,Stingray 2,0
4001,push,0.5,Stingray 2,0
4002,push,0.5,Stingray 2,0
4003,push,0.5,Stingray 2,0
4004,push,0.5,Stingray 2,0
4005,push,0.5,Stingray 2,0
4006,push,0.5,Stingray 2,0
4007,push,0.5,Stingray 2,0
4008,push,0.5,Stingray 2,0
4009,push,0.5,Stingray 2,0
4010,push,0.5,Stingray 2,0
4011,push,0.5,Stingray 2,0
4012,push,0.5,Stingray 2,0
4013,push,0.5,Stingray 2,0
4014,push,0.5,Stingray 2,0
4015,push,0.5,Stingray 2,0
4016,push,0.5,Stingray 2,0
4017,push,0.5,Stingray 2,0
4018,push,0.5,Stingray 2,0
4019,push,0.5,Stingray 2,0
4020,push,0.5,Stingray 2,0
4021,push,0.5,Stingray 2,0
4022,push,0.5,Stingray 2,0
4023,push,0.5,Stingray 2,0
4024,push,0.5,Stingray 2,0
4025,push,0.5,Stingray 2,0
4026,push,0.5,Stingray 2,0
4027,push,0.5,Stingray 2,0
4028,push,0.5,Stingray 2,0
4029,push,0.5,Stingray 2,0
4030,push,0.5,Stingray 2,0
4031,push,0.5,Stingray 2,0
4032,push,0.5,Stingray 2,0
4033,push,0.5,Stingray 2,0
4034,push,0.5,Stingray 2,0
4035,push,0.5,Stingray 2,0
4036,push,0.5,Stingray 2,0
4037,push,0.5,Stingray 2,0
4038,push,0.5,Stingray 2,0
4039,push,0.5,Sunset 6,0
4040,push,0.5,Sunset 6,0
4041,push,0.5,Sunset 6,0
4042,push,0.5,Sunset 6,0
4043,push,0.5,Sunset 6,0
4044,push,0.5,Sunset 6,0
4045,push,0.5,Sunset 6,0
4046,push,0.5,Sunset 6,0
4047,push,0.5,Sunset 6,0
4048,push,0.5,Sunset 6,0
4049,push,0.5,Sunset 6,0
4050,push,0.5,Sunset 6,0
4051,push,0.5,Sunset 6,0
4052,push,0.5,Sunset 6,0
4053,push,0.5,Sunset 6,0
4054,push,0.5,Sunset 6,0
4055,push,0.5,Sunset 6,0
4056,push,0.5,Sunset 6,0
4057,push,0.5,Sunset 6,0
4058,push,0.5,Sunset 6,0
4059,push,0.5,Sunset 6,0
4060,push,0.5,Sunset 6,0
4061,push,0.5,Sunset 6,0
4062,push,0.5,Sunset 6,0
4063,push,0.5,Sunset 6,0
4064,push,0.5,Sunset 6,0
4065,push,0.5,Sunset 6,0
4066,push,0.5,Sunset 6,0
4067,push,0.5,Sunset 6,0
4068,push,0.5,Sunset 6,0
4069,push,0.5,Sunset 6,0
4070,push,0.5,Sunset 6,0
4071,push,0.5,Sunset 6,0
4072,push,0.5,Sunset 6,0
4073,push,0.5,Sunset 6,0
4074,push,0.5,Sunset 6,0
4075,push,0.5,Sunset 6,0
4076,push,0.5,Sunset 6,0
4077,push,0.5,Sunset 6,0
4078,push,0.5,Sunset 6,0
4079,push,0.5,Sunset 6,0
4080,push,0.5,Sunset 6,0
4081,push,0.5,Sunset 6,0
4082,push,0.5,Sunset 6,0
4083,push,0.5,Sunset 6,0
4084,push,0.5,Sunset 6,0
4085,push,0.5,Sunset 6,0
4086,push,0.5,Sunset 6,0
4087,push,0.5,Sunset 6,0
4088,push,0.5,Sunset 6,0
4089,push,0.5,Sunset 6,0
4090,push,0.5,Sunset 6,0
4091,push,0.5,Sunset 6,0
4092,push,0.5,Sunset 6,0
4093,push,0.5,Sunset 6,0
4094,push,0.5,Sunset 6,0
4095,push,0.5,Sunset 6,0
4096,push,0.5,Sunset 6,0
4097,push,0.5,Sunset 6,0
4098,push,0.5,Sunset 6,0
4099,push,0.5,Sunset 6,0
4100,push,0.5,Sunset 6,0
4101,push,0.5,Sunset 6,0
4102,push,0.5,Sunset 6,0
4103,push,0.5,Sunset 6,0
4104,push,0.5,Sunset 6,0
4105,push,0.5,Sunset 6,0
4106,push,0.5,Sunset 6,0
4107,push,0.5,Sunset 6,0
4108,push,0.5,Sunset 6,0
4109,push,0.5,Sunset 6,0
4110,push,0.5,Sunset 6,0
4111,push,0.5,Sunset 6,0
4112,push,0.5,Sunset 6,0
4113,push,0.5,Sunset 6,0
4114,push,0.5,Sunset 6,0
4115,push,0.5,Sunset 6,0
4116,push,0.5,Sunset 6,0
4117,push,0.5,Sunset 6,0
4118,push,0.5,Sunset 6,0
4119,push,0.5,Sunset 6,0
4120,push,0.5,end,0
4121,push,0.5,end,0
4122,push,0.5,end,0
4123,push,0.5,end,0
4124,push,0.5,end,0
4125,push,0.5,end,0
4126,push,0.5,end,0
4127,push,0.5,end,0
4128,push,0.5,end,0
4129,push,0.5,end,0
4130,push,0.5,end,0
4131,push,0.5,end,0
4132,push,0.5,end,0
4133,push,0.5,end,0
4134,push,0.5,end,0
4135,push,0.5,end,0
4136,push,0.5,end,0
