,eyeAct,uAct,uPow,lAct,lPow,img,round
0,neutral,neutral,0.0,neutral,0.0,neutral,0
1,neutral,neutral,0.0,neutral,0.0,neutral,0
2,neutral,neutral,0.0,neutral,0.0,neutral,0
3,neutral,neutral,0.0,neutral,0.0,neutral,0
4,neutral,neutral,0.0,neutral,0.0,neutral,0
5,neutral,neutral,0.0,neutral,0.0,neutral,0
6,neutral,neutral,0.0,neutral,0.0,neutral,0
7,neutral,neutral,0.0,neutral,0.0,neutral,0
8,neutral,neutral,0.0,neutral,0.0,neutral,0
9,neutral,neutral,0.0,neutral,0.0,neutral,0
10,neutral,neutral,0.0,neutral,0.0,neutral,0
11,neutral,neutral,0.0,neutral,0.0,neutral,0
12,neutral,neutral,0.0,neutral,0.0,neutral,0
13,neutral,neutral,0.0,neutral,0.0,neutral,0
14,neutral,neutral,0.0,neutral,0.0,neutral,0
15,neutral,neutral,0.0,neutral,0.0,neutral,0
16,neutral,neutral,0.0,neutral,0.0,neutral,0
17,neutral,neutral,0.0,neutral,0.0,neutral,0
18,neutral,neutral,0.0,neutral,0.0,neutral,0
19,neutral,neutral,0.0,neutral,0.0,neutral,0
20,neutral,neutral,0.0,neutral,0.0,neutral,0
21,neutral,neutral,0.0,neutral,0.0,neutral,0
22,neutral,neutral,0.0,neutral,0.0,neutral,0
23,neutral,neutral,0.0,neutral,0.0,neutral,0
24,neutral,neutral,0.0,neutral,0.0,neutral,0
25,neutral,neutral,0.0,neutral,0.0,neutral,0
26,neutral,neutral,0.0,neutral,0.0,neutral,0
27,neutral,neutral,0.0,neutral,0.0,neutral,0
28,neutral,neutral,0.0,neutral,0.0,neutral,0
29,neutral,neutral,0.0,neutral,0.0,neutral,0
30,neutral,neutral,0.0,neutral,0.0,neutral,0
31,neutral,neutral,0.0,neutral,0.0,neutral,0
32,neutral,neutral,0.0,neutral,0.0,neutral,0
33,neutral,neutral,0.0,neutral,0.0,neutral,0
34,neutral,neutral,0.0,neutral,0.0,neutral,0
35,neutral,neutral,0.0,neutral,0.0,neutral,0
36,neutral,neutral,0.0,neutral,0.0,neutral,0
37,neutral,neutral,0.0,neutral,0.0,neutral,0
38,neutral,neutral,0.0,neutral,0.0,neutral,0
39,neutral,neutral,0.0,neutral,0.0,neutral,0
40,neutral,neutral,0.0,neutral,0.0,neutral,0
41,neutral,neutral,0.0,neutral,0.0,neutral,0
42,neutral,neutral,0.0,neutral,0.0,neutral,0
43,neutral,neutral,0.0,neutral,0.0,neutral,0
44,neutral,neutral,0.0,neutral,0.0,neutral,0
45,neutral,neutral,0.0,neutral,0.0,neutral,0
46,neutral,neutral,0.0,neutral,0.0,neutral,0
47,neutral,neutral,0.0,neutral,0.0,neutral,0
48,neutral,neutral,0.0,neutral,0.0,neutral,0
49,neutral,neutral,0.0,neutral,0.0,neutral,0
50,neutral,neutral,0.0,neutral,0.0,neutral,0
51,neutral,neutral,0.0,neutral,0.0,neutral,0
52,neutral,neutral,0.0,neutral,0.0,neutral,0
53,neutral,neutral,0.0,neutral,0.0,neutral,0
54,neutral,neutral,0.0,neutral,0.0,neutral,0
55,neutral,neutral,0.0,neutral,0.0,neutral,0
56,neutral,neutral,0.0,neutral,0.0,neutral,0
57,neutral,neutral,0.0,neutral,0.0,neutral,0
58,neutral,neutral,0.0,neutral,0.0,neutral,0
59,neutral,neutral,0.0,neutral,0.0,neutral,0
60,neutral,neutral,0.0,neutral,0.0,neutral,0
61,neutral,neutral,0.0,neutral,0.0,neutral,0
62,neutral,neutral,0.0,neutral,0.0,neutral,0
63,neutral,neutral,0.0,neutral,0.0,neutral,0
64,neutral,neutral,0.0,neutral,0.0,neutral,0
65,neutral,neutral,0.0,neutral,0.0,neutral,0
66,neutral,neutral,0.0,neutral,0.0,neutral,0
67,neutral,neutral,0.0,neutral,0.0,neutral,0
68,neutral,neutral,0.0,neutral,0.0,neutral,0
69,neutral,neutral,0.0,neutral,0.0,neutral,0
70,neutral,neutral,0.0,neutral,0.0,neutral,0
71,neutral,neutral,0.0,neutral,0.0,neutral,0
72,neutral,neutral,0.0,neutral,0.0,neutral,0
73,neutral,neutral,0.0,neutral,0.0,neutral,0
74,neutral,neutral,0.0,neutral,0.0,neutral,0
75,neutral,neutral,0.0,neutral,0.0,neutral,0
76,neutral,neutral,0.0,neutral,0.0,neutral,0
77,neutral,neutral,0.0,neutral,0.0,neutral,0
78,neutral,neutral,0.0,neutral,0.0,neutral,0
79,neutral,neutral,0.0,neutral,0.0,neutral,0
80,neutral,neutral,0.0,neutral,0.0,neutral,0
81,neutral,neutral,0.0,neutral,0.0,neutral,0
82,neutral,neutral,0.0,neutral,0.0,neutral,0
83,neutral,neutral,0.0,neutral,0.0,neutral,0
84,neutral,neutral,0.0,neutral,0.0,neutral,0
85,neutral,neutral,0.0,neutral,0.0,neutral,0
86,neutral,neutral,0.0,neutral,0.0,neutral,0
87,neutral,neutral,0.0,neutral,0.0,neutral,0
88,neutral,neutral,0.0,neutral,0.0,neutral,0
89,neutral,neutral,0.0,neutral,0.0,neutral,0
90,neutral,neutral,0.0,neutral,0.0,neutral,0
91,neutral,neutral,0.0,neutral,0.0,neutral,0
92,neutral,neutral,0.0,neutral,0.0,neutral,0
93,neutral,neutral,0.0,neutral,0.0,neutral,0
94,neutral,neutral,0.0,neutral,0.0,neutral,0
95,neutral,neutral,0.0,neutral,0.0,neutral,0
96,neutral,neutral,0.0,neutral,0.0,neutral,0
97,neutral,neutral,0.0,neutral,0.0,neutral,0
98,neutral,neutral,0.0,neutral,0.0,neutral,0
99,neutral,neutral,0.0,neutral,0.0,neutral,0
100,neutral,neutral,0.0,neutral,0.0,neutral,0
101,neutral,neutral,0.0,neutral,0.0,neutral,0
102,neutral,neutral,0.0,neutral,0.0,neutral,0
103,neutral,neutral,0.0,neutral,0.0,neutral,0
104,neutral,neutral,0.0,neutral,0.0,neutral,0
105,neutral,neutral,0.0,neutral,0.0,neutral,0
106,neutral,neutral,0.0,neutral,0.0,neutral,0
107,neutral,neutral,0.0,neutral,0.0,neutral,0
108,neutral,neutral,0.0,neutral,0.0,neutral,0
109,neutral,neutral,0.0,neutral,0.0,neutral,0
110,neutral,neutral,0.0,neutral,0.0,neutral,0
111,neutral,neutral,0.0,neutral,0.0,neutral,0
112,neutral,neutral,0.0,neutral,0.0,neutral,0
113,neutral,neutral,0.0,neutral,0.0,neutral,0
114,neutral,neutral,0.0,neutral,0.0,neutral,0
115,neutral,neutral,0.0,neutral,0.0,neutral,0
116,neutral,neutral,0.0,neutral,0.0,neutral,0
117,neutral,neutral,0.0,neutral,0.0,neutral,0
118,neutral,neutral,0.0,neutral,0.0,neutral,0
119,neutral,neutral,0.0,neutral,0.0,neutral,0
120,neutral,neutral,0.0,neutral,0.0,neutral,0
121,neutral,neutral,0.0,neutral,0.0,neutral,0
122,neutral,neutral,0.0,neutral,0.0,neutral,0
123,neutral,neutral,0.0,neutral,0.0,neutral,0
124,neutral,neutral,0.0,neutral,0.0,neutral,0
125,neutral,neutral,0.0,neutral,0.0,neutral,0
126,neutral,neutral,0.0,neutral,0.0,neutral,0
127,neutral,neutral,0.0,neutral,0.0,neutral,0
128,neutral,neutral,0.0,neutral,0.0,neutral,0
129,neutral,neutral,0.0,neutral,0.0,neutral,0
130,neutral,neutral,0.0,neutral,0.0,neutral,0
131,neutral,neutral,0.0,neutral,0.0,neutral,0
132,neutral,neutral,0.0,neutral,0.0,neutral,0
133,neutral,neutral,0.0,neutral,0.0,neutral,0
134,neutral,neutral,0.0,neutral,0.0,neutral,0
135,neutral,neutral,0.0,neutral,0.0,neutral,0
136,neutral,neutral,0.0,neutral,0.0,neutral,0
137,neutral,neutral,0.0,neutral,0.0,neutral,0
138,neutral,neutral,0.0,neutral,0.0,neutral,0
139,neutral,neutral,0.0,neutral,0.0,neutral,0
140,neutral,neutral,0.0,neutral,0.0,neutral,0
141,neutral,neutral,0.0,neutral,0.0,neutral,0
142,neutral,neutral,0.0,neutral,0.0,neutral,0
143,neutral,neutral,0.0,neutral,0.0,neutral,0
144,neutral,neutral,0.0,neutral,0.0,neutral,0
145,neutral,neutral,0.0,neutral,0.0,neutral,0
146,neutral,neutral,0.0,neutral,0.0,neutral,0
147,neutral,neutral,0.0,neutral,0.0,neutral,0
148,neutral,neutral,0.0,neutral,0.0,neutral,0
149,neutral,neutral,0.0,neutral,0.0,neutral,0
150,neutral,neutral,0.0,neutral,0.0,neutral,0
151,neutral,neutral,0.0,neutral,0.0,neutral,0
152,neutral,neutral,0.0,neutral,0.0,neutral,0
153,neutral,neutral,0.0,neutral,0.0,neutral,0
154,neutral,neutral,0.0,neutral,0.0,neutral,0
155,neutral,neutral,0.0,neutral,0.0,neutral,0
156,neutral,neutral,0.0,neutral,0.0,neutral,0
157,neutral,neutral,0.0,neutral,0.0,neutral,0
158,neutral,neutral,0.0,neutral,0.0,neutral,0
159,neutral,neutral,0.0,neutral,0.0,neutral,0
160,neutral,neutral,0.0,neutral,0.0,neutral,0
161,neutral,neutral,0.0,neutral,0.0,neutral,0
162,neutral,neutral,0.0,neutral,0.0,neutral,0
163,neutral,neutral,0.0,neutral,0.0,neutral,0
164,neutral,neutral,0.0,neutral,0.0,neutral,0
165,neutral,neutral,0.0,neutral,0.0,neutral,0
166,neutral,neutral,0.0,neutral,0.0,neutral,0
167,neutral,neutral,0.0,neutral,0.0,neutral,0
168,neutral,neutral,0.0,neutral,0.0,neutral,0
169,neutral,neutral,0.0,neutral,0.0,neutral,0
170,neutral,neutral,0.0,neutral,0.0,neutral,0
171,neutral,neutral,0.0,neutral,0.0,neutral,0
172,neutral,neutral,0.0,neutral,0.0,neutral,0
173,neutral,neutral,0.0,neutral,0.0,neutral,0
174,neutral,neutral,0.0,neutral,0.0,neutral,0
175,neutral,neutral,0.0,neutral,0.0,neutral,0
176,neutral,neutral,0.0,neutral,0.0,neutral,0
177,neutral,neutral,0.0,neutral,0.0,neutral,0
178,neutral,neutral,0.0,neutral,0.0,neutral,0
179,neutral,neutral,0.0,neutral,0.0,neutral,0
180,neutral,neutral,0.0,neutral,0.0,neutral,0
181,neutral,neutral,0.0,neutral,0.0,neutral,0
182,neutral,neutral,0.0,neutral,0.0,neutral,0
183,neutral,neutral,0.0,neutral,0.0,neutral,0
184,neutral,neutral,0.0,neutral,0.0,neutral,0
185,neutral,neutral,0.0,neutral,0.0,neutral,0
186,neutral,neutral,0.0,neutral,0.0,neutral,0
187,neutral,neutral,0.0,neutral,0.0,neutral,0
188,neutral,neutral,0.0,neutral,0.0,neutral,0
189,neutral,neutral,0.0,neutral,0.0,neutral,0
190,neutral,neutral,0.0,neutral,0.0,neutral,0
191,neutral,neutral,0.0,neutral,0.0,neutral,0
192,neutral,neutral,0.0,neutral,0.0,neutral,0
193,neutral,neutral,0.0,neutral,0.0,neutral,0
194,neutral,neutral,0.0,neutral,0.0,neutral,0
195,neutral,neutral,0.0,neutral,0.0,neutral,0
196,neutral,neutral,0.0,neutral,0.0,neutral,0
197,neutral,neutral,0.0,neutral,0.0,neutral,0
198,neutral,neutral,0.0,neutral,0.0,neutral,0
199,neutral,neutral,0.0,neutral,0.0,neutral,0
200,neutral,neutral,0.0,neutral,0.0,neutral,0
201,neutral,neutral,0.0,neutral,0.0,neutral,0
202,neutral,neutral,0.0,neutral,0.0,neutral,0
203,neutral,neutral,0.0,neutral,0.0,neutral,0
204,neutral,neutral,0.0,neutral,0.0,neutral,0
205,neutral,neutral,0.0,neutral,0.0,neutral,0
206,neutral,neutral,0.0,neutral,0.0,neutral,0
207,neutral,neutral,0.0,neutral,0.0,neutral,0
208,neutral,neutral,0.0,neutral,0.0,neutral,0
209,neutral,neutral,0.0,neutral,0.0,neutral,0
210,neutral,neutral,0.0,neutral,0.0,neutral,0
211,neutral,neutral,0.0,neutral,0.0,neutral,0
212,neutral,neutral,0.0,neutral,0.0,neutral,0
213,neutral,neutral,0.0,neutral,0.0,neutral,0
214,neutral,neutral,0.0,neutral,0.0,neutral,0
215,neutral,neutral,0.0,neutral,0.0,neutral,0
216,neutral,neutral,0.0,neutral,0.0,neutral,0
217,neutral,neutral,0.0,neutral,0.0,neutral,0
218,neutral,neutral,0.0,neutral,0.0,neutral,0
219,neutral,neutral,0.0,neutral,0.0,neutral,0
220,neutral,neutral,0.0,neutral,0.0,neutral,0
221,neutral,neutral,0.0,neutral,0.0,neutral,0
222,neutral,neutral,0.0,neutral,0.0,neutral,0
223,neutral,neutral,0.0,neutral,0.0,neutral,0
224,neutral,neutral,0.0,neutral,0.0,neutral,0
225,neutral,neutral,0.0,neutral,0.0,neutral,0
226,neutral,neutral,0.0,neutral,0.0,neutral,0
227,neutral,neutral,0.0,neutral,0.0,neutral,0
228,neutral,neutral,0.0,neutral,0.0,neutral,0
229,neutral,neutral,0.0,neutral,0.0,neutral,0
230,neutral,neutral,0.0,neutral,0.0,neutral,0
231,neutral,neutral,0.0,neutral,0.0,neutral,0
232,neutral,neutral,0.0,neutral,0.0,neutral,0
233,neutral,neutral,0.0,neutral,0.0,neutral,0
234,neutral,neutral,0.0,neutral,0.0,neutral,0
235,neutral,neutral,0.0,neutral,0.0,neutral,0
236,neutral,neutral,0.0,neutral,0.0,neutral,0
237,neutral,neutral,0.0,neutral,0.0,neutral,0
238,neutral,neutral,0.0,neutral,0.0,neutral,0
239,neutral,neutral,0.0,neutral,0.0,neutral,0
240,neutral,neutral,0.0,neutral,0.0,neutral,0
241,neutral,neutral,0.0,neutral,0.0,neutral,0
242,neutral,neutral,0.0,neutral,0.0,neutral,0
243,neutral,neutral,0.0,neutral,0.0,neutral,0
244,neutral,neutral,0.0,neutral,0.0,neutral,0
245,neutral,neutral,0.0,neutral,0.0,neutral,0
246,neutral,neutral,0.0,neutral,0.0,neutral,0
247,neutral,neutral,0.0,neutral,0.0,neutral,0
248,neutral,neutral,0.0,neutral,0.0,neutral,0
249,neutral,neutral,0.0,neutral,0.0,neutral,0
250,neutral,neutral,0.0,neutral,0.0,neutral,0
251,neutral,neutral,0.0,neutral,0.0,neutral,0
252,neutral,neutral,0.0,neutral,0.0,neutral,0
253,neutral,neutral,0.0,neutral,0.0,neutral,0
254,neutral,neutral,0.0,neutral,0.0,neutral,0
255,neutral,neutral,0.0,neutral,0.0,neutral,0
256,neutral,neutral,0.0,neutral,0.0,neutral,0
257,neutral,neutral,0.0,neutral,0.0,neutral,0
258,neutral,neutral,0.0,neutral,0.0,neutral,0
259,neutral,neutral,0.0,neutral,0.0,neutral,0
260,neutral,neutral,0.0,neutral,0.0,neutral,0
261,neutral,neutral,0.0,neutral,0.0,neutral,0
262,neutral,neutral,0.0,neutral,0.0,neutral,0
263,neutral,neutral,0.0,neutral,0.0,neutral,0
264,neutral,neutral,0.0,neutral,0.0,neutral,0
265,neutral,neutral,0.0,neutral,0.0,neutral,0
266,neutral,neutral,0.0,neutral,0.0,neutral,0
267,neutral,neutral,0.0,neutral,0.0,neutral,0
268,neutral,neutral,0.0,neutral,0.0,neutral,0
269,neutral,neutral,0.0,neutral,0.0,neutral,0
270,neutral,neutral,0.0,neutral,0.0,neutral,0
271,neutral,neutral,0.0,neutral,0.0,neutral,0
272,neutral,neutral,0.0,neutral,0.0,neutral,0
273,neutral,neutral,0.0,neutral,0.0,neutral,0
274,neutral,neutral,0.0,neutral,0.0,neutral,0
275,neutral,neutral,0.0,neutral,0.0,neutral,0
276,neutral,neutral,0.0,neutral,0.0,neutral,0
277,neutral,neutral,0.0,neutral,0.0,neutral,0
278,neutral,neutral,0.0,neutral,0.0,neutral,0
279,neutral,neutral,0.0,neutral,0.0,neutral,0
280,neutral,neutral,0.0,neutral,0.0,neutral,0
281,neutral,neutral,0.0,neutral,0.0,neutral,0
282,neutral,neutral,0.0,neutral,0.0,neutral,0
283,neutral,neutral,0.0,neutral,0.0,neutral,0
284,neutral,neutral,0.0,neutral,0.0,neutral,0
285,neutral,neutral,0.0,neutral,0.0,neutral,0
286,neutral,neutral,0.0,neutral,0.0,neutral,0
287,neutral,neutral,0.0,neutral,0.0,neutral,0
288,neutral,neutral,0.0,neutral,0.0,neutral,0
289,neutral,neutral,0.0,neutral,0.0,neutral,0
290,neutral,neutral,0.0,neutral,0.0,neutral,0
291,neutral,neutral,0.0,neutral,0.0,neutral,0
292,neutral,neutral,0.0,neutral,0.0,neutral,0
293,neutral,neutral,0.0,neutral,0.0,neutral,0
294,neutral,neutral,0.0,neutral,0.0,neutral,0
295,neutral,neutral,0.0,neutral,0.0,neutral,0
296,neutral,neutral,0.0,neutral,0.0,neutral,0
297,neutral,neutral,0.0,neutral,0.0,neutral,0
298,neutral,neutral,0.0,neutral,0.0,neutral,0
299,neutral,neutral,0.0,neutral,0.0,neutral,0
300,neutral,neutral,0.0,neutral,0.0,neutral,0
301,neutral,neutral,0.0,neutral,0.0,neutral,0
302,neutral,neutral,0.0,neutral,0.0,neutral,0
303,neutral,neutral,0.0,neutral,0.0,neutral,0
304,neutral,neutral,0.0,neutral,0.0,neutral,0
305,neutral,neutral,0.0,neutral,0.0,neutral,0
306,neutral,neutral,0.0,neutral,0.0,neutral,0
307,neutral,neutral,0.0,neutral,0.0,neutral,0
308,neutral,neutral,0.0,neutral,0.0,neutral,0
309,neutral,neutral,0.0,neutral,0.0,neutral,0
310,neutral,neutral,0.0,neutral,0.0,neutral,0
311,neutral,neutral,0.0,neutral,0.0,neutral,0
312,neutral,neutral,0.0,neutral,0.0,neutral,0
313,neutral,neutral,0.0,neutral,0.0,neutral,0
314,neutral,neutral,0.0,neutral,0.0,neutral,0
315,neutral,neutral,0.0,neutral,0.0,neutral,0
316,neutral,neutral,0.0,neutral,0.0,neutral,0
317,neutral,neutral,0.0,neutral,0.0,neutral,0
318,neutral,neutral,0.0,neutral,0.0,neutral,0
319,neutral,neutral,0.0,neutral,0.0,neutral,0
320,neutral,neutral,0.0,neutral,0.0,neutral,0
321,neutral,neutral,0.0,neutral,0.0,neutral,0
322,neutral,neutral,0.0,neutral,0.0,neutral,0
323,neutral,neutral,0.0,neutral,0.0,neutral,0
324,neutral,neutral,0.0,neutral,0.0,neutral,0
325,neutral,neutral,0.0,neutral,0.0,neutral,0
326,neutral,neutral,0.0,neutral,0.0,neutral,0
327,neutral,neutral,0.0,neutral,0.0,neutral,0
328,neutral,neutral,0.0,neutral,0.0,neutral,0
329,neutral,neutral,0.0,neutral,0.0,neutral,0
330,neutral,neutral,0.0,neutral,0.0,neutral,0
331,neutral,neutral,0.0,neutral,0.0,neutral,0
332,neutral,neutral,0.0,neutral,0.0,neutral,0
333,neutral,neutral,0.0,neutral,0.0,neutral,0
334,neutral,neutral,0.0,neutral,0.0,neutral,0
335,neutral,neutral,0.0,neutral,0.0,neutral,0
336,neutral,neutral,0.0,neutral,0.0,neutral,0
337,neutral,neutral,0.0,neutral,0.0,neutral,0
338,neutral,neutral,0.0,neutral,0.0,neutral,0
339,neutral,neutral,0.0,neutral,0.0,neutral,0
340,neutral,neutral,0.0,neutral,0.0,neutral,0
341,neutral,neutral,0.0,neutral,0.0,neutral,0
342,neutral,neutral,0.0,neutral,0.0,neutral,0
343,neutral,neutral,0.0,neutral,0.0,neutral,0
344,neutral,neutral,0.0,neutral,0.0,neutral,0
345,neutral,neutral,0.0,neutral,0.0,neutral,0
346,neutral,neutral,0.0,neutral,0.0,neutral,0
347,neutral,neutral,0.0,neutral,0.0,neutral,0
348,neutral,neutral,0.0,neutral,0.0,neutral,0
349,neutral,neutral,0.0,neutral,0.0,neutral,0
350,neutral,neutral,0.0,neutral,0.0,neutral,0
351,neutral,neutral,0.0,neutral,0.0,neutral,0
352,neutral,neutral,0.0,neutral,0.0,neutral,0
353,neutral,neutral,0.0,neutral,0.0,neutral,0
354,neutral,neutral,0.0,neutral,0.0,neutral,0
355,neutral,neutral,0.0,neutral,0.0,neutral,0
356,neutral,neutral,0.0,neutral,0.0,neutral,0
357,neutral,neutral,0.0,neutral,0.0,neutral,0
358,neutral,neutral,0.0,neutral,0.0,neutral,0
359,neutral,neutral,0.0,neutral,0.0,neutral,0
360,neutral,neutral,0.0,neutral,0.0,neutral,0
361,neutral,neutral,0.0,neutral,0.0,neutral,0
362,neutral,neutral,0.0,neutral,0.0,neutral,0
363,neutral,neutral,0.0,neutral,0.0,neutral,0
364,neutral,neutral,0.0,neutral,0.0,neutral,0
365,neutral,neutral,0.0,neutral,0.0,neutral,0
366,neutral,neutral,0.0,neutral,0.0,neutral,0
367,neutral,neutral,0.0,neutral,0.0,neutral,0
368,neutral,neutral,0.0,neutral,0.0,neutral,0
369,neutral,neutral,0.0,neutral,0.0,neutral,0
370,neutral,neutral,0.0,neutral,0.0,neutral,0
371,neutral,neutral,0.0,neutral,0.0,neutral,0
372,neutral,neutral,0.0,neutral,0.0,neutral,0
373,neutral,neutral,0.0,neutral,0.0,neutral,0
374,neutral,neutral,0.0,neutral,0.0,neutral,0
375,neutral,neutral,0.0,neutral,0.0,neutral,0
376,neutral,neutral,0.0,neutral,0.0,neutral,0
377,neutral,neutral,0.0,neutral,0.0,neutral,0
378,neutral,neutral,0.0,neutral,0.0,neutral,0
379,neutral,neutral,0.0,neutral,0.0,neutral,0
380,neutral,neutral,0.0,neutral,0.0,neutral,0
381,neutral,neutral,0.0,neutral,0.0,neutral,0
382,neutral,neutral,0.0,neutral,0.0,neutral,0
383,neutral,neutral,0.0,neutral,0.0,neutral,0
384,neutral,neutral,0.0,neutral,0.0,neutral,0
385,neutral,neutral,0.0,neutral,0.0,neutral,0
386,neutral,neutral,0.0,neutral,0.0,neutral,0
387,neutral,neutral,0.0,neutral,0.0,neutral,0
388,neutral,neutral,0.0,neutral,0.0,neutral,0
389,neutral,neutral,0.0,neutral,0.0,neutral,0
390,neutral,neutral,0.0,neutral,0.0,neutral,0
391,neutral,neutral,0.0,neutral,0.0,neutral,0
392,neutral,neutral,0.0,neutral,0.0,neutral,0
393,neutral,neutral,0.0,neutral,0.0,neutral,0
394,neutral,neutral,0.0,neutral,0.0,neutral,0
395,neutral,neutral,0.0,neutral,0.0,neutral,0
396,neutral,neutral,0.0,neutral,0.0,neutral,0
397,neutral,neutral,0.0,neutral,0.0,neutral,0
398,neutral,neutral,0.0,neutral,0.0,neutral,0
399,neutral,neutral,0.0,neutral,0.0,neutral,0
400,neutral,neutral,0.0,neutral,0.0,neutral,0
401,neutral,neutral,0.0,neutral,0.0,neutral,0
402,neutral,neutral,0.0,neutral,0.0,neutral,0
403,neutral,neutral,0.0,neutral,0.0,neutral,0
404,neutral,neutral,0.0,neutral,0.0,neutral,0
405,neutral,neutral,0.0,neutral,0.0,neutral,0
406,neutral,neutral,0.0,neutral,0.0,neutral,0
407,neutral,neutral,0.0,neutral,0.0,neutral,0
408,neutral,neutral,0.0,neutral,0.0,neutral,0
409,neutral,neutral,0.0,neutral,0.0,neutral,0
410,neutral,neutral,0.0,neutral,0.0,neutral,0
411,neutral,neutral,0.0,neutral,0.0,neutral,0
412,neutral,neutral,0.0,neutral,0.0,neutral,0
413,neutral,neutral,0.0,neutral,0.0,neutral,0
414,neutral,neutral,0.0,neutral,0.0,neutral,0
415,neutral,neutral,0.0,neutral,0.0,neutral,0
416,neutral,neutral,0.0,neutral,0.0,neutral,0
417,neutral,neutral,0.0,neutral,0.0,neutral,0
418,neutral,neutral,0.0,neutral,0.0,neutral,0
419,neutral,neutral,0.0,neutral,0.0,neutral,0
420,neutral,neutral,0.0,neutral,0.0,neutral,0
421,neutral,neutral,0.0,neutral,0.0,neutral,0
422,neutral,neutral,0.0,neutral,0.0,neutral,0
423,neutral,neutral,0.0,neutral,0.0,neutral,0
424,neutral,neutral,0.0,neutral,0.0,neutral,0
425,neutral,neutral,0.0,neutral,0.0,neutral,0
426,neutral,neutral,0.0,neutral,0.0,neutral,0
427,neutral,neutral,0.0,neutral,0.0,neutral,0
428,neutral,neutral,0.0,neutral,0.0,neutral,0
429,neutral,neutral,0.0,neutral,0.0,neutral,0
430,neutral,neutral,0.0,neutral,0.0,neutral,0
431,neutral,neutral,0.0,neutral,0.0,neutral,0
432,neutral,neutral,0.0,neutral,0.0,neutral,0
433,neutral,neutral,0.0,neutral,0.0,neutral,0
434,neutral,neutral,0.0,neutral,0.0,neutral,0
435,neutral,neutral,0.0,neutral,0.0,neutral,0
436,neutral,neutral,0.0,neutral,0.0,neutral,0
437,neutral,neutral,0.0,neutral,0.0,neutral,0
438,neutral,neutral,0.0,neutral,0.0,neutral,0
439,neutral,neutral,0.0,neutral,0.0,neutral,0
440,neutral,neutral,0.0,neutral,0.0,neutral,0
441,neutral,neutral,0.0,neutral,0.0,neutral,0
442,neutral,neutral,0.0,neutral,0.0,neutral,0
443,neutral,neutral,0.0,neutral,0.0,neutral,0
444,neutral,neutral,0.0,neutral,0.0,neutral,0
445,neutral,neutral,0.0,neutral,0.0,neutral,0
446,neutral,neutral,0.0,neutral,0.0,neutral,0
447,neutral,neutral,0.0,neutral,0.0,neutral,0
448,neutral,neutral,0.0,neutral,0.0,neutral,0
449,neutral,neutral,0.0,neutral,0.0,neutral,0
450,neutral,neutral,0.0,neutral,0.0,neutral,0
451,neutral,neutral,0.0,neutral,0.0,neutral,0
452,neutral,neutral,0.0,neutral,0.0,neutral,0
453,neutral,neutral,0.0,neutral,0.0,neutral,0
454,neutral,neutral,0.0,neutral,0.0,neutral,0
455,neutral,neutral,0.0,neutral,0.0,neutral,0
456,neutral,neutral,0.0,neutral,0.0,neutral,0
457,neutral,neutral,0.0,neutral,0.0,neutral,0
458,neutral,neutral,0.0,neutral,0.0,neutral,0
459,neutral,neutral,0.0,neutral,0.0,neutral,0
460,neutral,neutral,0.0,neutral,0.0,neutral,0
461,neutral,neutral,0.0,neutral,0.0,neutral,0
462,neutral,neutral,0.0,neutral,0.0,neutral,0
463,neutral,neutral,0.0,neutral,0.0,neutral,0
464,neutral,neutral,0.0,neutral,0.0,neutral,0
465,neutral,neutral,0.0,neutral,0.0,neutral,0
466,neutral,neutral,0.0,neutral,0.0,neutral,0
467,neutral,neutral,0.0,neutral,0.0,neutral,0
468,neutral,neutral,0.0,neutral,0.0,neutral,0
469,neutral,neutral,0.0,neutral,0.0,neutral,0
470,neutral,neutral,0.0,neutral,0.0,neutral,0
471,neutral,neutral,0.0,neutral,0.0,neutral,0
472,neutral,neutral,0.0,neutral,0.0,neutral,0
473,neutral,neutral,0.0,neutral,0.0,neutral,0
474,neutral,neutral,0.0,neutral,0.0,neutral,0
475,neutral,neutral,0.0,neutral,0.0,neutral,0
476,neutral,neutral,0.0,neutral,0.0,neutral,0
477,neutral,neutral,0.0,neutral,0.0,neutral,0
478,neutral,neutral,0.0,neutral,0.0,neutral,0
479,neutral,neutral,0.0,neutral,0.0,neutral,0
480,neutral,neutral,0.0,neutral,0.0,neutral,0
481,neutral,neutral,0.0,neutral,0.0,neutral,0
482,neutral,neutral,0.0,neutral,0.0,neutral,0
483,neutral,neutral,0.0,neutral,0.0,neutral,0
484,neutral,neutral,0.0,neutral,0.0,neutral,0
485,neutral,neutral,0.0,neutral,0.0,neutral,0
486,neutral,neutral,0.0,neutral,0.0,neutral,0
487,neutral,neutral,0.0,neutral,0.0,neutral,0
488,neutral,neutral,0.0,neutral,0.0,neutral,0
489,neutral,neutral,0.0,neutral,0.0,neutral,0
490,neutral,neutral,0.0,neutral,0.0,neutral,0
491,neutral,neutral,0.0,neutral,0.0,neutral,0
492,neutral,neutral,0.0,neutral,0.0,neutral,0
493,neutral,neutral,0.0,neutral,0.0,neutral,0
494,neutral,neutral,0.0,neutral,0.0,neutral,0
495,neutral,neutral,0.0,neutral,0.0,neutral,0
496,neutral,neutral,0.0,neutral,0.0,neutral,0
497,neutral,neutral,0.0,neutral,0.0,neutral,0
498,neutral,neutral,0.0,neutral,0.0,neutral,0
499,neutral,neutral,0.0,neutral,0.0,neutral,0
500,neutral,neutral,0.0,neutral,0.0,neutral,0
501,neutral,neutral,0.0,neutral,0.0,neutral,0
502,neutral,neutral,0.0,neutral,0.0,neutral,0
503,neutral,neutral,0.0,neutral,0.0,neutral,0
504,neutral,neutral,0.0,neutral,0.0,neutral,0
505,neutral,neutral,0.0,neutral,0.0,neutral,0
506,neutral,neutral,0.0,neutral,0.0,neutral,0
507,neutral,neutral,0.0,neutral,0.0,neutral,0
508,neutral,neutral,0.0,neutral,0.0,neutral,0
509,neutral,neutral,0.0,neutral,0.0,neutral,0
510,neutral,neutral,0.0,neutral,0.0,neutral,0
511,neutral,neutral,0.0,neutral,0.0,neutral,0
512,neutral,neutral,0.0,neutral,0.0,neutral,0
513,neutral,neutral,0.0,neutral,0.0,neutral,0
514,neutral,neutral,0.0,neutral,0.0,neutral,0
515,neutral,neutral,0.0,neutral,0.0,neutral,0
516,neutral,neutral,0.0,neutral,0.0,neutral,0
517,neutral,neutral,0.0,neutral,0.0,neutral,0
518,neutral,neutral,0.0,neutral,0.0,neutral,0
519,neutral,neutral,0.0,neutral,0.0,neutral,0
520,neutral,neutral,0.0,neutral,0.0,neutral,0
521,neutral,neutral,0.0,neutral,0.0,neutral,0
522,neutral,neutral,0.0,neutral,0.0,neutral,0
523,neutral,neutral,0.0,neutral,0.0,neutral,0
524,neutral,neutral,0.0,neutral,0.0,neutral,0
525,neutral,neutral,0.0,neutral,0.0,neutral,0
526,neutral,neutral,0.0,neutral,0.0,neutral,0
527,neutral,neutral,0.0,neutral,0.0,neutral,0
528,neutral,neutral,0.0,neutral,0.0,neutral,0
529,neutral,neutral,0.0,neutral,0.0,neutral,0
530,neutral,neutral,0.0,neutral,0.0,neutral,0
531,neutral,neutral,0.0,neutral,0.0,neutral,0
532,neutral,neutral,0.0,neutral,0.0,neutral,0
533,neutral,neutral,0.0,neutral,0.0,neutral,0
534,neutral,neutral,0.0,neutral,0.0,neutral,0
535,neutral,neutral,0.0,neutral,0.0,neutral,0
536,neutral,neutral,0.0,neutral,0.0,neutral,0
537,neutral,neutral,0.0,neutral,0.0,neutral,0
538,neutral,neutral,0.0,neutral,0.0,neutral,0
539,neutral,neutral,0.0,neutral,0.0,neutral,0
540,neutral,neutral,0.0,neutral,0.0,neutral,0
541,neutral,neutral,0.0,neutral,0.0,neutral,0
542,neutral,neutral,0.0,neutral,0.0,neutral,0
543,neutral,neutral,0.0,neutral,0.0,neutral,0
544,neutral,neutral,0.0,neutral,0.0,neutral,0
545,neutral,neutral,0.0,neutral,0.0,neutral,0
546,neutral,neutral,0.0,neutral,0.0,neutral,0
547,neutral,neutral,0.0,neutral,0.0,neutral,0
548,neutral,neutral,0.0,neutral,0.0,neutral,0
549,neutral,neutral,0.0,neutral,0.0,neutral,0
550,neutral,neutral,0.0,neutral,0.0,neutral,0
551,neutral,neutral,0.0,neutral,0.0,neutral,0
552,neutral,neutral,0.0,neutral,0.0,neutral,0
553,neutral,neutral,0.0,neutral,0.0,neutral,0
554,neutral,neutral,0.0,neutral,0.0,neutral,0
555,neutral,neutral,0.0,neutral,0.0,neutral,0
556,neutral,neutral,0.0,neutral,0.0,neutral,0
557,neutral,neutral,0.0,neutral,0.0,neutral,0
558,neutral,neutral,0.0,neutral,0.0,neutral,0
559,neutral,neutral,0.0,neutral,0.0,neutral,0
560,neutral,neutral,0.0,neutral,0.0,neutral,0
561,neutral,neutral,0.0,neutral,0.0,neutral,0
562,neutral,neutral,0.0,neutral,0.0,neutral,0
563,neutral,neutral,0.0,neutral,0.0,neutral,0
564,neutral,neutral,0.0,neutral,0.0,neutral,0
565,neutral,neutral,0.0,neutral,0.0,neutral,0
566,neutral,neutral,0.0,neutral,0.0,neutral,0
567,neutral,neutral,0.0,neutral,0.0,neutral,0
568,neutral,neutral,0.0,neutral,0.0,neutral,0
569,neutral,neutral,0.0,neutral,0.0,neutral,0
570,neutral,neutral,0.0,neutral,0.0,neutral,0
571,neutral,neutral,0.0,neutral,0.0,neutral,0
572,neutral,neutral,0.0,neutral,0.0,neutral,0
573,neutral,neutral,0.0,neutral,0.0,neutral,0
574,neutral,neutral,0.0,neutral,0.0,neutral,0
575,neutral,neutral,0.0,neutral,0.0,neutral,0
576,neutral,neutral,0.0,neutral,0.0,neutral,0
577,neutral,neutral,0.0,neutral,0.0,neutral,0
578,neutral,neutral,0.0,neutral,0.0,neutral,0
579,neutral,neutral,0.0,neutral,0.0,neutral,0
580,neutral,neutral,0.0,neutral,0.0,neutral,0
581,neutral,neutral,0.0,neutral,0.0,neutral,0
582,neutral,neutral,0.0,neutral,0.0,neutral,0
583,neutral,neutral,0.0,neutral,0.0,neutral,0
584,neutral,neutral,0.0,neutral,0.0,neutral,0
585,neutral,neutral,0.0,neutral,0.0,neutral,0
586,neutral,neutral,0.0,neutral,0.0,neutral,0
587,neutral,neutral,0.0,neutral,0.0,neutral,0
588,neutral,neutral,0.0,neutral,0.0,neutral,0
589,neutral,neutral,0.0,neutral,0.0,neutral,0
590,neutral,neutral,0.0,neutral,0.0,neutral,0
591,neutral,neutral,0.0,neutral,0.0,neutral,0
592,neutral,neutral,0.0,neutral,0.0,neutral,0
593,neutral,neutral,0.0,neutral,0.0,neutral,0
594,neutral,neutral,0.0,neutral,0.0,neutral,0
595,neutral,neutral,0.0,neutral,0.0,neutral,0
596,neutral,neutral,0.0,neutral,0.0,neutral,0
597,neutral,neutral,0.0,neutral,0.0,neutral,0
598,neutral,neutral,0.0,neutral,0.0,neutral,0
599,neutral,neutral,0.0,neutral,0.0,neutral,0
600,neutral,neutral,0.0,neutral,0.0,neutral,0
601,neutral,neutral,0.0,neutral,0.0,neutral,0
602,neutral,neutral,0.0,neutral,0.0,neutral,0
603,neutral,neutral,0.0,neutral,0.0,neutral,0
604,neutral,neutral,0.0,neutral,0.0,neutral,0
605,neutral,neutral,0.0,neutral,0.0,neutral,0
606,neutral,neutral,0.0,neutral,0.0,neutral,0
607,neutral,neutral,0.0,neutral,0.0,neutral,0
608,neutral,neutral,0.0,neutral,0.0,neutral,0
609,neutral,neutral,0.0,neutral,0.0,neutral,0
610,neutral,neutral,0.0,neutral,0.0,neutral,0
611,neutral,neutral,0.0,neutral,0.0,neutral,0
612,neutral,neutral,0.0,neutral,0.0,neutral,0
613,neutral,neutral,0.0,neutral,0.0,neutral,0
614,neutral,neutral,0.0,neutral,0.0,neutral,0
615,neutral,neutral,0.0,neutral,0.0,neutral,0
616,neutral,neutral,0.0,neutral,0.0,neutral,0
617,neutral,neutral,0.0,neutral,0.0,neutral,0
618,neutral,neutral,0.0,neutral,0.0,neutral,0
619,neutral,neutral,0.0,neutral,0.0,neutral,0
620,neutral,neutral,0.0,neutral,0.0,neutral,0
621,neutral,neutral,0.0,neutral,0.0,neutral,0
622,neutral,neutral,0.0,neutral,0.0,neutral,0
623,neutral,neutral,0.0,neutral,0.0,neutral,0
624,neutral,neutral,0.0,neutral,0.0,neutral,0
625,neutral,neutral,0.0,neutral,0.0,neutral,0
626,neutral,neutral,0.0,neutral,0.0,neutral,0
627,neutral,neutral,0.0,neutral,0.0,neutral,0
628,neutral,neutral,0.0,neutral,0.0,neutral,0
629,neutral,neutral,0.0,neutral,0.0,neutral,0
630,neutral,neutral,0.0,neutral,0.0,neutral,0
631,neutral,neutral,0.0,neutral,0.0,neutral,0
632,neutral,neutral,0.0,neutral,0.0,neutral,0
633,neutral,neutral,0.0,neutral,0.0,neutral,0
634,neutral,neutral,0.0,neutral,0.0,neutral,0
635,neutral,neutral,0.0,neutral,0.0,neutral,0
636,neutral,neutral,0.0,neutral,0.0,neutral,0
637,neutral,neutral,0.0,neutral,0.0,neutral,0
638,neutral,neutral,0.0,neutral,0.0,neutral,0
639,neutral,neutral,0.0,neutral,0.0,neutral,0
640,neutral,neutral,0.0,neutral,0.0,neutral,0
641,neutral,neutral,0.0,neutral,0.0,neutral,0
642,neutral,neutral,0.0,neutral,0.0,neutral,0
643,neutral,neutral,0.0,neutral,0.0,neutral,0
644,neutral,neutral,0.0,neutral,0.0,neutral,0
645,neutral,neutral,0.0,neutral,0.0,neutral,0
646,neutral,neutral,0.0,neutral,0.0,neutral,0
647,neutral,neutral,0.0,neutral,0.0,neutral,0
648,neutral,neutral,0.0,neutral,0.0,neutral,0
649,neutral,neutral,0.0,neutral,0.0,neutral,0
650,neutral,neutral,0.0,neutral,0.0,neutral,0
651,neutral,neutral,0.0,neutral,0.0,neutral,0
652,neutral,neutral,0.0,neutral,0.0,neutral,0
653,neutral,neutral,0.0,neutral,0.0,neutral,0
654,neutral,neutral,0.0,neutral,0.0,neutral,0
655,neutral,neutral,0.0,neutral,0.0,neutral,0
656,neutral,neutral,0.0,neutral,0.0,neutral,0
657,neutral,neutral,0.0,neutral,0.0,neutral,0
658,neutral,neutral,0.0,neutral,0.0,neutral,0
659,neutral,neutral,0.0,neutral,0.0,neutral,0
660,neutral,neutral,0.0,neutral,0.0,neutral,0
661,neutral,neutral,0.0,neutral,0.0,neutral,0
662,neutral,neutral,0.0,neutral,0.0,neutral,0
663,neutral,neutral,0.0,neutral,0.0,neutral,0
664,neutral,neutral,0.0,neutral,0.0,neutral,0
665,neutral,neutral,0.0,neutral,0.0,neutral,0
666,neutral,neutral,0.0,neutral,0.0,neutral,0
667,neutral,neutral,0.0,neutral,0.0,neutral,0
668,neutral,neutral,0.0,neutral,0.0,neutral,0
669,neutral,neutral,0.0,neutral,0.0,neutral,0
670,neutral,neutral,0.0,neutral,0.0,neutral,0
671,neutral,neutral,0.0,neutral,0.0,neutral,0
672,neutral,neutral,0.0,neutral,0.0,neutral,0
673,neutral,neutral,0.0,neutral,0.0,neutral,0
674,neutral,neutral,0.0,neutral,0.0,neutral,0
675,neutral,neutral,0.0,neutral,0.0,neutral,0
676,neutral,neutral,0.0,neutral,0.0,neutral,0
677,neutral,neutral,0.0,neutral,0.0,neutral,0
678,neutral,neutral,0.0,neutral,0.0,neutral,0
679,neutral,neutral,0.0,neutral,0.0,neutral,0
680,neutral,neutral,0.0,neutral,0.0,neutral,0
681,neutral,neutral,0.0,neutral,0.0,neutral,0
682,neutral,neutral,0.0,neutral,0.0,neutral,0
683,neutral,neutral,0.0,neutral,0.0,neutral,0
684,neutral,neutral,0.0,neutral,0.0,neutral,0
685,neutral,neutral,0.0,neutral,0.0,neutral,0
686,neutral,neutral,0.0,neutral,0.0,neutral,0
687,neutral,neutral,0.0,neutral,0.0,neutral,0
688,neutral,neutral,0.0,neutral,0.0,neutral,0
689,neutral,neutral,0.0,neutral,0.0,neutral,0
690,neutral,neutral,0.0,neutral,0.0,neutral,0
691,neutral,neutral,0.0,neutral,0.0,neutral,0
692,neutral,neutral,0.0,neutral,0.0,neutral,0
693,neutral,neutral,0.0,neutral,0.0,neutral,0
694,neutral,neutral,0.0,neutral,0.0,neutral,0
695,neutral,neutral,0.0,neutral,0.0,neutral,0
696,neutral,neutral,0.0,neutral,0.0,neutral,0
697,neutral,neutral,0.0,neutral,0.0,neutral,0
698,neutral,neutral,0.0,neutral,0.0,neutral,0
699,neutral,neutral,0.0,neutral,0.0,neutral,0
700,neutral,neutral,0.0,neutral,0.0,neutral,0
701,neutral,neutral,0.0,neutral,0.0,neutral,0
702,neutral,neutral,0.0,neutral,0.0,neutral,0
703,neutral,neutral,0.0,neutral,0.0,neutral,0
704,neutral,neutral,0.0,neutral,0.0,neutral,0
705,neutral,neutral,0.0,neutral,0.0,neutral,0
706,neutral,neutral,0.0,neutral,0.0,neutral,0
707,neutral,neutral,0.0,neutral,0.0,neutral,0
708,neutral,neutral,0.0,neutral,0.0,neutral,0
709,neutral,neutral,0.0,neutral,0.0,neutral,0
710,neutral,neutral,0.0,neutral,0.0,neutral,0
711,neutral,neutral,0.0,neutral,0.0,neutral,0
712,neutral,neutral,0.0,neutral,0.0,neutral,0
713,neutral,neutral,0.0,neutral,0.0,neutral,0
714,neutral,neutral,0.0,neutral,0.0,neutral,0
715,neutral,neutral,0.0,neutral,0.0,neutral,0
716,neutral,neutral,0.0,neutral,0.0,neutral,0
717,neutral,neutral,0.0,neutral,0.0,neutral,0
718,neutral,neutral,0.0,neutral,0.0,neutral,0
719,neutral,neutral,0.0,neutral,0.0,neutral,0
720,neutral,neutral,0.0,neutral,0.0,neutral,0
721,neutral,neutral,0.0,neutral,0.0,neutral,0
722,neutral,neutral,0.0,neutral,0.0,neutral,0
723,neutral,neutral,0.0,neutral,0.0,neutral,0
724,neutral,neutral,0.0,neutral,0.0,neutral,0
725,neutral,neutral,0.0,neutral,0.0,neutral,0
726,neutral,neutral,0.0,neutral,0.0,neutral,0
727,neutral,neutral,0.0,neutral,0.0,neutral,0
728,neutral,neutral,0.0,neutral,0.0,neutral,0
729,neutral,neutral,0.0,neutral,0.0,neutral,0
730,neutral,neutral,0.0,neutral,0.0,neutral,0
731,neutral,neutral,0.0,neutral,0.0,neutral,0
732,neutral,neutral,0.0,neutral,0.0,neutral,0
733,neutral,neutral,0.0,neutral,0.0,neutral,0
734,neutral,neutral,0.0,neutral,0.0,neutral,0
735,neutral,neutral,0.0,neutral,0.0,neutral,0
736,neutral,neutral,0.0,neutral,0.0,neutral,0
737,neutral,neutral,0.0,neutral,0.0,neutral,0
738,neutral,neutral,0.0,neutral,0.0,neutral,0
739,neutral,neutral,0.0,neutral,0.0,neutral,0
740,neutral,neutral,0.0,neutral,0.0,neutral,0
741,neutral,neutral,0.0,neutral,0.0,neutral,0
742,neutral,neutral,0.0,neutral,0.0,neutral,0
743,neutral,neutral,0.0,neutral,0.0,neutral,0
744,neutral,neutral,0.0,neutral,0.0,neutral,0
745,neutral,neutral,0.0,neutral,0.0,neutral,0
746,neutral,neutral,0.0,neutral,0.0,neutral,0
747,neutral,neutral,0.0,neutral,0.0,neutral,0
748,neutral,neutral,0.0,neutral,0.0,neutral,0
749,neutral,neutral,0.0,neutral,0.0,neutral,0
750,neutral,neutral,0.0,neutral,0.0,neutral,0
751,neutral,neutral,0.0,neutral,0.0,neutral,0
752,neutral,neutral,0.0,neutral,0.0,neutral,0
753,neutral,neutral,0.0,neutral,0.0,neutral,0
754,neutral,neutral,0.0,neutral,0.0,neutral,0
755,neutral,neutral,0.0,neutral,0.0,neutral,0
756,neutral,neutral,0.0,neutral,0.0,neutral,0
757,neutral,neutral,0.0,neutral,0.0,neutral,0
758,neutral,neutral,0.0,neutral,0.0,neutral,0
759,neutral,neutral,0.0,neutral,0.0,neutral,0
760,neutral,neutral,0.0,neutral,0.0,neutral,0
761,neutral,neutral,0.0,neutral,0.0,neutral,0
762,neutral,neutral,0.0,neutral,0.0,neutral,0
763,neutral,neutral,0.0,neutral,0.0,neutral,0
764,neutral,neutral,0.0,neutral,0.0,neutral,0
765,neutral,neutral,0.0,neutral,0.0,neutral,0
766,neutral,neutral,0.0,neutral,0.0,neutral,0
767,neutral,neutral,0.0,neutral,0.0,neutral,0
768,neutral,neutral,0.0,neutral,0.0,neutral,0
769,neutral,neutral,0.0,neutral,0.0,neutral,0
770,neutral,neutral,0.0,neutral,0.0,neutral,0
771,neutral,neutral,0.0,neutral,0.0,neutral,0
772,neutral,neutral,0.0,neutral,0.0,neutral,0
773,neutral,neutral,0.0,neutral,0.0,neutral,0
774,neutral,neutral,0.0,neutral,0.0,neutral,0
775,neutral,neutral,0.0,neutral,0.0,neutral,0
776,neutral,neutral,0.0,neutral,0.0,neutral,0
777,neutral,neutral,0.0,neutral,0.0,neutral,0
778,neutral,neutral,0.0,neutral,0.0,neutral,0
779,neutral,neutral,0.0,neutral,0.0,neutral,0
780,neutral,neutral,0.0,neutral,0.0,neutral,0
781,neutral,neutral,0.0,neutral,0.0,neutral,0
782,neutral,neutral,0.0,neutral,0.0,neutral,0
783,neutral,neutral,0.0,neutral,0.0,neutral,0
784,neutral,neutral,0.0,neutral,0.0,neutral,0
785,neutral,neutral,0.0,neutral,0.0,neutral,0
786,neutral,neutral,0.0,neutral,0.0,neutral,0
787,neutral,neutral,0.0,neutral,0.0,neutral,0
788,neutral,neutral,0.0,neutral,0.0,neutral,0
789,neutral,neutral,0.0,neutral,0.0,neutral,0
790,neutral,neutral,0.0,neutral,0.0,neutral,0
791,neutral,neutral,0.0,neutral,0.0,neutral,0
792,neutral,neutral,0.0,neutral,0.0,neutral,0
793,neutral,neutral,0.0,neutral,0.0,neutral,0
794,neutral,neutral,0.0,neutral,0.0,neutral,0
795,neutral,neutral,0.0,neutral,0.0,neutral,0
796,neutral,neutral,0.0,neutral,0.0,neutral,0
797,neutral,neutral,0.0,neutral,0.0,neutral,0
798,neutral,neutral,0.0,neutral,0.0,neutral,0
799,neutral,neutral,0.0,neutral,0.0,neutral,0
800,neutral,neutral,0.0,neutral,0.0,neutral,0
801,neutral,neutral,0.0,neutral,0.0,neutral,0
802,neutral,neutral,0.0,neutral,0.0,neutral,0
803,neutral,neutral,0.0,neutral,0.0,neutral,0
804,neutral,neutral,0.0,neutral,0.0,neutral,0
805,neutral,neutral,0.0,neutral,0.0,neutral,0
806,neutral,neutral,0.0,neutral,0.0,neutral,0
807,neutral,neutral,0.0,neutral,0.0,neutral,0
808,neutral,neutral,0.0,neutral,0.0,neutral,0
809,neutral,neutral,0.0,neutral,0.0,neutral,0
810,neutral,neutral,0.0,neutral,0.0,neutral,0
811,neutral,neutral,0.0,neutral,0.0,neutral,0
812,neutral,neutral,0.0,neutral,0.0,neutral,0
813,neutral,neutral,0.0,neutral,0.0,neutral,0
814,neutral,neutral,0.0,neutral,0.0,neutral,0
815,neutral,neutral,0.0,neutral,0.0,neutral,0
816,neutral,neutral,0.0,neutral,0.0,neutral,0
817,neutral,neutral,0.0,neutral,0.0,neutral,0
818,neutral,neutral,0.0,neutral,0.0,neutral,0
819,neutral,neutral,0.0,neutral,0.0,neutral,0
820,neutral,neutral,0.0,neutral,0.0,neutral,0
821,neutral,neutral,0.0,neutral,0.0,neutral,0
822,neutral,neutral,0.0,neutral,0.0,neutral,0
823,neutral,neutral,0.0,neutral,0.0,neutral,0
824,neutral,neutral,0.0,neutral,0.0,neutral,0
825,neutral,neutral,0.0,neutral,0.0,neutral,0
826,neutral,neutral,0.0,neutral,0.0,neutral,0
827,neutral,neutral,0.0,neutral,0.0,neutral,0
828,neutral,neutral,0.0,neutral,0.0,neutral,0
829,neutral,neutral,0.0,neutral,0.0,neutral,0
830,neutral,neutral,0.0,neutral,0.0,neutral,0
831,neutral,neutral,0.0,neutral,0.0,neutral,0
832,neutral,neutral,0.0,neutral,0.0,neutral,0
833,neutral,neutral,0.0,neutral,0.0,neutral,0
834,neutral,neutral,0.0,neutral,0.0,neutral,0
835,neutral,neutral,0.0,neutral,0.0,neutral,0
836,neutral,neutral,0.0,neutral,0.0,neutral,0
837,neutral,neutral,0.0,neutral,0.0,neutral,0
838,neutral,neutral,0.0,neutral,0.0,neutral,0
839,neutral,neutral,0.0,neutral,0.0,neutral,0
840,neutral,neutral,0.0,neutral,0.0,neutral,0
841,neutral,neutral,0.0,neutral,0.0,neutral,0
842,neutral,neutral,0.0,neutral,0.0,neutral,0
843,neutral,neutral,0.0,neutral,0.0,neutral,0
844,neutral,neutral,0.0,neutral,0.0,neutral,0
845,neutral,neutral,0.0,neutral,0.0,neutral,0
846,neutral,neutral,0.0,neutral,0.0,neutral,0
847,neutral,neutral,0.0,neutral,0.0,neutral,0
848,neutral,neutral,0.0,neutral,0.0,neutral,0
849,neutral,neutral,0.0,neutral,0.0,neutral,0
850,neutral,neutral,0.0,neutral,0.0,neutral,0
851,neutral,neutral,0.0,neutral,0.0,neutral,0
852,neutral,neutral,0.0,neutral,0.0,neutral,0
853,neutral,neutral,0.0,neutral,0.0,neutral,0
854,neutral,neutral,0.0,neutral,0.0,neutral,0
855,neutral,neutral,0.0,neutral,0.0,neutral,0
856,neutral,neutral,0.0,neutral,0.0,neutral,0
857,neutral,neutral,0.0,neutral,0.0,neutral,0
858,neutral,neutral,0.0,neutral,0.0,neutral,0
859,neutral,neutral,0.0,neutral,0.0,neutral,0
860,neutral,neutral,0.0,neutral,0.0,neutral,0
861,neutral,neutral,0.0,neutral,0.0,neutral,0
862,neutral,neutral,0.0,neutral,0.0,neutral,0
863,neutral,neutral,0.0,neutral,0.0,neutral,0
864,neutral,neutral,0.0,neutral,0.0,neutral,0
865,neutral,neutral,0.0,neutral,0.0,neutral,0
866,neutral,neutral,0.0,neutral,0.0,neutral,0
867,neutral,neutral,0.0,neutral,0.0,neutral,0
868,neutral,neutral,0.0,neutral,0.0,neutral,0
869,neutral,neutral,0.0,neutral,0.0,neutral,0
870,neutral,neutral,0.0,neutral,0.0,neutral,0
871,neutral,neutral,0.0,neutral,0.0,neutral,0
872,neutral,neutral,0.0,neutral,0.0,neutral,0
873,neutral,neutral,0.0,neutral,0.0,neutral,0
874,neutral,neutral,0.0,neutral,0.0,neutral,0
875,neutral,neutral,0.0,neutral,0.0,neutral,0
876,neutral,neutral,0.0,neutral,0.0,neutral,0
877,neutral,neutral,0.0,neutral,0.0,neutral,0
878,neutral,neutral,0.0,neutral,0.0,neutral,0
879,neutral,neutral,0.0,neutral,0.0,neutral,0
880,neutral,neutral,0.0,neutral,0.0,neutral,0
881,neutral,neutral,0.0,neutral,0.0,neutral,0
882,neutral,neutral,0.0,neutral,0.0,neutral,0
883,neutral,neutral,0.0,neutral,0.0,neutral,0
884,neutral,neutral,0.0,neutral,0.0,neutral,0
885,neutral,neutral,0.0,neutral,0.0,neutral,0
886,neutral,neutral,0.0,neutral,0.0,neutral,0
887,neutral,neutral,0.0,neutral,0.0,neutral,0
888,neutral,neutral,0.0,neutral,0.0,neutral,0
889,neutral,neutral,0.0,neutral,0.0,neutral,0
890,neutral,neutral,0.0,neutral,0.0,neutral,0
891,neutral,neutral,0.0,neutral,0.0,neutral,0
892,neutral,neutral,0.0,neutral,0.0,neutral,0
893,neutral,neutral,0.0,neutral,0.0,neutral,0
894,neutral,neutral,0.0,neutral,0.0,neutral,0
895,neutral,neutral,0.0,neutral,0.0,neutral,0
896,neutral,neutral,0.0,neutral,0.0,neutral,0
897,neutral,neutral,0.0,neutral,0.0,neutral,0
898,neutral,neutral,0.0,neutral,0.0,neutral,0
899,neutral,neutral,0.0,neutral,0.0,neutral,0
900,neutral,neutral,0.0,neutral,0.0,neutral,0
901,neutral,neutral,0.0,neutral,0.0,neutral,0
902,neutral,neutral,0.0,neutral,0.0,neutral,0
903,neutral,neutral,0.0,neutral,0.0,neutral,0
904,neutral,neutral,0.0,neutral,0.0,neutral,0
905,neutral,neutral,0.0,neutral,0.0,neutral,0
906,neutral,neutral,0.0,neutral,0.0,neutral,0
907,neutral,neutral,0.0,neutral,0.0,neutral,0
908,neutral,neutral,0.0,neutral,0.0,neutral,0
909,neutral,neutral,0.0,neutral,0.0,neutral,0
910,neutral,neutral,0.0,neutral,0.0,neutral,0
911,neutral,neutral,0.0,neutral,0.0,neutral,0
912,neutral,neutral,0.0,neutral,0.0,neutral,0
913,neutral,neutral,0.0,neutral,0.0,neutral,0
914,neutral,neutral,0.0,neutral,0.0,neutral,0
915,neutral,neutral,0.0,neutral,0.0,neutral,0
916,neutral,neutral,0.0,neutral,0.0,neutral,0
917,neutral,neutral,0.0,neutral,0.0,neutral,0
918,neutral,neutral,0.0,neutral,0.0,neutral,0
919,neutral,neutral,0.0,neutral,0.0,neutral,0
920,neutral,neutral,0.0,neutral,0.0,neutral,0
921,neutral,neutral,0.0,neutral,0.0,neutral,0
922,neutral,neutral,0.0,neutral,0.0,neutral,0
923,neutral,neutral,0.0,neutral,0.0,neutral,0
924,neutral,neutral,0.0,neutral,0.0,neutral,0
925,neutral,neutral,0.0,neutral,0.0,neutral,0
926,neutral,neutral,0.0,neutral,0.0,neutral,0
927,neutral,neutral,0.0,neutral,0.0,neutral,0
928,neutral,neutral,0.0,neutral,0.0,neutral,0
929,neutral,neutral,0.0,neutral,0.0,neutral,0
930,neutral,neutral,0.0,neutral,0.0,neutral,0
931,neutral,neutral,0.0,neutral,0.0,neutral,0
932,neutral,neutral,0.0,neutral,0.0,neutral,0
933,neutral,neutral,0.0,neutral,0.0,neutral,0
934,neutral,neutral,0.0,neutral,0.0,neutral,0
935,neutral,neutral,0.0,neutral,0.0,neutral,0
936,neutral,neutral,0.0,neutral,0.0,neutral,0
937,neutral,neutral,0.0,neutral,0.0,neutral,0
938,neutral,neutral,0.0,neutral,0.0,neutral,0
939,neutral,neutral,0.0,neutral,0.0,neutral,0
940,neutral,neutral,0.0,neutral,0.0,neutral,0
941,neutral,neutral,0.0,neutral,0.0,neutral,0
942,neutral,neutral,0.0,neutral,0.0,neutral,0
943,neutral,neutral,0.0,neutral,0.0,neutral,0
944,neutral,neutral,0.0,neutral,0.0,neutral,0
945,neutral,neutral,0.0,neutral,0.0,neutral,0
946,neutral,neutral,0.0,neutral,0.0,neutral,0
947,neutral,neutral,0.0,neutral,0.0,neutral,0
948,neutral,neutral,0.0,neutral,0.0,neutral,0
949,neutral,neutral,0.0,neutral,0.0,neutral,0
950,neutral,neutral,0.0,neutral,0.0,neutral,0
951,neutral,neutral,0.0,neutral,0.0,neutral,0
952,neutral,neutral,0.0,neutral,0.0,neutral,0
953,neutral,neutral,0.0,neutral,0.0,neutral,0
954,neutral,neutral,0.0,neutral,0.0,neutral,0
955,neutral,neutral,0.0,neutral,0.0,neutral,0
956,neutral,neutral,0.0,neutral,0.0,neutral,0
957,neutral,neutral,0.0,neutral,0.0,neutral,0
958,neutral,neutral,0.0,neutral,0.0,neutral,0
959,neutral,neutral,0.0,neutral,0.0,neutral,0
960,neutral,neutral,0.0,neutral,0.0,neutral,0
961,neutral,neutral,0.0,neutral,0.0,neutral,0
962,neutral,neutral,0.0,neutral,0.0,neutral,0
963,neutral,neutral,0.0,neutral,0.0,neutral,0
964,neutral,neutral,0.0,neutral,0.0,neutral,0
965,neutral,neutral,0.0,neutral,0.0,neutral,0
966,neutral,neutral,0.0,neutral,0.0,neutral,0
967,neutral,neutral,0.0,neutral,0.0,neutral,0
968,neutral,neutral,0.0,neutral,0.0,neutral,0
969,neutral,neutral,0.0,neutral,0.0,neutral,0
970,neutral,neutral,0.0,neutral,0.0,neutral,0
971,neutral,neutral,0.0,neutral,0.0,neutral,0
972,neutral,neutral,0.0,neutral,0.0,neutral,0
973,neutral,neutral,0.0,neutral,0.0,neutral,0
974,neutral,neutral,0.0,neutral,0.0,neutral,0
975,neutral,neutral,0.0,neutral,0.0,neutral,0
976,neutral,neutral,0.0,neutral,0.0,neutral,0
977,neutral,neutral,0.0,neutral,0.0,neutral,0
978,neutral,neutral,0.0,neutral,0.0,neutral,0
979,neutral,neutral,0.0,neutral,0.0,neutral,0
980,neutral,neutral,0.0,neutral,0.0,neutral,0
981,neutral,neutral,0.0,neutral,0.0,neutral,0
982,neutral,neutral,0.0,neutral,0.0,neutral,0
983,neutral,neutral,0.0,neutral,0.0,neutral,0
984,neutral,neutral,0.0,neutral,0.0,neutral,0
985,neutral,neutral,0.0,neutral,0.0,neutral,0
986,neutral,neutral,0.0,neutral,0.0,neutral,0
987,neutral,neutral,0.0,neutral,0.0,neutral,0
988,neutral,neutral,0.0,neutral,0.0,neutral,0
989,neutral,neutral,0.0,neutral,0.0,neutral,0
990,neutral,neutral,0.0,neutral,0.0,neutral,0
991,neutral,neutral,0.0,neutral,0.0,neutral,0
992,neutral,neutral,0.0,neutral,0.0,neutral,0
993,neutral,neutral,0.0,neutral,0.0,neutral,0
994,neutral,neutral,0.0,neutral,0.0,neutral,0
995,neutral,neutral,0.0,neutral,0.0,neutral,0
996,neutral,neutral,0.0,neutral,0.0,neutral,0
997,neutral,neutral,0.0,neutral,0.0,neutral,0
998,neutral,neutral,0.0,neutral,0.0,neutral,0
999,neutral,neutral,0.0,neutral,0.0,neutral,0
1000,neutral,neutral,0.0,neutral,0.0,neutral,0
1001,neutral,neutral,0.0,neutral,0.0,neutral,0
1002,neutral,neutral,0.0,neutral,0.0,neutral,0
1003,neutral,neutral,0.0,neutral,0.0,neutral,0
1004,neutral,neutral,0.0,neutral,0.0,neutral,0
1005,neutral,neutral,0.0,neutral,0.0,neutral,0
1006,neutral,neutral,0.0,neutral,0.0,neutral,0
1007,neutral,neutral,0.0,neutral,0.0,neutral,0
1008,neutral,neutral,0.0,neutral,0.0,neutral,0
1009,neutral,neutral,0.0,neutral,0.0,neutral,0
1010,neutral,neutral,0.0,neutral,0.0,neutral,0
1011,neutral,neutral,0.0,neutral,0.0,neutral,0
1012,neutral,neutral,0.0,neutral,0.0,neutral,0
1013,neutral,neutral,0.0,neutral,0.0,neutral,0
1014,neutral,neutral,0.0,neutral,0.0,neutral,0
1015,neutral,neutral,0.0,neutral,0.0,neutral,0
1016,neutral,neutral,0.0,neutral,0.0,neutral,0
1017,neutral,neutral,0.0,neutral,0.0,neutral,0
1018,neutral,neutral,0.0,neutral,0.0,neutral,0
1019,neutral,neutral,0.0,neutral,0.0,neutral,0
1020,neutral,neutral,0.0,neutral,0.0,neutral,0
1021,neutral,neutral,0.0,neutral,0.0,neutral,0
1022,neutral,neutral,0.0,neutral,0.0,neutral,0
1023,neutral,neutral,0.0,neutral,0.0,neutral,0
1024,neutral,neutral,0.0,neutral,0.0,neutral,0
1025,neutral,neutral,0.0,neutral,0.0,neutral,0
1026,neutral,neutral,0.0,neutral,0.0,neutral,0
1027,neutral,neutral,0.0,neutral,0.0,neutral,0
1028,neutral,neutral,0.0,neutral,0.0,neutral,0
1029,neutral,neutral,0.0,neutral,0.0,neutral,0
1030,neutral,neutral,0.0,neutral,0.0,neutral,0
1031,neutral,neutral,0.0,neutral,0.0,neutral,0
1032,neutral,neutral,0.0,neutral,0.0,neutral,0
1033,neutral,neutral,0.0,neutral,0.0,neutral,0
1034,neutral,neutral,0.0,neutral,0.0,neutral,0
1035,neutral,neutral,0.0,neutral,0.0,neutral,0
1036,neutral,neutral,0.0,neutral,0.0,neutral,0
1037,neutral,neutral,0.0,neutral,0.0,neutral,0
1038,neutral,neutral,0.0,neutral,0.0,neutral,0
1039,neutral,neutral,0.0,neutral,0.0,neutral,0
1040,neutral,neutral,0.0,neutral,0.0,neutral,0
1041,neutral,neutral,0.0,neutral,0.0,neutral,0
1042,neutral,neutral,0.0,neutral,0.0,neutral,0
1043,neutral,neutral,0.0,neutral,0.0,neutral,0
1044,neutral,neutral,0.0,neutral,0.0,neutral,0
1045,neutral,neutral,0.0,neutral,0.0,neutral,0
1046,neutral,neutral,0.0,neutral,0.0,neutral,0
1047,neutral,neutral,0.0,neutral,0.0,neutral,0
1048,neutral,neutral,0.0,neutral,0.0,neutral,0
1049,neutral,neutral,0.0,neutral,0.0,neutral,0
1050,neutral,neutral,0.0,neutral,0.0,neutral,0
1051,neutral,neutral,0.0,neutral,0.0,neutral,0
1052,neutral,neutral,0.0,neutral,0.0,neutral,0
1053,neutral,neutral,0.0,neutral,0.0,neutral,0
1054,neutral,neutral,0.0,neutral,0.0,neutral,0
1055,neutral,neutral,0.0,neutral,0.0,neutral,0
1056,neutral,neutral,0.0,neutral,0.0,neutral,0
1057,neutral,neutral,0.0,neutral,0.0,neutral,0
1058,neutral,neutral,0.0,neutral,0.0,neutral,0
1059,neutral,neutral,0.0,neutral,0.0,neutral,0
1060,neutral,neutral,0.0,neutral,0.0,neutral,0
1061,neutral,neutral,0.0,neutral,0.0,neutral,0
1062,neutral,neutral,0.0,neutral,0.0,neutral,0
1063,neutral,neutral,0.0,neutral,0.0,neutral,0
1064,neutral,neutral,0.0,neutral,0.0,neutral,0
1065,neutral,neutral,0.0,neutral,0.0,neutral,0
1066,neutral,neutral,0.0,neutral,0.0,neutral,0
1067,neutral,neutral,0.0,neutral,0.0,neutral,0
1068,neutral,neutral,0.0,neutral,0.0,neutral,0
1069,neutral,neutral,0.0,neutral,0.0,neutral,0
1070,neutral,neutral,0.0,neutral,0.0,neutral,0
1071,neutral,neutral,0.0,neutral,0.0,neutral,0
1072,neutral,neutral,0.0,neutral,0.0,neutral,0
1073,neutral,neutral,0.0,neutral,0.0,neutral,0
1074,neutral,neutral,0.0,neutral,0.0,neutral,0
1075,neutral,neutral,0.0,neutral,0.0,neutral,0
1076,neutral,neutral,0.0,neutral,0.0,neutral,0
1077,neutral,neutral,0.0,neutral,0.0,neutral,0
1078,neutral,neutral,0.0,neutral,0.0,neutral,0
1079,neutral,neutral,0.0,neutral,0.0,neutral,0
1080,neutral,neutral,0.0,neutral,0.0,neutral,0
1081,neutral,neutral,0.0,neutral,0.0,neutral,0
1082,neutral,neutral,0.0,neutral,0.0,neutral,0
1083,neutral,neutral,0.0,neutral,0.0,neutral,0
1084,neutral,neutral,0.0,neutral,0.0,neutral,0
1085,neutral,neutral,0.0,neutral,0.0,neutral,0
1086,neutral,neutral,0.0,neutral,0.0,neutral,0
1087,neutral,neutral,0.0,neutral,0.0,neutral,0
1088,neutral,neutral,0.0,neutral,0.0,neutral,0
1089,neutral,neutral,0.0,neutral,0.0,neutral,0
1090,neutral,neutral,0.0,neutral,0.0,neutral,0
1091,neutral,neutral,0.0,neutral,0.0,neutral,0
1092,neutral,neutral,0.0,neutral,0.0,neutral,0
1093,neutral,neutral,0.0,neutral,0.0,neutral,0
1094,neutral,neutral,0.0,neutral,0.0,neutral,0
1095,neutral,neutral,0.0,neutral,0.0,neutral,0
1096,neutral,neutral,0.0,neutral,0.0,neutral,0
1097,neutral,neutral,0.0,neutral,0.0,neutral,0
1098,neutral,neutral,0.0,neutral,0.0,neutral,0
1099,neutral,neutral,0.0,neutral,0.0,neutral,0
1100,neutral,neutral,0.0,neutral,0.0,neutral,0
1101,neutral,neutral,0.0,neutral,0.0,neutral,0
1102,neutral,neutral,0.0,neutral,0.0,neutral,0
1103,neutral,neutral,0.0,neutral,0.0,neutral,0
1104,neutral,neutral,0.0,neutral,0.0,neutral,0
1105,neutral,neutral,0.0,neutral,0.0,neutral,0
1106,neutral,neutral,0.0,neutral,0.0,neutral,0
1107,neutral,neutral,0.0,neutral,0.0,neutral,0
1108,neutral,neutral,0.0,neutral,0.0,neutral,0
1109,neutral,neutral,0.0,neutral,0.0,neutral,0
1110,neutral,neutral,0.0,neutral,0.0,neutral,0
1111,neutral,neutral,0.0,neutral,0.0,neutral,0
1112,neutral,neutral,0.0,neutral,0.0,neutral,0
1113,neutral,neutral,0.0,neutral,0.0,neutral,0
1114,neutral,neutral,0.0,neutral,0.0,neutral,0
1115,neutral,neutral,0.0,neutral,0.0,neutral,0
1116,neutral,neutral,0.0,neutral,0.0,neutral,0
1117,neutral,neutral,0.0,neutral,0.0,neutral,0
1118,neutral,neutral,0.0,neutral,0.0,neutral,0
1119,neutral,neutral,0.0,neutral,0.0,neutral,0
1120,neutral,neutral,0.0,neutral,0.0,neutral,0
1121,neutral,neutral,0.0,neutral,0.0,neutral,0
1122,neutral,neutral,0.0,neutral,0.0,neutral,0
1123,neutral,neutral,0.0,neutral,0.0,neutral,0
1124,neutral,neutral,0.0,neutral,0.0,neutral,0
1125,neutral,neutral,0.0,neutral,0.0,neutral,0
1126,neutral,neutral,0.0,neutral,0.0,neutral,0
1127,neutral,neutral,0.0,neutral,0.0,neutral,0
1128,neutral,neutral,0.0,neutral,0.0,neutral,0
1129,neutral,neutral,0.0,neutral,0.0,neutral,0
1130,neutral,neutral,0.0,neutral,0.0,neutral,0
1131,neutral,neutral,0.0,neutral,0.0,neutral,0
1132,neutral,neutral,0.0,neutral,0.0,neutral,0
1133,neutral,neutral,0.0,neutral,0.0,neutral,0
1134,neutral,neutral,0.0,neutral,0.0,neutral,0
1135,neutral,neutral,0.0,neutral,0.0,neutral,0
1136,neutral,neutral,0.0,neutral,0.0,neutral,0
1137,neutral,neutral,0.0,neutral,0.0,neutral,0
1138,neutral,neutral,0.0,neutral,0.0,neutral,0
1139,neutral,neutral,0.0,neutral,0.0,neutral,0
1140,neutral,neutral,0.0,neutral,0.0,neutral,0
1141,neutral,neutral,0.0,neutral,0.0,neutral,0
1142,neutral,neutral,0.0,neutral,0.0,neutral,0
1143,neutral,neutral,0.0,neutral,0.0,neutral,0
1144,neutral,neutral,0.0,neutral,0.0,neutral,0
1145,neutral,neutral,0.0,neutral,0.0,neutral,0
1146,neutral,neutral,0.0,neutral,0.0,neutral,0
1147,neutral,neutral,0.0,neutral,0.0,neutral,0
1148,neutral,neutral,0.0,neutral,0.0,neutral,0
1149,neutral,neutral,0.0,neutral,0.0,neutral,0
1150,neutral,neutral,0.0,neutral,0.0,neutral,0
1151,neutral,neutral,0.0,neutral,0.0,neutral,0
1152,neutral,neutral,0.0,neutral,0.0,neutral,0
1153,neutral,neutral,0.0,neutral,0.0,neutral,0
1154,neutral,neutral,0.0,neutral,0.0,neutral,0
1155,neutral,neutral,0.0,neutral,0.0,neutral,0
1156,neutral,neutral,0.0,neutral,0.0,neutral,0
1157,neutral,neutral,0.0,neutral,0.0,neutral,0
1158,neutral,neutral,0.0,neutral,0.0,neutral,0
1159,neutral,neutral,0.0,neutral,0.0,neutral,0
1160,neutral,neutral,0.0,neutral,0.0,neutral,0
1161,neutral,neutral,0.0,neutral,0.0,neutral,0
1162,neutral,neutral,0.0,neutral,0.0,neutral,0
1163,neutral,neutral,0.0,neutral,0.0,neutral,0
1164,neutral,neutral,0.0,neutral,0.0,neutral,0
1165,neutral,neutral,0.0,neutral,0.0,neutral,0
1166,neutral,neutral,0.0,neutral,0.0,neutral,0
1167,neutral,neutral,0.0,neutral,0.0,neutral,0
1168,neutral,neutral,0.0,neutral,0.0,neutral,0
1169,neutral,neutral,0.0,neutral,0.0,neutral,0
1170,neutral,neutral,0.0,neutral,0.0,neutral,0
1171,neutral,neutral,0.0,neutral,0.0,neutral,0
1172,neutral,neutral,0.0,neutral,0.0,neutral,0
1173,neutral,neutral,0.0,neutral,0.0,neutral,0
1174,neutral,neutral,0.0,neutral,0.0,neutral,0
1175,neutral,neutral,0.0,neutral,0.0,neutral,0
1176,neutral,neutral,0.0,neutral,0.0,neutral,0
1177,neutral,neutral,0.0,neutral,0.0,neutral,0
1178,neutral,neutral,0.0,neutral,0.0,neutral,0
1179,neutral,neutral,0.0,neutral,0.0,neutral,0
1180,neutral,neutral,0.0,neutral,0.0,neutral,0
1181,neutral,neutral,0.0,neutral,0.0,neutral,0
1182,neutral,neutral,0.0,neutral,0.0,neutral,0
1183,neutral,neutral,0.0,neutral,0.0,neutral,0
1184,neutral,neutral,0.0,neutral,0.0,neutral,0
1185,neutral,neutral,0.0,neutral,0.0,neutral,0
1186,neutral,neutral,0.0,neutral,0.0,neutral,0
1187,neutral,neutral,0.0,neutral,0.0,neutral,0
1188,neutral,neutral,0.0,neutral,0.0,neutral,0
1189,neutral,neutral,0.0,neutral,0.0,neutral,0
1190,neutral,neutral,0.0,neutral,0.0,neutral,0
1191,neutral,neutral,0.0,neutral,0.0,neutral,0
1192,neutral,neutral,0.0,neutral,0.0,neutral,0
1193,neutral,neutral,0.0,neutral,0.0,neutral,0
1194,neutral,neutral,0.0,neutral,0.0,neutral,0
1195,neutral,neutral,0.0,neutral,0.0,neutral,0
1196,neutral,neutral,0.0,neutral,0.0,neutral,0
1197,neutral,neutral,0.0,neutral,0.0,neutral,0
1198,neutral,neutral,0.0,neutral,0.0,neutral,0
1199,neutral,neutral,0.0,neutral,0.0,neutral,0
1200,neutral,neutral,0.0,neutral,0.0,neutral,0
1201,neutral,neutral,0.0,neutral,0.0,neutral,0
1202,neutral,neutral,0.0,neutral,0.0,neutral,0
1203,neutral,neutral,0.0,neutral,0.0,neutral,0
1204,neutral,neutral,0.0,neutral,0.0,neutral,0
1205,neutral,neutral,0.0,neutral,0.0,neutral,0
1206,neutral,neutral,0.0,neutral,0.0,neutral,0
1207,neutral,neutral,0.0,neutral,0.0,neutral,0
1208,neutral,neutral,0.0,neutral,0.0,neutral,0
1209,neutral,neutral,0.0,neutral,0.0,neutral,0
1210,neutral,neutral,0.0,neutral,0.0,neutral,0
1211,neutral,neutral,0.0,neutral,0.0,neutral,0
1212,neutral,neutral,0.0,neutral,0.0,neutral,0
1213,neutral,neutral,0.0,neutral,0.0,neutral,0
1214,neutral,neutral,0.0,neutral,0.0,neutral,0
1215,neutral,neutral,0.0,neutral,0.0,neutral,0
1216,neutral,neutral,0.0,neutral,0.0,neutral,0
1217,neutral,neutral,0.0,neutral,0.0,neutral,0
1218,neutral,neutral,0.0,neutral,0.0,neutral,0
1219,neutral,neutral,0.0,neutral,0.0,neutral,0
1220,neutral,neutral,0.0,neutral,0.0,neutral,0
1221,neutral,neutral,0.0,neutral,0.0,neutral,0
1222,neutral,neutral,0.0,neutral,0.0,neutral,0
1223,neutral,neutral,0.0,neutral,0.0,neutral,0
1224,neutral,neutral,0.0,neutral,0.0,neutral,0
1225,neutral,neutral,0.0,neutral,0.0,neutral,0
1226,neutral,neutral,0.0,neutral,0.0,neutral,0
1227,neutral,neutral,0.0,neutral,0.0,neutral,0
1228,neutral,neutral,0.0,neutral,0.0,neutral,0
1229,neutral,neutral,0.0,neutral,0.0,neutral,0
1230,neutral,neutral,0.0,neutral,0.0,neutral,0
1231,neutral,neutral,0.0,neutral,0.0,neutral,0
1232,neutral,neutral,0.0,neutral,0.0,neutral,0
1233,neutral,neutral,0.0,neutral,0.0,neutral,0
1234,neutral,neutral,0.0,neutral,0.0,neutral,0
1235,neutral,neutral,0.0,neutral,0.0,neutral,0
1236,neutral,neutral,0.0,neutral,0.0,neutral,0
1237,neutral,neutral,0.0,neutral,0.0,neutral,0
1238,neutral,neutral,0.0,neutral,0.0,neutral,0
1239,neutral,neutral,0.0,neutral,0.0,neutral,0
1240,neutral,neutral,0.0,neutral,0.0,neutral,0
1241,neutral,neutral,0.0,neutral,0.0,neutral,0
1242,neutral,neutral,0.0,neutral,0.0,neutral,0
1243,neutral,neutral,0.0,neutral,0.0,neutral,0
1244,neutral,neutral,0.0,neutral,0.0,neutral,0
1245,neutral,neutral,0.0,neutral,0.0,neutral,0
1246,neutral,neutral,0.0,neutral,0.0,neutral,0
1247,neutral,neutral,0.0,neutral,0.0,neutral,0
1248,neutral,neutral,0.0,neutral,0.0,neutral,0
1249,neutral,neutral,0.0,neutral,0.0,neutral,0
1250,neutral,neutral,0.0,neutral,0.0,neutral,0
1251,neutral,neutral,0.0,neutral,0.0,neutral,0
1252,neutral,neutral,0.0,neutral,0.0,neutral,0
1253,neutral,neutral,0.0,neutral,0.0,neutral,0
1254,neutral,neutral,0.0,neutral,0.0,neutral,0
1255,neutral,neutral,0.0,neutral,0.0,neutral,0
1256,neutral,neutral,0.0,neutral,0.0,neutral,0
1257,neutral,neutral,0.0,neutral,0.0,neutral,0
1258,neutral,neutral,0.0,neutral,0.0,neutral,0
1259,neutral,neutral,0.0,neutral,0.0,neutral,0
1260,neutral,neutral,0.0,neutral,0.0,neutral,0
1261,neutral,neutral,0.0,neutral,0.0,neutral,0
1262,neutral,neutral,0.0,neutral,0.0,neutral,0
1263,neutral,neutral,0.0,neutral,0.0,neutral,0
1264,neutral,neutral,0.0,neutral,0.0,neutral,0
1265,neutral,neutral,0.0,neutral,0.0,neutral,0
1266,neutral,neutral,0.0,neutral,0.0,neutral,0
1267,neutral,neutral,0.0,neutral,0.0,neutral,0
1268,neutral,neutral,0.0,neutral,0.0,neutral,0
1269,neutral,neutral,0.0,neutral,0.0,neutral,0
1270,neutral,neutral,0.0,neutral,0.0,neutral,0
1271,neutral,neutral,0.0,neutral,0.0,neutral,0
1272,neutral,neutral,0.0,neutral,0.0,neutral,0
1273,neutral,neutral,0.0,neutral,0.0,neutral,0
1274,neutral,neutral,0.0,neutral,0.0,neutral,0
1275,neutral,neutral,0.0,neutral,0.0,neutral,0
1276,neutral,neutral,0.0,neutral,0.0,neutral,0
1277,neutral,neutral,0.0,neutral,0.0,neutral,0
1278,neutral,neutral,0.0,neutral,0.0,neutral,0
1279,neutral,neutral,0.0,neutral,0.0,neutral,0
1280,neutral,neutral,0.0,neutral,0.0,neutral,0
1281,neutral,neutral,0.0,neutral,0.0,neutral,0
1282,neutral,neutral,0.0,neutral,0.0,neutral,0
1283,neutral,neutral,0.0,neutral,0.0,neutral,0
1284,neutral,neutral,0.0,neutral,0.0,neutral,0
1285,neutral,neutral,0.0,neutral,0.0,neutral,0
1286,neutral,neutral,0.0,neutral,0.0,neutral,0
1287,neutral,neutral,0.0,neutral,0.0,neutral,0
1288,neutral,neutral,0.0,neutral,0.0,neutral,0
1289,neutral,neutral,0.0,neutral,0.0,neutral,0
1290,neutral,neutral,0.0,neutral,0.0,neutral,0
1291,neutral,neutral,0.0,neutral,0.0,neutral,0
1292,neutral,neutral,0.0,neutral,0.0,neutral,0
1293,neutral,neutral,0.0,neutral,0.0,neutral,0
1294,neutral,neutral,0.0,neutral,0.0,neutral,0
1295,neutral,neutral,0.0,neutral,0.0,neutral,0
1296,neutral,neutral,0.0,neutral,0.0,neutral,0
1297,neutral,neutral,0.0,neutral,0.0,neutral,0
1298,neutral,neutral,0.0,neutral,0.0,neutral,0
1299,neutral,neutral,0.0,neutral,0.0,neutral,0
1300,neutral,neutral,0.0,neutral,0.0,neutral,0
1301,neutral,neutral,0.0,neutral,0.0,neutral,0
1302,neutral,neutral,0.0,neutral,0.0,neutral,0
1303,neutral,neutral,0.0,neutral,0.0,neutral,0
1304,neutral,neutral,0.0,neutral,0.0,neutral,0
1305,neutral,neutral,0.0,neutral,0.0,neutral,0
1306,neutral,neutral,0.0,neutral,0.0,neutral,0
1307,neutral,neutral,0.0,neutral,0.0,neutral,0
1308,neutral,neutral,0.0,neutral,0.0,neutral,0
1309,neutral,neutral,0.0,neutral,0.0,neutral,0
1310,neutral,neutral,0.0,neutral,0.0,neutral,0
1311,neutral,neutral,0.0,neutral,0.0,neutral,0
1312,neutral,neutral,0.0,neutral,0.0,neutral,0
1313,neutral,neutral,0.0,neutral,0.0,neutral,0
1314,neutral,neutral,0.0,neutral,0.0,neutral,0
1315,neutral,neutral,0.0,neutral,0.0,neutral,0
1316,neutral,neutral,0.0,neutral,0.0,neutral,0
1317,neutral,neutral,0.0,neutral,0.0,neutral,0
1318,neutral,neutral,0.0,neutral,0.0,neutral,0
1319,neutral,neutral,0.0,neutral,0.0,neutral,0
1320,neutral,neutral,0.0,neutral,0.0,neutral,0
1321,neutral,neutral,0.0,neutral,0.0,neutral,0
1322,neutral,neutral,0.0,neutral,0.0,neutral,0
1323,neutral,neutral,0.0,neutral,0.0,neutral,0
1324,neutral,neutral,0.0,neutral,0.0,neutral,0
1325,neutral,neutral,0.0,neutral,0.0,neutral,0
1326,neutral,neutral,0.0,neutral,0.0,neutral,0
1327,neutral,neutral,0.0,neutral,0.0,neutral,0
1328,neutral,neutral,0.0,neutral,0.0,neutral,0
1329,neutral,neutral,0.0,neutral,0.0,neutral,0
1330,neutral,neutral,0.0,neutral,0.0,neutral,0
1331,neutral,neutral,0.0,neutral,0.0,neutral,0
1332,neutral,neutral,0.0,neutral,0.0,neutral,0
1333,neutral,neutral,0.0,neutral,0.0,neutral,0
1334,neutral,neutral,0.0,neutral,0.0,neutral,0
1335,neutral,neutral,0.0,neutral,0.0,neutral,0
1336,neutral,neutral,0.0,neutral,0.0,neutral,0
1337,neutral,neutral,0.0,neutral,0.0,neutral,0
1338,neutral,neutral,0.0,neutral,0.0,neutral,0
1339,neutral,neutral,0.0,neutral,0.0,neutral,0
1340,neutral,neutral,0.0,neutral,0.0,neutral,0
1341,neutral,neutral,0.0,neutral,0.0,neutral,0
1342,neutral,neutral,0.0,neutral,0.0,neutral,0
1343,neutral,neutral,0.0,neutral,0.0,neutral,0
1344,neutral,neutral,0.0,neutral,0.0,neutral,0
1345,neutral,neutral,0.0,neutral,0.0,neutral,0
1346,neutral,neutral,0.0,neutral,0.0,neutral,0
1347,neutral,neutral,0.0,neutral,0.0,neutral,0
1348,neutral,neutral,0.0,neutral,0.0,neutral,0
1349,neutral,neutral,0.0,neutral,0.0,neutral,0
1350,neutral,neutral,0.0,neutral,0.0,neutral,0
1351,neutral,neutral,0.0,neutral,0.0,neutral,0
1352,neutral,neutral,0.0,neutral,0.0,neutral,0
1353,neutral,neutral,0.0,neutral,0.0,neutral,0
1354,neutral,neutral,0.0,neutral,0.0,neutral,0
1355,neutral,neutral,0.0,neutral,0.0,neutral,0
1356,neutral,neutral,0.0,neutral,0.0,neutral,0
1357,neutral,neutral,0.0,neutral,0.0,neutral,0
1358,neutral,neutral,0.0,neutral,0.0,neutral,0
1359,neutral,neutral,0.0,neutral,0.0,neutral,0
1360,neutral,neutral,0.0,neutral,0.0,neutral,0
1361,neutral,neutral,0.0,neutral,0.0,neutral,0
1362,neutral,neutral,0.0,neutral,0.0,neutral,0
1363,neutral,neutral,0.0,neutral,0.0,neutral,0
1364,neutral,neutral,0.0,neutral,0.0,neutral,0
1365,neutral,neutral,0.0,neutral,0.0,neutral,0
1366,neutral,neutral,0.0,neutral,0.0,neutral,0
1367,neutral,neutral,0.0,neutral,0.0,neutral,0
1368,neutral,neutral,0.0,neutral,0.0,neutral,0
1369,neutral,neutral,0.0,neutral,0.0,neutral,0
1370,neutral,neutral,0.0,neutral,0.0,neutral,0
1371,neutral,neutral,0.0,neutral,0.0,neutral,0
1372,neutral,neutral,0.0,neutral,0.0,neutral,0
1373,neutral,neutral,0.0,neutral,0.0,neutral,0
1374,neutral,neutral,0.0,neutral,0.0,neutral,0
1375,neutral,neutral,0.0,neutral,0.0,neutral,0
1376,neutral,neutral,0.0,neutral,0.0,neutral,0
1377,neutral,neutral,0.0,neutral,0.0,neutral,0
1378,neutral,neutral,0.0,neutral,0.0,neutral,0
1379,neutral,neutral,0.0,neutral,0.0,neutral,0
1380,neutral,neutral,0.0,neutral,0.0,neutral,0
1381,neutral,neutral,0.0,neutral,0.0,neutral,0
1382,neutral,neutral,0.0,neutral,0.0,neutral,0
1383,neutral,neutral,0.0,neutral,0.0,neutral,0
1384,neutral,neutral,0.0,neutral,0.0,neutral,0
1385,neutral,neutral,0.0,neutral,0.0,neutral,0
1386,neutral,neutral,0.0,neutral,0.0,neutral,0
1387,neutral,neutral,0.0,neutral,0.0,neutral,0
1388,neutral,neutral,0.0,neutral,0.0,neutral,0
1389,neutral,neutral,0.0,neutral,0.0,neutral,0
1390,neutral,neutral,0.0,neutral,0.0,neutral,0
1391,neutral,neutral,0.0,neutral,0.0,neutral,0
1392,neutral,neutral,0.0,neutral,0.0,neutral,0
1393,neutral,neutral,0.0,neutral,0.0,neutral,0
1394,neutral,neutral,0.0,neutral,0.0,neutral,0
1395,neutral,neutral,0.0,neutral,0.0,neutral,0
1396,neutral,neutral,0.0,neutral,0.0,neutral,0
1397,neutral,neutral,0.0,neutral,0.0,neutral,0
1398,neutral,neutral,0.0,neutral,0.0,neutral,0
1399,neutral,neutral,0.0,neutral,0.0,neutral,0
1400,neutral,neutral,0.0,neutral,0.0,neutral,0
1401,neutral,neutral,0.0,neutral,0.0,neutral,0
1402,neutral,neutral,0.0,neutral,0.0,neutral,0
1403,neutral,neutral,0.0,neutral,0.0,neutral,0
1404,neutral,neutral,0.0,neutral,0.0,neutral,0
1405,neutral,neutral,0.0,neutral,0.0,neutral,0
1406,neutral,neutral,0.0,neutral,0.0,neutral,0
1407,neutral,neutral,0.0,neutral,0.0,neutral,0
1408,neutral,neutral,0.0,neutral,0.0,neutral,0
1409,neutral,neutral,0.0,neutral,0.0,neutral,0
1410,neutral,neutral,0.0,neutral,0.0,neutral,0
1411,neutral,neutral,0.0,neutral,0.0,neutral,0
1412,neutral,neutral,0.0,neutral,0.0,neutral,0
1413,neutral,neutral,0.0,neutral,0.0,neutral,0
1414,neutral,neutral,0.0,neutral,0.0,neutral,0
1415,neutral,neutral,0.0,neutral,0.0,neutral,0
1416,neutral,neutral,0.0,neutral,0.0,neutral,0
1417,neutral,neutral,0.0,neutral,0.0,neutral,0
1418,neutral,neutral,0.0,neutral,0.0,neutral,0
1419,neutral,neutral,0.0,neutral,0.0,neutral,0
1420,neutral,neutral,0.0,neutral,0.0,neutral,0
1421,neutral,neutral,0.0,neutral,0.0,neutral,0
1422,neutral,neutral,0.0,neutral,0.0,neutral,0
1423,neutral,neutral,0.0,neutral,0.0,neutral,0
1424,neutral,neutral,0.0,neutral,0.0,neutral,0
1425,neutral,neutral,0.0,neutral,0.0,neutral,0
1426,neutral,neutral,0.0,neutral,0.0,neutral,0
1427,neutral,neutral,0.0,neutral,0.0,neutral,0
1428,neutral,neutral,0.0,neutral,0.0,neutral,0
1429,neutral,neutral,0.0,neutral,0.0,neutral,0
1430,neutral,neutral,0.0,neutral,0.0,neutral,0
1431,neutral,neutral,0.0,neutral,0.0,neutral,0
1432,neutral,neutral,0.0,neutral,0.0,neutral,0
1433,neutral,neutral,0.0,neutral,0.0,neutral,0
1434,neutral,neutral,0.0,neutral,0.0,neutral,0
1435,neutral,neutral,0.0,neutral,0.0,neutral,0
1436,neutral,neutral,0.0,neutral,0.0,neutral,0
1437,neutral,neutral,0.0,neutral,0.0,neutral,0
1438,neutral,neutral,0.0,neutral,0.0,neutral,0
1439,neutral,neutral,0.0,neutral,0.0,neutral,0
1440,neutral,neutral,0.0,neutral,0.0,neutral,0
1441,neutral,neutral,0.0,neutral,0.0,neutral,0
1442,neutral,neutral,0.0,neutral,0.0,neutral,0
1443,neutral,neutral,0.0,neutral,0.0,neutral,0
1444,neutral,neutral,0.0,neutral,0.0,neutral,0
1445,neutral,neutral,0.0,neutral,0.0,neutral,0
1446,neutral,neutral,0.0,neutral,0.0,neutral,0
1447,neutral,neutral,0.0,neutral,0.0,neutral,0
1448,neutral,neutral,0.0,neutral,0.0,neutral,0
1449,neutral,neutral,0.0,neutral,0.0,neutral,0
1450,neutral,neutral,0.0,neutral,0.0,neutral,0
1451,neutral,neutral,0.0,neutral,0.0,neutral,0
1452,neutral,neutral,0.0,neutral,0.0,neutral,0
1453,neutral,neutral,0.0,neutral,0.0,neutral,0
1454,neutral,neutral,0.0,neutral,0.0,neutral,0
1455,neutral,neutral,0.0,neutral,0.0,neutral,0
1456,neutral,neutral,0.0,neutral,0.0,neutral,0
1457,neutral,neutral,0.0,neutral,0.0,neutral,0
1458,neutral,neutral,0.0,neutral,0.0,neutral,0
1459,neutral,neutral,0.0,neutral,0.0,neutral,0
1460,neutral,neutral,0.0,neutral,0.0,neutral,0
1461,neutral,neutral,0.0,neutral,0.0,neutral,0
1462,neutral,neutral,0.0,neutral,0.0,neutral,0
1463,neutral,neutral,0.0,neutral,0.0,neutral,0
1464,neutral,neutral,0.0,neutral,0.0,neutral,0
1465,neutral,neutral,0.0,neutral,0.0,neutral,0
1466,neutral,neutral,0.0,neutral,0.0,neutral,0
1467,neutral,neutral,0.0,neutral,0.0,neutral,0
1468,neutral,neutral,0.0,neutral,0.0,neutral,0
1469,neutral,neutral,0.0,neutral,0.0,neutral,0
1470,neutral,neutral,0.0,neutral,0.0,neutral,0
1471,neutral,neutral,0.0,neutral,0.0,neutral,0
1472,neutral,neutral,0.0,neutral,0.0,neutral,0
1473,neutral,neutral,0.0,neutral,0.0,neutral,0
1474,neutral,neutral,0.0,neutral,0.0,neutral,0
1475,neutral,neutral,0.0,neutral,0.0,neutral,0
1476,neutral,neutral,0.0,neutral,0.0,neutral,0
1477,neutral,neutral,0.0,neutral,0.0,neutral,0
1478,neutral,neutral,0.0,neutral,0.0,neutral,0
1479,neutral,neutral,0.0,neutral,0.0,neutral,0
1480,neutral,neutral,0.0,neutral,0.0,neutral,0
1481,neutral,neutral,0.0,neutral,0.0,neutral,0
1482,neutral,neutral,0.0,neutral,0.0,neutral,0
1483,neutral,neutral,0.0,neutral,0.0,neutral,0
1484,neutral,neutral,0.0,neutral,0.0,neutral,0
1485,neutral,neutral,0.0,neutral,0.0,neutral,0
1486,neutral,neutral,0.0,neutral,0.0,neutral,0
1487,neutral,neutral,0.0,neutral,0.0,neutral,0
1488,neutral,neutral,0.0,neutral,0.0,neutral,0
1489,neutral,neutral,0.0,neutral,0.0,neutral,0
1490,neutral,neutral,0.0,neutral,0.0,neutral,0
1491,neutral,neutral,0.0,neutral,0.0,neutral,0
1492,neutral,neutral,0.0,neutral,0.0,neutral,0
1493,neutral,neutral,0.0,neutral,0.0,neutral,0
1494,neutral,neutral,0.0,neutral,0.0,neutral,0
1495,neutral,neutral,0.0,neutral,0.0,neutral,0
1496,neutral,neutral,0.0,neutral,0.0,neutral,0
1497,neutral,neutral,0.0,neutral,0.0,neutral,0
1498,neutral,neutral,0.0,neutral,0.0,neutral,0
1499,neutral,neutral,0.0,neutral,0.0,neutral,0
1500,neutral,neutral,0.0,neutral,0.0,neutral,0
1501,neutral,neutral,0.0,neutral,0.0,neutral,0
1502,neutral,neutral,0.0,neutral,0.0,neutral,0
1503,neutral,neutral,0.0,neutral,0.0,neutral,0
1504,neutral,neutral,0.0,neutral,0.0,neutral,0
1505,neutral,neutral,0.0,neutral,0.0,neutral,0
1506,neutral,neutral,0.0,neutral,0.0,neutral,0
1507,neutral,neutral,0.0,neutral,0.0,neutral,0
1508,neutral,neutral,0.0,neutral,0.0,neutral,0
1509,neutral,neutral,0.0,neutral,0.0,neutral,0
1510,neutral,neutral,0.0,neutral,0.0,neutral,0
1511,neutral,neutral,0.0,neutral,0.0,neutral,0
1512,neutral,neutral,0.0,neutral,0.0,neutral,0
1513,neutral,neutral,0.0,neutral,0.0,neutral,0
1514,neutral,neutral,0.0,neutral,0.0,neutral,0
1515,neutral,neutral,0.0,neutral,0.0,neutral,0
1516,neutral,neutral,0.0,neutral,0.0,neutral,0
1517,neutral,neutral,0.0,neutral,0.0,neutral,0
1518,neutral,neutral,0.0,neutral,0.0,neutral,0
1519,neutral,neutral,0.0,neutral,0.0,neutral,0
1520,neutral,neutral,0.0,neutral,0.0,neutral,0
1521,neutral,neutral,0.0,neutral,0.0,neutral,0
1522,neutral,neutral,0.0,neutral,0.0,neutral,0
1523,neutral,neutral,0.0,neutral,0.0,neutral,0
1524,neutral,neutral,0.0,neutral,0.0,neutral,0
1525,neutral,neutral,0.0,neutral,0.0,neutral,0
1526,neutral,neutral,0.0,neutral,0.0,neutral,0
1527,neutral,neutral,0.0,neutral,0.0,neutral,0
1528,neutral,neutral,0.0,neutral,0.0,neutral,0
1529,neutral,neutral,0.0,neutral,0.0,neutral,0
1530,neutral,neutral,0.0,neutral,0.0,neutral,0
1531,neutral,neutral,0.0,neutral,0.0,neutral,0
1532,neutral,neutral,0.0,neutral,0.0,neutral,0
1533,neutral,neutral,0.0,neutral,0.0,neutral,0
1534,neutral,neutral,0.0,neutral,0.0,neutral,0
1535,neutral,neutral,0.0,neutral,0.0,neutral,0
1536,neutral,neutral,0.0,neutral,0.0,neutral,0
1537,neutral,neutral,0.0,neutral,0.0,neutral,0
1538,neutral,neutral,0.0,neutral,0.0,neutral,0
1539,neutral,neutral,0.0,neutral,0.0,neutral,0
1540,neutral,neutral,0.0,neutral,0.0,neutral,0
1541,neutral,neutral,0.0,neutral,0.0,neutral,0
1542,neutral,neutral,0.0,neutral,0.0,neutral,0
1543,neutral,neutral,0.0,neutral,0.0,neutral,0
1544,neutral,neutral,0.0,neutral,0.0,neutral,0
1545,neutral,neutral,0.0,neutral,0.0,neutral,0
1546,neutral,neutral,0.0,neutral,0.0,neutral,0
1547,neutral,neutral,0.0,neutral,0.0,neutral,0
1548,neutral,neutral,0.0,neutral,0.0,neutral,0
1549,neutral,neutral,0.0,neutral,0.0,neutral,0
1550,neutral,neutral,0.0,neutral,0.0,neutral,0
1551,neutral,neutral,0.0,neutral,0.0,neutral,0
1552,neutral,neutral,0.0,neutral,0.0,neutral,0
1553,neutral,neutral,0.0,neutral,0.0,neutral,0
1554,neutral,neutral,0.0,neutral,0.0,neutral,0
1555,neutral,neutral,0.0,neutral,0.0,neutral,0
1556,neutral,neutral,0.0,neutral,0.0,neutral,0
1557,neutral,neutral,0.0,neutral,0.0,neutral,0
1558,neutral,neutral,0.0,neutral,0.0,neutral,0
1559,neutral,neutral,0.0,neutral,0.0,neutral,0
1560,neutral,neutral,0.0,neutral,0.0,neutral,0
1561,neutral,neutral,0.0,neutral,0.0,neutral,0
1562,neutral,neutral,0.0,neutral,0.0,neutral,0
1563,neutral,neutral,0.0,neutral,0.0,neutral,0
1564,neutral,neutral,0.0,neutral,0.0,neutral,0
1565,neutral,neutral,0.0,neutral,0.0,neutral,0
1566,neutral,neutral,0.0,neutral,0.0,neutral,0
1567,neutral,neutral,0.0,neutral,0.0,neutral,0
1568,neutral,neutral,0.0,neutral,0.0,neutral,0
1569,neutral,neutral,0.0,neutral,0.0,neutral,0
1570,neutral,neutral,0.0,neutral,0.0,neutral,0
1571,neutral,neutral,0.0,neutral,0.0,neutral,0
1572,neutral,neutral,0.0,neutral,0.0,neutral,0
1573,neutral,neutral,0.0,neutral,0.0,neutral,0
1574,neutral,neutral,0.0,neutral,0.0,neutral,0
1575,neutral,neutral,0.0,neutral,0.0,neutral,0
1576,neutral,neutral,0.0,neutral,0.0,neutral,0
1577,neutral,neutral,0.0,neutral,0.0,neutral,0
1578,neutral,neutral,0.0,neutral,0.0,neutral,0
1579,neutral,neutral,0.0,neutral,0.0,neutral,0
1580,neutral,neutral,0.0,neutral,0.0,neutral,0
1581,neutral,neutral,0.0,neutral,0.0,neutral,0
1582,neutral,neutral,0.0,neutral,0.0,neutral,0
1583,neutral,neutral,0.0,neutral,0.0,neutral,0
1584,neutral,neutral,0.0,neutral,0.0,neutral,0
1585,neutral,neutral,0.0,neutral,0.0,neutral,0
1586,neutral,neutral,0.0,neutral,0.0,neutral,0
1587,neutral,neutral,0.0,neutral,0.0,neutral,0
1588,neutral,neutral,0.0,neutral,0.0,neutral,0
1589,neutral,neutral,0.0,neutral,0.0,neutral,0
1590,neutral,neutral,0.0,neutral,0.0,neutral,0
1591,neutral,neutral,0.0,neutral,0.0,neutral,0
1592,neutral,neutral,0.0,neutral,0.0,neutral,0
1593,neutral,neutral,0.0,neutral,0.0,neutral,0
1594,neutral,neutral,0.0,neutral,0.0,neutral,0
1595,neutral,neutral,0.0,neutral,0.0,neutral,0
1596,neutral,neutral,0.0,neutral,0.0,neutral,0
1597,neutral,neutral,0.0,neutral,0.0,neutral,0
1598,neutral,neutral,0.0,neutral,0.0,neutral,0
1599,neutral,neutral,0.0,neutral,0.0,neutral,0
1600,neutral,neutral,0.0,neutral,0.0,neutral,0
1601,neutral,neutral,0.0,neutral,0.0,neutral,0
1602,neutral,neutral,0.0,neutral,0.0,neutral,0
1603,neutral,neutral,0.0,neutral,0.0,neutral,0
1604,neutral,neutral,0.0,neutral,0.0,neutral,0
1605,neutral,neutral,0.0,neutral,0.0,neutral,0
1606,neutral,neutral,0.0,neutral,0.0,neutral,0
1607,neutral,neutral,0.0,neutral,0.0,neutral,0
1608,neutral,neutral,0.0,neutral,0.0,neutral,0
1609,neutral,neutral,0.0,neutral,0.0,neutral,0
1610,neutral,neutral,0.0,neutral,0.0,neutral,0
1611,neutral,neutral,0.0,neutral,0.0,neutral,0
1612,neutral,neutral,0.0,neutral,0.0,neutral,0
1613,neutral,neutral,0.0,neutral,0.0,neutral,0
1614,neutral,neutral,0.0,neutral,0.0,neutral,0
1615,neutral,neutral,0.0,neutral,0.0,neutral,0
1616,neutral,neutral,0.0,neutral,0.0,neutral,0
1617,neutral,neutral,0.0,neutral,0.0,neutral,0
1618,neutral,neutral,0.0,neutral,0.0,neutral,0
1619,neutral,neutral,0.0,neutral,0.0,neutral,0
1620,neutral,neutral,0.0,neutral,0.0,neutral,0
1621,neutral,neutral,0.0,neutral,0.0,neutral,0
1622,neutral,neutral,0.0,neutral,0.0,neutral,0
1623,neutral,neutral,0.0,neutral,0.0,neutral,0
1624,neutral,neutral,0.0,neutral,0.0,neutral,0
1625,neutral,neutral,0.0,neutral,0.0,neutral,0
1626,neutral,neutral,0.0,neutral,0.0,neutral,0
1627,neutral,neutral,0.0,neutral,0.0,neutral,0
1628,neutral,neutral,0.0,neutral,0.0,neutral,0
1629,neutral,neutral,0.0,neutral,0.0,neutral,0
1630,neutral,neutral,0.0,neutral,0.0,neutral,0
1631,neutral,neutral,0.0,neutral,0.0,neutral,0
1632,neutral,neutral,0.0,neutral,0.0,neutral,0
1633,neutral,neutral,0.0,neutral,0.0,neutral,0
1634,neutral,neutral,0.0,neutral,0.0,neutral,0
1635,neutral,neutral,0.0,neutral,0.0,neutral,0
1636,neutral,neutral,0.0,neutral,0.0,neutral,0
1637,neutral,neutral,0.0,neutral,0.0,neutral,0
1638,neutral,neutral,0.0,neutral,0.0,neutral,0
1639,neutral,neutral,0.0,neutral,0.0,neutral,0
1640,neutral,neutral,0.0,neutral,0.0,neutral,0
1641,neutral,neutral,0.0,neutral,0.0,neutral,0
1642,neutral,neutral,0.0,neutral,0.0,neutral,0
1643,neutral,neutral,0.0,neutral,0.0,neutral,0
1644,neutral,neutral,0.0,neutral,0.0,neutral,0
1645,neutral,neutral,0.0,neutral,0.0,neutral,0
1646,neutral,neutral,0.0,neutral,0.0,neutral,0
1647,neutral,neutral,0.0,neutral,0.0,neutral,0
1648,neutral,neutral,0.0,neutral,0.0,neutral,0
1649,neutral,neutral,0.0,neutral,0.0,neutral,0
1650,neutral,neutral,0.0,neutral,0.0,neutral,0
1651,neutral,neutral,0.0,neutral,0.0,neutral,0
1652,neutral,neutral,0.0,neutral,0.0,neutral,0
1653,neutral,neutral,0.0,neutral,0.0,neutral,0
1654,neutral,neutral,0.0,neutral,0.0,neutral,0
1655,neutral,neutral,0.0,neutral,0.0,neutral,0
1656,neutral,neutral,0.0,neutral,0.0,neutral,0
1657,neutral,neutral,0.0,neutral,0.0,neutral,0
1658,neutral,neutral,0.0,neutral,0.0,neutral,0
1659,neutral,neutral,0.0,neutral,0.0,neutral,0
1660,neutral,neutral,0.0,neutral,0.0,neutral,0
1661,neutral,neutral,0.0,neutral,0.0,neutral,0
1662,neutral,neutral,0.0,neutral,0.0,neutral,0
1663,neutral,neutral,0.0,neutral,0.0,neutral,0
1664,neutral,neutral,0.0,neutral,0.0,neutral,0
1665,neutral,neutral,0.0,neutral,0.0,neutral,0
1666,neutral,neutral,0.0,neutral,0.0,neutral,0
1667,neutral,neutral,0.0,neutral,0.0,neutral,0
1668,neutral,neutral,0.0,neutral,0.0,neutral,0
1669,neutral,neutral,0.0,neutral,0.0,neutral,0
1670,neutral,neutral,0.0,neutral,0.0,neutral,0
1671,neutral,neutral,0.0,neutral,0.0,neutral,0
1672,neutral,neutral,0.0,neutral,0.0,neutral,0
1673,neutral,neutral,0.0,neutral,0.0,neutral,0
1674,neutral,neutral,0.0,neutral,0.0,neutral,0
1675,neutral,neutral,0.0,neutral,0.0,neutral,0
1676,neutral,neutral,0.0,neutral,0.0,neutral,0
1677,neutral,neutral,0.0,neutral,0.0,neutral,0
1678,neutral,neutral,0.0,neutral,0.0,neutral,0
1679,neutral,neutral,0.0,neutral,0.0,neutral,0
1680,neutral,neutral,0.0,neutral,0.0,neutral,0
1681,neutral,neutral,0.0,neutral,0.0,neutral,0
1682,neutral,neutral,0.0,neutral,0.0,neutral,0
1683,neutral,neutral,0.0,neutral,0.0,neutral,0
1684,neutral,neutral,0.0,neutral,0.0,neutral,0
1685,neutral,neutral,0.0,neutral,0.0,neutral,0
1686,neutral,neutral,0.0,neutral,0.0,neutral,0
1687,neutral,neutral,0.0,neutral,0.0,neutral,0
1688,neutral,neutral,0.0,neutral,0.0,neutral,0
1689,neutral,neutral,0.0,neutral,0.0,neutral,0
1690,neutral,neutral,0.0,neutral,0.0,neutral,0
1691,neutral,neutral,0.0,neutral,0.0,neutral,0
1692,neutral,neutral,0.0,neutral,0.0,neutral,0
1693,neutral,neutral,0.0,neutral,0.0,neutral,0
1694,neutral,neutral,0.0,neutral,0.0,neutral,0
1695,neutral,neutral,0.0,neutral,0.0,neutral,0
1696,neutral,neutral,0.0,neutral,0.0,neutral,0
1697,neutral,neutral,0.0,neutral,0.0,neutral,0
1698,neutral,neutral,0.0,neutral,0.0,neutral,0
1699,neutral,neutral,0.0,neutral,0.0,neutral,0
1700,neutral,neutral,0.0,neutral,0.0,neutral,0
1701,neutral,neutral,0.0,neutral,0.0,neutral,0
1702,neutral,neutral,0.0,neutral,0.0,neutral,0
1703,neutral,neutral,0.0,neutral,0.0,neutral,0
1704,neutral,neutral,0.0,neutral,0.0,neutral,0
1705,neutral,neutral,0.0,neutral,0.0,neutral,0
1706,neutral,neutral,0.0,neutral,0.0,neutral,0
1707,neutral,neutral,0.0,neutral,0.0,neutral,0
1708,neutral,neutral,0.0,neutral,0.0,neutral,0
1709,neutral,neutral,0.0,neutral,0.0,neutral,0
1710,neutral,neutral,0.0,neutral,0.0,neutral,0
1711,neutral,neutral,0.0,neutral,0.0,neutral,0
1712,neutral,neutral,0.0,neutral,0.0,neutral,0
1713,neutral,neutral,0.0,neutral,0.0,neutral,0
1714,neutral,neutral,0.0,neutral,0.0,neutral,0
1715,neutral,neutral,0.0,neutral,0.0,neutral,0
1716,neutral,neutral,0.0,neutral,0.0,neutral,0
1717,neutral,neutral,0.0,neutral,0.0,neutral,0
1718,neutral,neutral,0.0,neutral,0.0,neutral,0
1719,neutral,neutral,0.0,neutral,0.0,neutral,0
1720,neutral,neutral,0.0,neutral,0.0,neutral,0
1721,neutral,neutral,0.0,neutral,0.0,neutral,0
1722,neutral,neutral,0.0,neutral,0.0,neutral,0
1723,neutral,neutral,0.0,neutral,0.0,neutral,0
1724,neutral,neutral,0.0,neutral,0.0,neutral,0
1725,neutral,neutral,0.0,neutral,0.0,neutral,0
1726,neutral,neutral,0.0,neutral,0.0,neutral,0
1727,neutral,neutral,0.0,neutral,0.0,neutral,0
1728,neutral,neutral,0.0,neutral,0.0,neutral,0
1729,neutral,neutral,0.0,neutral,0.0,neutral,0
1730,neutral,neutral,0.0,neutral,0.0,neutral,0
1731,neutral,neutral,0.0,neutral,0.0,neutral,0
1732,neutral,neutral,0.0,neutral,0.0,neutral,0
1733,neutral,neutral,0.0,neutral,0.0,neutral,0
1734,neutral,neutral,0.0,neutral,0.0,neutral,0
1735,neutral,neutral,0.0,neutral,0.0,neutral,0
1736,neutral,neutral,0.0,neutral,0.0,neutral,0
1737,neutral,neutral,0.0,neutral,0.0,neutral,0
1738,neutral,neutral,0.0,neutral,0.0,neutral,0
1739,neutral,neutral,0.0,neutral,0.0,neutral,0
1740,neutral,neutral,0.0,neutral,0.0,neutral,0
1741,neutral,neutral,0.0,neutral,0.0,neutral,0
1742,neutral,neutral,0.0,neutral,0.0,neutral,0
1743,neutral,neutral,0.0,neutral,0.0,neutral,0
1744,neutral,neutral,0.0,neutral,0.0,neutral,0
1745,neutral,neutral,0.0,neutral,0.0,neutral,0
1746,neutral,neutral,0.0,neutral,0.0,neutral,0
1747,neutral,neutral,0.0,neutral,0.0,neutral,0
1748,neutral,neutral,0.0,neutral,0.0,neutral,0
1749,neutral,neutral,0.0,neutral,0.0,neutral,0
1750,neutral,neutral,0.0,neutral,0.0,neutral,0
1751,neutral,neutral,0.0,neutral,0.0,neutral,0
1752,neutral,neutral,0.0,neutral,0.0,neutral,0
1753,neutral,neutral,0.0,neutral,0.0,neutral,0
1754,neutral,neutral,0.0,neutral,0.0,neutral,0
1755,neutral,neutral,0.0,neutral,0.0,neutral,0
1756,neutral,neutral,0.0,neutral,0.0,neutral,0
1757,neutral,neutral,0.0,neutral,0.0,neutral,0
1758,neutral,neutral,0.0,neutral,0.0,neutral,0
1759,neutral,neutral,0.0,neutral,0.0,neutral,0
1760,neutral,neutral,0.0,neutral,0.0,neutral,0
1761,neutral,neutral,0.0,neutral,0.0,neutral,0
1762,neutral,neutral,0.0,neutral,0.0,neutral,0
1763,neutral,neutral,0.0,neutral,0.0,neutral,0
1764,neutral,neutral,0.0,neutral,0.0,neutral,0
1765,neutral,neutral,0.0,neutral,0.0,neutral,0
1766,neutral,neutral,0.0,neutral,0.0,neutral,0
1767,neutral,neutral,0.0,neutral,0.0,neutral,0
1768,neutral,neutral,0.0,neutral,0.0,neutral,0
1769,neutral,neutral,0.0,neutral,0.0,neutral,0
1770,neutral,neutral,0.0,neutral,0.0,neutral,0
1771,neutral,neutral,0.0,neutral,0.0,neutral,0
1772,neutral,neutral,0.0,neutral,0.0,neutral,0
1773,neutral,neutral,0.0,neutral,0.0,neutral,0
1774,neutral,neutral,0.0,neutral,0.0,neutral,0
1775,neutral,neutral,0.0,neutral,0.0,neutral,0
1776,neutral,neutral,0.0,neutral,0.0,neutral,0
1777,neutral,neutral,0.0,neutral,0.0,neutral,0
1778,neutral,neutral,0.0,neutral,0.0,neutral,0
1779,neutral,neutral,0.0,neutral,0.0,neutral,0
1780,neutral,neutral,0.0,neutral,0.0,neutral,0
1781,neutral,neutral,0.0,neutral,0.0,neutral,0
1782,neutral,neutral,0.0,neutral,0.0,neutral,0
1783,neutral,neutral,0.0,neutral,0.0,neutral,0
1784,neutral,neutral,0.0,neutral,0.0,neutral,0
1785,neutral,neutral,0.0,neutral,0.0,neutral,0
1786,neutral,neutral,0.0,neutral,0.0,neutral,0
1787,neutral,neutral,0.0,neutral,0.0,neutral,0
1788,neutral,neutral,0.0,neutral,0.0,neutral,0
1789,neutral,neutral,0.0,neutral,0.0,neutral,0
1790,neutral,neutral,0.0,neutral,0.0,neutral,0
1791,neutral,neutral,0.0,neutral,0.0,neutral,0
1792,neutral,neutral,0.0,neutral,0.0,neutral,0
1793,neutral,neutral,0.0,neutral,0.0,neutral,0
1794,neutral,neutral,0.0,neutral,0.0,neutral,0
1795,neutral,neutral,0.0,neutral,0.0,neutral,0
1796,neutral,neutral,0.0,neutral,0.0,neutral,0
1797,neutral,neutral,0.0,neutral,0.0,neutral,0
1798,neutral,neutral,0.0,neutral,0.0,neutral,0
1799,neutral,neutral,0.0,neutral,0.0,neutral,0
1800,neutral,neutral,0.0,neutral,0.0,neutral,0
1801,neutral,neutral,0.0,neutral,0.0,neutral,0
1802,neutral,neutral,0.0,neutral,0.0,neutral,0
1803,neutral,neutral,0.0,neutral,0.0,neutral,0
1804,neutral,neutral,0.0,neutral,0.0,neutral,0
1805,neutral,neutral,0.0,neutral,0.0,neutral,0
1806,neutral,neutral,0.0,neutral,0.0,neutral,0
1807,neutral,neutral,0.0,neutral,0.0,neutral,0
1808,neutral,neutral,0.0,neutral,0.0,neutral,0
1809,neutral,neutral,0.0,neutral,0.0,neutral,0
1810,neutral,neutral,0.0,neutral,0.0,neutral,0
1811,neutral,neutral,0.0,neutral,0.0,neutral,0
1812,neutral,neutral,0.0,neutral,0.0,neutral,0
1813,neutral,neutral,0.0,neutral,0.0,neutral,0
1814,neutral,neutral,0.0,neutral,0.0,neutral,0
1815,neutral,neutral,0.0,neutral,0.0,neutral,0
1816,neutral,neutral,0.0,neutral,0.0,neutral,0
1817,neutral,neutral,0.0,neutral,0.0,neutral,0
1818,neutral,neutral,0.0,neutral,0.0,neutral,0
1819,neutral,neutral,0.0,neutral,0.0,neutral,0
1820,neutral,neutral,0.0,neutral,0.0,neutral,0
1821,neutral,neutral,0.0,neutral,0.0,neutral,0
1822,neutral,neutral,0.0,neutral,0.0,neutral,0
1823,neutral,neutral,0.0,neutral,0.0,neutral,0
1824,neutral,neutral,0.0,neutral,0.0,neutral,0
1825,neutral,neutral,0.0,neutral,0.0,neutral,0
1826,neutral,neutral,0.0,neutral,0.0,neutral,0
1827,neutral,neutral,0.0,neutral,0.0,neutral,0
1828,neutral,neutral,0.0,neutral,0.0,neutral,0
1829,neutral,neutral,0.0,neutral,0.0,neutral,0
1830,neutral,neutral,0.0,neutral,0.0,neutral,0
1831,neutral,neutral,0.0,neutral,0.0,neutral,0
1832,neutral,neutral,0.0,neutral,0.0,neutral,0
1833,neutral,neutral,0.0,neutral,0.0,neutral,0
1834,neutral,neutral,0.0,neutral,0.0,neutral,0
1835,neutral,neutral,0.0,neutral,0.0,neutral,0
1836,neutral,neutral,0.0,neutral,0.0,neutral,0
1837,neutral,neutral,0.0,neutral,0.0,neutral,0
1838,neutral,neutral,0.0,neutral,0.0,neutral,0
1839,neutral,neutral,0.0,neutral,0.0,neutral,0
1840,neutral,neutral,0.0,neutral,0.0,neutral,0
1841,neutral,neutral,0.0,neutral,0.0,neutral,0
1842,neutral,neutral,0.0,neutral,0.0,neutral,0
1843,neutral,neutral,0.0,neutral,0.0,neutral,0
1844,neutral,neutral,0.0,neutral,0.0,neutral,0
1845,neutral,neutral,0.0,neutral,0.0,neutral,0
1846,neutral,neutral,0.0,neutral,0.0,neutral,0
1847,neutral,neutral,0.0,neutral,0.0,neutral,0
1848,neutral,neutral,0.0,neutral,0.0,neutral,0
1849,neutral,neutral,0.0,neutral,0.0,neutral,0
1850,neutral,neutral,0.0,neutral,0.0,neutral,0
1851,neutral,neutral,0.0,neutral,0.0,neutral,0
1852,neutral,neutral,0.0,neutral,0.0,neutral,0
1853,neutral,neutral,0.0,neutral,0.0,neutral,0
1854,neutral,neutral,0.0,neutral,0.0,neutral,0
1855,neutral,neutral,0.0,neutral,0.0,neutral,0
1856,neutral,neutral,0.0,neutral,0.0,neutral,0
1857,neutral,neutral,0.0,neutral,0.0,neutral,0
1858,neutral,neutral,0.0,neutral,0.0,neutral,0
1859,neutral,neutral,0.0,neutral,0.0,neutral,0
1860,neutral,neutral,0.0,neutral,0.0,neutral,0
1861,neutral,neutral,0.0,neutral,0.0,neutral,0
1862,neutral,neutral,0.0,neutral,0.0,neutral,0
1863,neutral,neutral,0.0,neutral,0.0,neutral,0
1864,neutral,neutral,0.0,neutral,0.0,neutral,0
1865,neutral,neutral,0.0,neutral,0.0,neutral,0
1866,neutral,neutral,0.0,neutral,0.0,neutral,0
1867,neutral,neutral,0.0,neutral,0.0,neutral,0
1868,neutral,neutral,0.0,neutral,0.0,neutral,0
1869,neutral,neutral,0.0,neutral,0.0,neutral,0
1870,neutral,neutral,0.0,neutral,0.0,neutral,0
1871,neutral,neutral,0.0,neutral,0.0,neutral,0
1872,neutral,neutral,0.0,neutral,0.0,neutral,0
1873,neutral,neutral,0.0,neutral,0.0,neutral,0
1874,neutral,neutral,0.0,neutral,0.0,neutral,0
1875,neutral,neutral,0.0,neutral,0.0,neutral,0
1876,neutral,neutral,0.0,neutral,0.0,neutral,0
1877,neutral,neutral,0.0,neutral,0.0,neutral,0
1878,neutral,neutral,0.0,neutral,0.0,neutral,0
1879,neutral,neutral,0.0,neutral,0.0,neutral,0
1880,neutral,neutral,0.0,neutral,0.0,neutral,0
1881,neutral,neutral,0.0,neutral,0.0,neutral,0
1882,neutral,neutral,0.0,neutral,0.0,neutral,0
1883,neutral,neutral,0.0,neutral,0.0,neutral,0
1884,neutral,neutral,0.0,neutral,0.0,neutral,0
1885,neutral,neutral,0.0,neutral,0.0,neutral,0
1886,neutral,neutral,0.0,neutral,0.0,neutral,0
1887,neutral,neutral,0.0,neutral,0.0,neutral,0
1888,neutral,neutral,0.0,neutral,0.0,neutral,0
1889,neutral,neutral,0.0,neutral,0.0,neutral,0
1890,neutral,neutral,0.0,neutral,0.0,neutral,0
1891,neutral,neutral,0.0,neutral,0.0,neutral,0
1892,neutral,neutral,0.0,neutral,0.0,neutral,0
1893,neutral,neutral,0.0,neutral,0.0,neutral,0
1894,neutral,neutral,0.0,neutral,0.0,neutral,0
1895,neutral,neutral,0.0,neutral,0.0,neutral,0
1896,neutral,neutral,0.0,neutral,0.0,neutral,0
1897,neutral,neutral,0.0,neutral,0.0,neutral,0
1898,neutral,neutral,0.0,neutral,0.0,neutral,0
1899,neutral,neutral,0.0,neutral,0.0,neutral,0
1900,neutral,neutral,0.0,neutral,0.0,neutral,0
1901,neutral,neutral,0.0,neutral,0.0,neutral,0
1902,neutral,neutral,0.0,neutral,0.0,neutral,0
1903,neutral,neutral,0.0,neutral,0.0,neutral,0
1904,neutral,neutral,0.0,neutral,0.0,neutral,0
1905,neutral,neutral,0.0,neutral,0.0,neutral,0
1906,neutral,neutral,0.0,neutral,0.0,neutral,0
1907,neutral,neutral,0.0,neutral,0.0,neutral,0
1908,neutral,neutral,0.0,neutral,0.0,neutral,0
1909,neutral,neutral,0.0,neutral,0.0,neutral,0
1910,neutral,neutral,0.0,neutral,0.0,neutral,0
1911,neutral,neutral,0.0,neutral,0.0,neutral,0
1912,neutral,neutral,0.0,neutral,0.0,neutral,0
1913,neutral,neutral,0.0,neutral,0.0,neutral,0
1914,neutral,neutral,0.0,neutral,0.0,neutral,0
1915,neutral,neutral,0.0,neutral,0.0,neutral,0
1916,neutral,neutral,0.0,neutral,0.0,neutral,0
1917,neutral,neutral,0.0,neutral,0.0,neutral,0
1918,neutral,neutral,0.0,neutral,0.0,neutral,0
1919,neutral,neutral,0.0,neutral,0.0,neutral,0
1920,neutral,neutral,0.0,neutral,0.0,neutral,0
1921,neutral,neutral,0.0,neutral,0.0,neutral,0
1922,neutral,neutral,0.0,neutral,0.0,neutral,0
1923,neutral,neutral,0.0,neutral,0.0,neutral,0
1924,neutral,neutral,0.0,neutral,0.0,neutral,0
1925,neutral,neutral,0.0,neutral,0.0,neutral,0
1926,neutral,neutral,0.0,neutral,0.0,neutral,0
1927,neutral,neutral,0.0,neutral,0.0,neutral,0
1928,neutral,neutral,0.0,neutral,0.0,neutral,0
1929,neutral,neutral,0.0,neutral,0.0,neutral,0
1930,neutral,neutral,0.0,neutral,0.0,neutral,0
1931,neutral,neutral,0.0,neutral,0.0,neutral,0
1932,neutral,neutral,0.0,neutral,0.0,neutral,0
1933,neutral,neutral,0.0,neutral,0.0,neutral,0
1934,neutral,neutral,0.0,neutral,0.0,neutral,0
1935,neutral,neutral,0.0,neutral,0.0,neutral,0
1936,neutral,neutral,0.0,neutral,0.0,neutral,0
1937,neutral,neutral,0.0,neutral,0.0,neutral,0
1938,neutral,neutral,0.0,neutral,0.0,neutral,0
1939,neutral,neutral,0.0,neutral,0.0,neutral,0
1940,neutral,neutral,0.0,neutral,0.0,neutral,0
1941,neutral,neutral,0.0,neutral,0.0,neutral,0
1942,neutral,neutral,0.0,neutral,0.0,neutral,0
1943,neutral,neutral,0.0,neutral,0.0,neutral,0
1944,neutral,neutral,0.0,neutral,0.0,neutral,0
1945,neutral,neutral,0.0,neutral,0.0,neutral,0
1946,neutral,neutral,0.0,neutral,0.0,neutral,0
1947,neutral,neutral,0.0,neutral,0.0,neutral,0
1948,neutral,neutral,0.0,neutral,0.0,neutral,0
1949,neutral,neutral,0.0,neutral,0.0,neutral,0
1950,neutral,neutral,0.0,neutral,0.0,neutral,0
1951,neutral,neutral,0.0,neutral,0.0,neutral,0
1952,neutral,neutral,0.0,neutral,0.0,neutral,0
1953,neutral,neutral,0.0,neutral,0.0,neutral,0
1954,neutral,neutral,0.0,neutral,0.0,neutral,0
1955,neutral,neutral,0.0,neutral,0.0,neutral,0
1956,neutral,neutral,0.0,neutral,0.0,neutral,0
1957,neutral,neutral,0.0,neutral,0.0,neutral,0
1958,neutral,neutral,0.0,neutral,0.0,neutral,0
1959,neutral,neutral,0.0,neutral,0.0,neutral,0
1960,neutral,neutral,0.0,neutral,0.0,neutral,0
1961,neutral,neutral,0.0,neutral,0.0,neutral,0
1962,neutral,neutral,0.0,neutral,0.0,neutral,0
1963,neutral,neutral,0.0,neutral,0.0,neutral,0
1964,neutral,neutral,0.0,neutral,0.0,neutral,0
1965,neutral,neutral,0.0,neutral,0.0,neutral,0
1966,neutral,neutral,0.0,neutral,0.0,neutral,0
1967,neutral,neutral,0.0,neutral,0.0,neutral,0
1968,neutral,neutral,0.0,neutral,0.0,neutral,0
1969,neutral,neutral,0.0,neutral,0.0,neutral,0
1970,neutral,neutral,0.0,neutral,0.0,neutral,0
1971,neutral,neutral,0.0,neutral,0.0,neutral,0
1972,neutral,neutral,0.0,neutral,0.0,neutral,0
1973,neutral,neutral,0.0,neutral,0.0,neutral,0
1974,neutral,neutral,0.0,neutral,0.0,neutral,0
1975,neutral,neutral,0.0,neutral,0.0,neutral,0
1976,neutral,neutral,0.0,neutral,0.0,neutral,0
1977,neutral,neutral,0.0,neutral,0.0,neutral,0
1978,neutral,neutral,0.0,neutral,0.0,neutral,0
1979,neutral,neutral,0.0,neutral,0.0,neutral,0
1980,neutral,neutral,0.0,neutral,0.0,neutral,0
1981,neutral,neutral,0.0,neutral,0.0,neutral,0
1982,neutral,neutral,0.0,neutral,0.0,neutral,0
1983,neutral,neutral,0.0,neutral,0.0,neutral,0
1984,neutral,neutral,0.0,neutral,0.0,neutral,0
1985,neutral,neutral,0.0,neutral,0.0,neutral,0
1986,neutral,neutral,0.0,neutral,0.0,neutral,0
1987,neutral,neutral,0.0,neutral,0.0,neutral,0
1988,neutral,neutral,0.0,neutral,0.0,neutral,0
1989,neutral,neutral,0.0,neutral,0.0,neutral,0
1990,neutral,neutral,0.0,neutral,0.0,neutral,0
1991,neutral,neutral,0.0,neutral,0.0,neutral,0
1992,neutral,neutral,0.0,neutral,0.0,neutral,0
1993,neutral,neutral,0.0,neutral,0.0,neutral,0
1994,neutral,neutral,0.0,neutral,0.0,neutral,0
1995,neutral,neutral,0.0,neutral,0.0,neutral,0
1996,neutral,neutral,0.0,neutral,0.0,neutral,0
1997,neutral,neutral,0.0,neutral,0.0,neutral,0
1998,neutral,neutral,0.0,neutral,0.0,neutral,0
1999,neutral,neutral,0.0,neutral,0.0,neutral,0
2000,neutral,neutral,0.0,neutral,0.0,neutral,0
2001,neutral,neutral,0.0,neutral,0.0,neutral,0
2002,neutral,neutral,0.0,neutral,0.0,neutral,0
2003,neutral,neutral,0.0,neutral,0.0,neutral,0
2004,neutral,neutral,0.0,neutral,0.0,neutral,0
2005,neutral,neutral,0.0,neutral,0.0,neutral,0
2006,neutral,neutral,0.0,neutral,0.0,neutral,0
2007,neutral,neutral,0.0,neutral,0.0,neutral,0
2008,neutral,neutral,0.0,neutral,0.0,neutral,0
2009,neutral,neutral,0.0,neutral,0.0,neutral,0
2010,neutral,neutral,0.0,neutral,0.0,neutral,0
2011,neutral,neutral,0.0,neutral,0.0,neutral,0
2012,neutral,neutral,0.0,neutral,0.0,neutral,0
2013,neutral,neutral,0.0,neutral,0.0,neutral,0
2014,neutral,neutral,0.0,neutral,0.0,neutral,0
2015,neutral,neutral,0.0,neutral,0.0,neutral,0
2016,neutral,neutral,0.0,neutral,0.0,neutral,0
2017,neutral,neutral,0.0,neutral,0.0,neutral,0
2018,neutral,neutral,0.0,neutral,0.0,neutral,0
2019,neutral,neutral,0.0,neutral,0.0,neutral,0
2020,neutral,neutral,0.0,neutral,0.0,neutral,0
2021,neutral,neutral,0.0,neutral,0.0,neutral,0
2022,neutral,neutral,0.0,neutral,0.0,neutral,0
2023,neutral,neutral,0.0,neutral,0.0,neutral,0
2024,neutral,neutral,0.0,neutral,0.0,neutral,0
2025,neutral,neutral,0.0,neutral,0.0,neutral,0
2026,neutral,neutral,0.0,neutral,0.0,neutral,0
2027,neutral,neutral,0.0,neutral,0.0,neutral,0
2028,neutral,neutral,0.0,neutral,0.0,neutral,0
2029,neutral,neutral,0.0,neutral,0.0,neutral,0
2030,neutral,neutral,0.0,neutral,0.0,neutral,0
2031,neutral,neutral,0.0,neutral,0.0,neutral,0
2032,neutral,neutral,0.0,neutral,0.0,neutral,0
2033,neutral,neutral,0.0,neutral,0.0,neutral,0
2034,neutral,neutral,0.0,neutral,0.0,neutral,0
2035,neutral,neutral,0.0,neutral,0.0,neutral,0
2036,neutral,neutral,0.0,neutral,0.0,neutral,0
2037,neutral,neutral,0.0,neutral,0.0,neutral,0
2038,neutral,neutral,0.0,neutral,0.0,neutral,0
2039,neutral,neutral,0.0,neutral,0.0,neutral,0
2040,neutral,neutral,0.0,neutral,0.0,neutral,0
2041,neutral,neutral,0.0,neutral,0.0,neutral,0
2042,neutral,neutral,0.0,neutral,0.0,neutral,0
2043,neutral,neutral,0.0,neutral,0.0,neutral,0
2044,neutral,neutral,0.0,neutral,0.0,neutral,0
2045,neutral,neutral,0.0,neutral,0.0,neutral,0
2046,neutral,neutral,0.0,neutral,0.0,neutral,0
2047,neutral,neutral,0.0,neutral,0.0,neutral,0
2048,neutral,neutral,0.0,neutral,0.0,neutral,0
2049,neutral,neutral,0.0,neutral,0.0,neutral,0
2050,neutral,neutral,0.0,neutral,0.0,neutral,0
2051,neutral,neutral,0.0,neutral,0.0,neutral,0
2052,neutral,neutral,0.0,neutral,0.0,neutral,0
2053,neutral,neutral,0.0,neutral,0.0,neutral,0
2054,neutral,neutral,0.0,neutral,0.0,neutral,0
2055,neutral,neutral,0.0,neutral,0.0,neutral,0
2056,neutral,neutral,0.0,neutral,0.0,neutral,0
2057,neutral,neutral,0.0,neutral,0.0,neutral,0
2058,neutral,neutral,0.0,neutral,0.0,neutral,0
2059,neutral,neutral,0.0,neutral,0.0,neutral,0
2060,neutral,neutral,0.0,neutral,0.0,neutral,0
2061,neutral,neutral,0.0,neutral,0.0,neutral,0
2062,neutral,neutral,0.0,neutral,0.0,neutral,0
2063,neutral,neutral,0.0,neutral,0.0,neutral,0
2064,neutral,neutral,0.0,neutral,0.0,neutral,0
2065,neutral,neutral,0.0,neutral,0.0,neutral,0
2066,neutral,neutral,0.0,neutral,0.0,neutral,0
2067,neutral,neutral,0.0,neutral,0.0,neutral,0
2068,neutral,neutral,0.0,neutral,0.0,neutral,0
2069,neutral,neutral,0.0,neutral,0.0,neutral,0
2070,neutral,neutral,0.0,neutral,0.0,neutral,0
2071,neutral,neutral,0.0,neutral,0.0,neutral,0
2072,neutral,neutral,0.0,neutral,0.0,neutral,0
2073,neutral,neutral,0.0,neutral,0.0,neutral,0
2074,neutral,neutral,0.0,neutral,0.0,neutral,0
2075,neutral,neutral,0.0,neutral,0.0,neutral,0
2076,neutral,neutral,0.0,neutral,0.0,neutral,0
2077,neutral,neutral,0.0,neutral,0.0,neutral,0
2078,neutral,neutral,0.0,neutral,0.0,neutral,0
2079,neutral,neutral,0.0,neutral,0.0,neutral,0
2080,neutral,neutral,0.0,neutral,0.0,neutral,0
2081,neutral,neutral,0.0,neutral,0.0,neutral,0
2082,neutral,neutral,0.0,neutral,0.0,neutral,0
2083,neutral,neutral,0.0,neutral,0.0,neutral,0
2084,neutral,neutral,0.0,neutral,0.0,neutral,0
2085,neutral,neutral,0.0,neutral,0.0,neutral,0
2086,neutral,neutral,0.0,neutral,0.0,neutral,0
2087,neutral,neutral,0.0,neutral,0.0,neutral,0
2088,neutral,neutral,0.0,neutral,0.0,neutral,0
2089,neutral,neutral,0.0,neutral,0.0,neutral,0
2090,neutral,neutral,0.0,neutral,0.0,neutral,0
2091,neutral,neutral,0.0,neutral,0.0,neutral,0
2092,neutral,neutral,0.0,neutral,0.0,neutral,0
2093,neutral,neutral,0.0,neutral,0.0,neutral,0
2094,neutral,neutral,0.0,neutral,0.0,neutral,0
2095,neutral,neutral,0.0,neutral,0.0,neutral,0
2096,neutral,neutral,0.0,neutral,0.0,neutral,0
2097,neutral,neutral,0.0,neutral,0.0,neutral,0
2098,neutral,neutral,0.0,neutral,0.0,neutral,0
2099,neutral,neutral,0.0,neutral,0.0,neutral,0
2100,neutral,neutral,0.0,neutral,0.0,neutral,0
2101,neutral,neutral,0.0,neutral,0.0,neutral,0
2102,neutral,neutral,0.0,neutral,0.0,neutral,0
2103,neutral,neutral,0.0,neutral,0.0,neutral,0
2104,neutral,neutral,0.0,neutral,0.0,neutral,0
2105,neutral,neutral,0.0,neutral,0.0,neutral,0
2106,neutral,neutral,0.0,neutral,0.0,neutral,0
2107,neutral,neutral,0.0,neutral,0.0,neutral,0
2108,neutral,neutral,0.0,neutral,0.0,neutral,0
2109,neutral,neutral,0.0,neutral,0.0,neutral,0
2110,neutral,neutral,0.0,neutral,0.0,neutral,0
2111,neutral,neutral,0.0,neutral,0.0,neutral,0
2112,neutral,neutral,0.0,neutral,0.0,neutral,0
2113,neutral,neutral,0.0,neutral,0.0,neutral,0
2114,neutral,neutral,0.0,neutral,0.0,neutral,0
2115,neutral,neutral,0.0,neutral,0.0,neutral,0
2116,neutral,neutral,0.0,neutral,0.0,neutral,0
2117,neutral,neutral,0.0,neutral,0.0,neutral,0
2118,neutral,neutral,0.0,neutral,0.0,neutral,0
2119,neutral,neutral,0.0,neutral,0.0,neutral,0
2120,neutral,neutral,0.0,neutral,0.0,neutral,0
2121,neutral,neutral,0.0,neutral,0.0,neutral,0
2122,neutral,neutral,0.0,neutral,0.0,neutral,0
2123,neutral,neutral,0.0,neutral,0.0,neutral,0
2124,neutral,neutral,0.0,neutral,0.0,neutral,0
2125,neutral,neutral,0.0,neutral,0.0,neutral,0
2126,neutral,neutral,0.0,neutral,0.0,neutral,0
2127,neutral,neutral,0.0,neutral,0.0,neutral,0
2128,neutral,neutral,0.0,neutral,0.0,neutral,0
2129,neutral,neutral,0.0,neutral,0.0,neutral,0
2130,neutral,neutral,0.0,neutral,0.0,neutral,0
2131,neutral,neutral,0.0,neutral,0.0,neutral,0
2132,neutral,neutral,0.0,neutral,0.0,neutral,0
2133,neutral,neutral,0.0,neutral,0.0,neutral,0
2134,neutral,neutral,0.0,neutral,0.0,neutral,0
2135,neutral,neutral,0.0,neutral,0.0,neutral,0
2136,neutral,neutral,0.0,neutral,0.0,neutral,0
2137,neutral,neutral,0.0,neutral,0.0,neutral,0
2138,neutral,neutral,0.0,neutral,0.0,neutral,0
2139,neutral,neutral,0.0,neutral,0.0,neutral,0
2140,neutral,neutral,0.0,neutral,0.0,neutral,0
2141,neutral,neutral,0.0,neutral,0.0,neutral,0
2142,neutral,neutral,0.0,neutral,0.0,neutral,0
2143,neutral,neutral,0.0,neutral,0.0,neutral,0
2144,neutral,neutral,0.0,neutral,0.0,neutral,0
2145,neutral,neutral,0.0,neutral,0.0,neutral,0
2146,neutral,neutral,0.0,neutral,0.0,neutral,0
2147,neutral,neutral,0.0,neutral,0.0,neutral,0
2148,neutral,neutral,0.0,neutral,0.0,neutral,0
2149,neutral,neutral,0.0,neutral,0.0,neutral,0
2150,neutral,neutral,0.0,neutral,0.0,neutral,0
2151,neutral,neutral,0.0,neutral,0.0,neutral,0
2152,neutral,neutral,0.0,neutral,0.0,neutral,0
2153,neutral,neutral,0.0,neutral,0.0,neutral,0
2154,neutral,neutral,0.0,neutral,0.0,neutral,0
2155,neutral,neutral,0.0,neutral,0.0,neutral,0
2156,neutral,neutral,0.0,neutral,0.0,neutral,0
2157,neutral,neutral,0.0,neutral,0.0,neutral,0
2158,neutral,neutral,0.0,neutral,0.0,neutral,0
2159,neutral,neutral,0.0,neutral,0.0,neutral,0
2160,neutral,neutral,0.0,neutral,0.0,neutral,0
2161,neutral,neutral,0.0,neutral,0.0,neutral,0
2162,neutral,neutral,0.0,neutral,0.0,neutral,0
2163,neutral,neutral,0.0,neutral,0.0,neutral,0
2164,neutral,neutral,0.0,neutral,0.0,neutral,0
2165,neutral,neutral,0.0,neutral,0.0,neutral,0
2166,neutral,neutral,0.0,neutral,0.0,neutral,0
2167,neutral,neutral,0.0,neutral,0.0,neutral,0
2168,neutral,neutral,0.0,neutral,0.0,neutral,0
2169,neutral,neutral,0.0,neutral,0.0,neutral,0
2170,neutral,neutral,0.0,neutral,0.0,neutral,0
2171,neutral,neutral,0.0,neutral,0.0,neutral,0
2172,neutral,neutral,0.0,neutral,0.0,neutral,0
2173,neutral,neutral,0.0,neutral,0.0,neutral,0
2174,neutral,neutral,0.0,neutral,0.0,neutral,0
2175,neutral,neutral,0.0,neutral,0.0,neutral,0
2176,neutral,neutral,0.0,neutral,0.0,neutral,0
2177,neutral,neutral,0.0,neutral,0.0,neutral,0
2178,neutral,neutral,0.0,neutral,0.0,neutral,0
2179,neutral,neutral,0.0,neutral,0.0,neutral,0
2180,neutral,neutral,0.0,neutral,0.0,neutral,0
2181,neutral,neutral,0.0,neutral,0.0,neutral,0
2182,neutral,neutral,0.0,neutral,0.0,neutral,0
2183,neutral,neutral,0.0,neutral,0.0,neutral,0
2184,neutral,neutral,0.0,neutral,0.0,neutral,0
2185,neutral,neutral,0.0,neutral,0.0,neutral,0
2186,neutral,neutral,0.0,neutral,0.0,neutral,0
2187,neutral,neutral,0.0,neutral,0.0,neutral,0
2188,neutral,neutral,0.0,neutral,0.0,neutral,0
2189,neutral,neutral,0.0,neutral,0.0,neutral,0
2190,neutral,neutral,0.0,neutral,0.0,neutral,0
2191,neutral,neutral,0.0,neutral,0.0,neutral,0
2192,neutral,neutral,0.0,neutral,0.0,neutral,0
2193,neutral,neutral,0.0,neutral,0.0,neutral,0
2194,neutral,neutral,0.0,neutral,0.0,neutral,0
2195,neutral,neutral,0.0,neutral,0.0,neutral,0
2196,neutral,neutral,0.0,neutral,0.0,neutral,0
2197,neutral,neutral,0.0,neutral,0.0,neutral,0
2198,neutral,neutral,0.0,neutral,0.0,neutral,0
2199,neutral,neutral,0.0,neutral,0.0,neutral,0
2200,neutral,neutral,0.0,neutral,0.0,neutral,0
2201,neutral,neutral,0.0,neutral,0.0,neutral,0
2202,neutral,neutral,0.0,neutral,0.0,neutral,0
2203,neutral,neutral,0.0,neutral,0.0,neutral,0
2204,neutral,neutral,0.0,neutral,0.0,neutral,0
2205,neutral,neutral,0.0,neutral,0.0,neutral,0
2206,neutral,neutral,0.0,neutral,0.0,neutral,0
2207,neutral,neutral,0.0,neutral,0.0,neutral,0
2208,neutral,neutral,0.0,neutral,0.0,neutral,0
2209,neutral,neutral,0.0,neutral,0.0,neutral,0
2210,neutral,neutral,0.0,neutral,0.0,neutral,0
2211,neutral,neutral,0.0,neutral,0.0,neutral,0
2212,neutral,neutral,0.0,neutral,0.0,neutral,0
2213,neutral,neutral,0.0,neutral,0.0,neutral,0
2214,neutral,neutral,0.0,neutral,0.0,neutral,0
2215,neutral,neutral,0.0,neutral,0.0,neutral,0
2216,neutral,neutral,0.0,neutral,0.0,neutral,0
2217,neutral,neutral,0.0,neutral,0.0,neutral,0
2218,neutral,neutral,0.0,neutral,0.0,neutral,0
2219,neutral,neutral,0.0,neutral,0.0,neutral,0
2220,neutral,neutral,0.0,neutral,0.0,neutral,0
2221,neutral,neutral,0.0,neutral,0.0,neutral,0
2222,neutral,neutral,0.0,neutral,0.0,neutral,0
2223,neutral,neutral,0.0,neutral,0.0,neutral,0
2224,neutral,neutral,0.0,neutral,0.0,neutral,0
2225,neutral,neutral,0.0,neutral,0.0,neutral,0
2226,neutral,neutral,0.0,neutral,0.0,neutral,0
2227,neutral,neutral,0.0,neutral,0.0,neutral,0
2228,neutral,neutral,0.0,neutral,0.0,neutral,0
2229,neutral,neutral,0.0,neutral,0.0,neutral,0
2230,neutral,neutral,0.0,neutral,0.0,neutral,0
2231,neutral,neutral,0.0,neutral,0.0,neutral,0
2232,neutral,neutral,0.0,neutral,0.0,neutral,0
2233,neutral,neutral,0.0,neutral,0.0,neutral,0
2234,neutral,neutral,0.0,neutral,0.0,neutral,0
2235,neutral,neutral,0.0,neutral,0.0,neutral,0
2236,neutral,neutral,0.0,neutral,0.0,neutral,0
2237,neutral,neutral,0.0,neutral,0.0,neutral,0
2238,neutral,neutral,0.0,neutral,0.0,neutral,0
2239,neutral,neutral,0.0,neutral,0.0,neutral,0
2240,neutral,neutral,0.0,neutral,0.0,neutral,0
2241,neutral,neutral,0.0,neutral,0.0,neutral,0
2242,neutral,neutral,0.0,neutral,0.0,neutral,0
2243,neutral,neutral,0.0,neutral,0.0,neutral,0
2244,neutral,neutral,0.0,neutral,0.0,neutral,0
2245,neutral,neutral,0.0,neutral,0.0,neutral,0
2246,neutral,neutral,0.0,neutral,0.0,neutral,0
2247,neutral,neutral,0.0,neutral,0.0,neutral,0
2248,neutral,neutral,0.0,neutral,0.0,neutral,0
2249,neutral,neutral,0.0,neutral,0.0,neutral,0
2250,neutral,neutral,0.0,neutral,0.0,neutral,0
2251,neutral,neutral,0.0,neutral,0.0,neutral,0
2252,neutral,neutral,0.0,neutral,0.0,neutral,0
2253,neutral,neutral,0.0,neutral,0.0,neutral,0
2254,neutral,neutral,0.0,neutral,0.0,neutral,0
2255,neutral,neutral,0.0,neutral,0.0,neutral,0
2256,neutral,neutral,0.0,neutral,0.0,neutral,0
2257,neutral,neutral,0.0,neutral,0.0,neutral,0
2258,neutral,neutral,0.0,neutral,0.0,neutral,0
2259,neutral,neutral,0.0,neutral,0.0,neutral,0
2260,neutral,neutral,0.0,neutral,0.0,neutral,0
2261,neutral,neutral,0.0,neutral,0.0,neutral,0
2262,neutral,neutral,0.0,neutral,0.0,neutral,0
2263,neutral,neutral,0.0,neutral,0.0,neutral,0
2264,neutral,neutral,0.0,neutral,0.0,neutral,0
2265,neutral,neutral,0.0,neutral,0.0,neutral,0
2266,neutral,neutral,0.0,neutral,0.0,neutral,0
2267,neutral,neutral,0.0,neutral,0.0,neutral,0
2268,neutral,neutral,0.0,neutral,0.0,neutral,0
2269,neutral,neutral,0.0,neutral,0.0,neutral,0
2270,neutral,neutral,0.0,neutral,0.0,neutral,0
2271,neutral,neutral,0.0,neutral,0.0,neutral,0
2272,neutral,neutral,0.0,neutral,0.0,neutral,0
2273,neutral,neutral,0.0,neutral,0.0,neutral,0
2274,neutral,neutral,0.0,neutral,0.0,neutral,0
2275,neutral,neutral,0.0,neutral,0.0,neutral,0
2276,neutral,neutral,0.0,neutral,0.0,neutral,0
2277,neutral,neutral,0.0,neutral,0.0,neutral,0
2278,neutral,neutral,0.0,neutral,0.0,neutral,0
2279,neutral,neutral,0.0,neutral,0.0,neutral,0
2280,neutral,neutral,0.0,neutral,0.0,neutral,0
2281,neutral,neutral,0.0,neutral,0.0,neutral,0
2282,neutral,neutral,0.0,neutral,0.0,neutral,0
2283,neutral,neutral,0.0,neutral,0.0,neutral,0
2284,neutral,neutral,0.0,neutral,0.0,neutral,0
2285,neutral,neutral,0.0,neutral,0.0,neutral,0
2286,neutral,neutral,0.0,neutral,0.0,neutral,0
2287,neutral,neutral,0.0,neutral,0.0,neutral,0
2288,neutral,neutral,0.0,neutral,0.0,neutral,0
2289,neutral,neutral,0.0,neutral,0.0,neutral,0
2290,neutral,neutral,0.0,neutral,0.0,neutral,0
2291,neutral,neutral,0.0,neutral,0.0,neutral,0
2292,neutral,neutral,0.0,neutral,0.0,neutral,0
2293,neutral,neutral,0.0,neutral,0.0,neutral,0
2294,neutral,neutral,0.0,neutral,0.0,neutral,0
2295,neutral,neutral,0.0,neutral,0.0,neutral,0
2296,neutral,neutral,0.0,neutral,0.0,neutral,0
2297,neutral,neutral,0.0,neutral,0.0,neutral,0
2298,neutral,neutral,0.0,neutral,0.0,neutral,0
2299,neutral,neutral,0.0,neutral,0.0,neutral,0
2300,neutral,neutral,0.0,neutral,0.0,neutral,0
2301,neutral,neutral,0.0,neutral,0.0,neutral,0
2302,neutral,neutral,0.0,neutral,0.0,neutral,0
2303,neutral,neutral,0.0,neutral,0.0,neutral,0
2304,neutral,neutral,0.0,neutral,0.0,neutral,0
2305,neutral,neutral,0.0,neutral,0.0,neutral,0
2306,neutral,neutral,0.0,neutral,0.0,neutral,0
2307,neutral,neutral,0.0,neutral,0.0,neutral,0
2308,neutral,neutral,0.0,neutral,0.0,neutral,0
2309,neutral,neutral,0.0,neutral,0.0,neutral,0
2310,neutral,neutral,0.0,neutral,0.0,neutral,0
2311,neutral,neutral,0.0,neutral,0.0,neutral,0
2312,neutral,neutral,0.0,neutral,0.0,neutral,0
2313,neutral,neutral,0.0,neutral,0.0,neutral,0
2314,neutral,neutral,0.0,neutral,0.0,neutral,0
2315,neutral,neutral,0.0,neutral,0.0,neutral,0
2316,neutral,neutral,0.0,neutral,0.0,neutral,0
2317,neutral,neutral,0.0,neutral,0.0,neutral,0
2318,neutral,neutral,0.0,neutral,0.0,neutral,0
2319,neutral,neutral,0.0,neutral,0.0,neutral,0
2320,neutral,neutral,0.0,neutral,0.0,neutral,0
2321,neutral,neutral,0.0,neutral,0.0,neutral,0
2322,neutral,neutral,0.0,neutral,0.0,neutral,0
2323,neutral,neutral,0.0,neutral,0.0,neutral,0
2324,neutral,neutral,0.0,neutral,0.0,neutral,0
2325,neutral,neutral,0.0,neutral,0.0,neutral,0
2326,neutral,neutral,0.0,neutral,0.0,neutral,0
2327,neutral,neutral,0.0,neutral,0.0,neutral,0
2328,neutral,neutral,0.0,neutral,0.0,neutral,0
2329,neutral,neutral,0.0,neutral,0.0,neutral,0
2330,neutral,neutral,0.0,neutral,0.0,neutral,0
2331,neutral,neutral,0.0,neutral,0.0,neutral,0
2332,neutral,neutral,0.0,neutral,0.0,neutral,0
2333,neutral,neutral,0.0,neutral,0.0,neutral,0
2334,neutral,neutral,0.0,neutral,0.0,neutral,0
2335,neutral,neutral,0.0,neutral,0.0,neutral,0
2336,neutral,neutral,0.0,neutral,0.0,neutral,0
2337,neutral,neutral,0.0,neutral,0.0,neutral,0
2338,neutral,neutral,0.0,neutral,0.0,neutral,0
2339,neutral,neutral,0.0,neutral,0.0,neutral,0
2340,neutral,neutral,0.0,neutral,0.0,neutral,0
2341,neutral,neutral,0.0,neutral,0.0,neutral,0
2342,neutral,neutral,0.0,neutral,0.0,neutral,0
2343,neutral,neutral,0.0,neutral,0.0,neutral,0
2344,neutral,neutral,0.0,neutral,0.0,neutral,0
2345,neutral,neutral,0.0,neutral,0.0,neutral,0
2346,neutral,neutral,0.0,neutral,0.0,neutral,0
2347,neutral,neutral,0.0,neutral,0.0,neutral,0
2348,neutral,neutral,0.0,neutral,0.0,neutral,0
2349,neutral,neutral,0.0,neutral,0.0,neutral,0
2350,neutral,neutral,0.0,neutral,0.0,neutral,0
2351,neutral,neutral,0.0,neutral,0.0,neutral,0
2352,neutral,neutral,0.0,neutral,0.0,neutral,0
2353,neutral,neutral,0.0,neutral,0.0,neutral,0
2354,neutral,neutral,0.0,neutral,0.0,neutral,0
2355,neutral,neutral,0.0,neutral,0.0,neutral,0
2356,neutral,neutral,0.0,neutral,0.0,neutral,0
2357,neutral,neutral,0.0,neutral,0.0,neutral,0
2358,neutral,neutral,0.0,neutral,0.0,neutral,0
2359,neutral,neutral,0.0,neutral,0.0,neutral,0
2360,neutral,neutral,0.0,neutral,0.0,neutral,0
2361,neutral,neutral,0.0,neutral,0.0,neutral,0
2362,neutral,neutral,0.0,neutral,0.0,neutral,0
2363,neutral,neutral,0.0,neutral,0.0,neutral,0
2364,neutral,neutral,0.0,neutral,0.0,neutral,0
2365,neutral,neutral,0.0,neutral,0.0,neutral,0
2366,neutral,neutral,0.0,neutral,0.0,neutral,0
2367,neutral,neutral,0.0,neutral,0.0,neutral,0
2368,neutral,neutral,0.0,neutral,0.0,neutral,0
2369,neutral,neutral,0.0,neutral,0.0,neutral,0
2370,neutral,neutral,0.0,neutral,0.0,neutral,0
2371,neutral,neutral,0.0,neutral,0.0,neutral,0
2372,neutral,neutral,0.0,neutral,0.0,neutral,0
2373,neutral,neutral,0.0,neutral,0.0,neutral,0
2374,neutral,neutral,0.0,neutral,0.0,neutral,0
2375,neutral,neutral,0.0,neutral,0.0,neutral,0
2376,neutral,neutral,0.0,neutral,0.0,neutral,0
2377,neutral,neutral,0.0,neutral,0.0,neutral,0
2378,neutral,neutral,0.0,neutral,0.0,neutral,0
2379,neutral,neutral,0.0,neutral,0.0,neutral,0
2380,neutral,neutral,0.0,neutral,0.0,neutral,0
2381,neutral,neutral,0.0,neutral,0.0,neutral,0
2382,neutral,neutral,0.0,neutral,0.0,neutral,0
2383,neutral,neutral,0.0,neutral,0.0,neutral,0
2384,neutral,neutral,0.0,neutral,0.0,neutral,0
2385,neutral,neutral,0.0,neutral,0.0,neutral,0
2386,neutral,neutral,0.0,neutral,0.0,neutral,0
2387,neutral,neutral,0.0,neutral,0.0,neutral,0
2388,neutral,neutral,0.0,neutral,0.0,neutral,0
2389,neutral,neutral,0.0,neutral,0.0,neutral,0
2390,neutral,neutral,0.0,neutral,0.0,neutral,0
2391,neutral,neutral,0.0,neutral,0.0,neutral,0
2392,neutral,neutral,0.0,neutral,0.0,neutral,0
2393,neutral,neutral,0.0,neutral,0.0,neutral,0
2394,neutral,neutral,0.0,neutral,0.0,neutral,0
2395,neutral,neutral,0.0,neutral,0.0,neutral,0
2396,neutral,neutral,0.0,neutral,0.0,neutral,0
2397,neutral,neutral,0.0,neutral,0.0,neutral,0
2398,neutral,neutral,0.0,neutral,0.0,neutral,0
2399,neutral,neutral,0.0,neutral,0.0,neutral,0
2400,neutral,neutral,0.0,neutral,0.0,neutral,0
2401,neutral,neutral,0.0,neutral,0.0,neutral,0
2402,neutral,neutral,0.0,neutral,0.0,neutral,0
2403,neutral,neutral,0.0,neutral,0.0,neutral,0
2404,neutral,neutral,0.0,neutral,0.0,neutral,0
2405,neutral,neutral,0.0,neutral,0.0,neutral,0
2406,neutral,neutral,0.0,neutral,0.0,neutral,0
2407,neutral,neutral,0.0,neutral,0.0,neutral,0
2408,neutral,neutral,0.0,neutral,0.0,neutral,0
2409,neutral,neutral,0.0,neutral,0.0,neutral,0
2410,neutral,neutral,0.0,neutral,0.0,neutral,0
2411,neutral,neutral,0.0,neutral,0.0,neutral,0
2412,neutral,neutral,0.0,neutral,0.0,neutral,0
2413,neutral,neutral,0.0,neutral,0.0,neutral,0
2414,neutral,neutral,0.0,neutral,0.0,neutral,0
2415,neutral,neutral,0.0,neutral,0.0,neutral,0
2416,neutral,neutral,0.0,neutral,0.0,neutral,0
2417,neutral,neutral,0.0,neutral,0.0,neutral,0
2418,neutral,neutral,0.0,neutral,0.0,neutral,0
2419,neutral,neutral,0.0,neutral,0.0,neutral,0
2420,neutral,neutral,0.0,neutral,0.0,neutral,0
2421,neutral,neutral,0.0,neutral,0.0,neutral,0
2422,neutral,neutral,0.0,neutral,0.0,neutral,0
2423,neutral,neutral,0.0,neutral,0.0,neutral,0
2424,neutral,neutral,0.0,neutral,0.0,neutral,0
2425,neutral,neutral,0.0,neutral,0.0,neutral,0
2426,neutral,neutral,0.0,neutral,0.0,neutral,0
2427,neutral,neutral,0.0,neutral,0.0,neutral,0
2428,neutral,neutral,0.0,neutral,0.0,neutral,0
2429,neutral,neutral,0.0,neutral,0.0,neutral,0
2430,neutral,neutral,0.0,neutral,0.0,neutral,0
2431,neutral,neutral,0.0,neutral,0.0,neutral,0
2432,neutral,neutral,0.0,neutral,0.0,neutral,0
2433,neutral,neutral,0.0,neutral,0.0,neutral,0
2434,neutral,neutral,0.0,neutral,0.0,neutral,0
2435,neutral,neutral,0.0,neutral,0.0,neutral,0
2436,neutral,neutral,0.0,neutral,0.0,neutral,0
2437,neutral,neutral,0.0,neutral,0.0,neutral,0
2438,neutral,neutral,0.0,neutral,0.0,neutral,0
2439,neutral,neutral,0.0,neutral,0.0,neutral,0
2440,neutral,neutral,0.0,neutral,0.0,neutral,0
2441,neutral,neutral,0.0,neutral,0.0,neutral,0
2442,neutral,neutral,0.0,neutral,0.0,neutral,0
2443,neutral,neutral,0.0,neutral,0.0,neutral,0
2444,neutral,neutral,0.0,neutral,0.0,neutral,0
2445,neutral,neutral,0.0,neutral,0.0,neutral,0
2446,neutral,neutral,0.0,neutral,0.0,neutral,0
2447,neutral,neutral,0.0,neutral,0.0,neutral,0
2448,neutral,neutral,0.0,neutral,0.0,neutral,0
2449,neutral,neutral,0.0,neutral,0.0,neutral,0
2450,neutral,neutral,0.0,neutral,0.0,neutral,0
2451,neutral,neutral,0.0,neutral,0.0,neutral,0
2452,neutral,neutral,0.0,neutral,0.0,neutral,0
2453,neutral,neutral,0.0,neutral,0.0,neutral,0
2454,neutral,neutral,0.0,neutral,0.0,neutral,0
2455,neutral,neutral,0.0,neutral,0.0,neutral,0
2456,neutral,neutral,0.0,neutral,0.0,neutral,0
2457,neutral,neutral,0.0,neutral,0.0,neutral,0
2458,neutral,neutral,0.0,neutral,0.0,neutral,0
2459,neutral,neutral,0.0,neutral,0.0,neutral,0
2460,neutral,neutral,0.0,neutral,0.0,neutral,0
2461,neutral,neutral,0.0,neutral,0.0,neutral,0
2462,neutral,neutral,0.0,neutral,0.0,neutral,0
2463,neutral,neutral,0.0,neutral,0.0,neutral,0
2464,neutral,neutral,0.0,neutral,0.0,neutral,0
2465,neutral,neutral,0.0,neutral,0.0,neutral,0
2466,neutral,neutral,0.0,neutral,0.0,neutral,0
2467,neutral,neutral,0.0,neutral,0.0,neutral,0
2468,neutral,neutral,0.0,neutral,0.0,neutral,0
2469,neutral,neutral,0.0,neutral,0.0,neutral,0
2470,neutral,neutral,0.0,neutral,0.0,neutral,0
2471,neutral,neutral,0.0,neutral,0.0,neutral,0
2472,neutral,neutral,0.0,neutral,0.0,neutral,0
2473,neutral,neutral,0.0,neutral,0.0,neutral,0
2474,neutral,neutral,0.0,neutral,0.0,neutral,0
2475,neutral,neutral,0.0,neutral,0.0,neutral,0
2476,neutral,neutral,0.0,neutral,0.0,neutral,0
2477,neutral,neutral,0.0,neutral,0.0,neutral,0
2478,neutral,neutral,0.0,neutral,0.0,neutral,0
2479,neutral,neutral,0.0,neutral,0.0,neutral,0
2480,neutral,neutral,0.0,neutral,0.0,neutral,0
2481,neutral,neutral,0.0,neutral,0.0,neutral,0
2482,neutral,neutral,0.0,neutral,0.0,neutral,0
2483,neutral,neutral,0.0,neutral,0.0,neutral,0
2484,neutral,neutral,0.0,neutral,0.0,neutral,0
2485,neutral,neutral,0.0,neutral,0.0,neutral,0
2486,neutral,neutral,0.0,neutral,0.0,neutral,0
2487,neutral,neutral,0.0,neutral,0.0,neutral,0
2488,neutral,neutral,0.0,neutral,0.0,neutral,0
2489,neutral,neutral,0.0,neutral,0.0,neutral,0
2490,neutral,neutral,0.0,neutral,0.0,neutral,0
2491,neutral,neutral,0.0,neutral,0.0,neutral,0
2492,neutral,neutral,0.0,neutral,0.0,neutral,0
2493,neutral,neutral,0.0,neutral,0.0,neutral,0
2494,neutral,neutral,0.0,neutral,0.0,neutral,0
2495,neutral,neutral,0.0,neutral,0.0,neutral,0
2496,neutral,neutral,0.0,neutral,0.0,neutral,0
2497,neutral,neutral,0.0,neutral,0.0,neutral,0
2498,neutral,neutral,0.0,neutral,0.0,neutral,0
2499,neutral,neutral,0.0,neutral,0.0,neutral,0
2500,neutral,neutral,0.0,neutral,0.0,neutral,0
2501,neutral,neutral,0.0,neutral,0.0,neutral,0
2502,neutral,neutral,0.0,neutral,0.0,neutral,0
2503,neutral,neutral,0.0,neutral,0.0,neutral,0
2504,neutral,neutral,0.0,neutral,0.0,neutral,0
2505,neutral,neutral,0.0,neutral,0.0,neutral,0
2506,neutral,neutral,0.0,neutral,0.0,neutral,0
2507,neutral,neutral,0.0,neutral,0.0,neutral,0
2508,neutral,neutral,0.0,neutral,0.0,neutral,0
2509,neutral,neutral,0.0,neutral,0.0,neutral,0
2510,neutral,neutral,0.0,neutral,0.0,neutral,0
2511,neutral,neutral,0.0,neutral,0.0,neutral,0
2512,neutral,neutral,0.0,neutral,0.0,neutral,0
2513,neutral,neutral,0.0,neutral,0.0,neutral,0
2514,neutral,neutral,0.0,neutral,0.0,neutral,0
2515,neutral,neutral,0.0,neutral,0.0,neutral,0
2516,neutral,neutral,0.0,neutral,0.0,neutral,0
2517,neutral,neutral,0.0,neutral,0.0,neutral,0
2518,neutral,neutral,0.0,neutral,0.0,neutral,0
2519,neutral,neutral,0.0,neutral,0.0,neutral,0
2520,neutral,neutral,0.0,neutral,0.0,neutral,0
2521,neutral,neutral,0.0,neutral,0.0,neutral,0
2522,neutral,neutral,0.0,neutral,0.0,neutral,0
2523,neutral,neutral,0.0,neutral,0.0,neutral,0
2524,neutral,neutral,0.0,neutral,0.0,neutral,0
2525,neutral,neutral,0.0,neutral,0.0,neutral,0
2526,neutral,neutral,0.0,neutral,0.0,neutral,0
2527,neutral,neutral,0.0,neutral,0.0,neutral,0
2528,neutral,neutral,0.0,neutral,0.0,neutral,0
2529,neutral,neutral,0.0,neutral,0.0,neutral,0
2530,neutral,neutral,0.0,neutral,0.0,neutral,0
2531,neutral,neutral,0.0,neutral,0.0,neutral,0
2532,neutral,neutral,0.0,neutral,0.0,neutral,0
2533,neutral,neutral,0.0,neutral,0.0,neutral,0
2534,neutral,neutral,0.0,neutral,0.0,neutral,0
2535,neutral,neutral,0.0,neutral,0.0,neutral,0
2536,neutral,neutral,0.0,neutral,0.0,neutral,0
2537,neutral,neutral,0.0,neutral,0.0,neutral,0
2538,neutral,neutral,0.0,neutral,0.0,neutral,0
2539,neutral,neutral,0.0,neutral,0.0,neutral,0
2540,neutral,neutral,0.0,neutral,0.0,neutral,0
2541,neutral,neutral,0.0,neutral,0.0,neutral,0
2542,neutral,neutral,0.0,neutral,0.0,neutral,0
2543,neutral,neutral,0.0,neutral,0.0,neutral,0
2544,neutral,neutral,0.0,neutral,0.0,neutral,0
2545,neutral,neutral,0.0,neutral,0.0,neutral,0
2546,neutral,neutral,0.0,neutral,0.0,neutral,0
2547,neutral,neutral,0.0,neutral,0.0,neutral,0
2548,neutral,neutral,0.0,neutral,0.0,neutral,0
2549,neutral,neutral,0.0,neutral,0.0,neutral,0
2550,neutral,neutral,0.0,neutral,0.0,neutral,0
2551,neutral,neutral,0.0,neutral,0.0,neutral,0
2552,neutral,neutral,0.0,neutral,0.0,neutral,0
2553,neutral,neutral,0.0,neutral,0.0,neutral,0
2554,neutral,neutral,0.0,neutral,0.0,neutral,0
2555,neutral,neutral,0.0,neutral,0.0,neutral,0
2556,neutral,neutral,0.0,neutral,0.0,neutral,0
2557,neutral,neutral,0.0,neutral,0.0,neutral,0
2558,neutral,neutral,0.0,neutral,0.0,neutral,0
2559,neutral,neutral,0.0,neutral,0.0,neutral,0
2560,neutral,neutral,0.0,neutral,0.0,neutral,0
2561,neutral,neutral,0.0,neutral,0.0,neutral,0
2562,neutral,neutral,0.0,neutral,0.0,neutral,0
2563,neutral,neutral,0.0,neutral,0.0,neutral,0
2564,neutral,neutral,0.0,neutral,0.0,neutral,0
2565,neutral,neutral,0.0,neutral,0.0,neutral,0
2566,neutral,neutral,0.0,neutral,0.0,neutral,0
2567,neutral,neutral,0.0,neutral,0.0,neutral,0
2568,neutral,neutral,0.0,neutral,0.0,neutral,0
2569,neutral,neutral,0.0,neutral,0.0,neutral,0
2570,neutral,neutral,0.0,neutral,0.0,neutral,0
2571,neutral,neutral,0.0,neutral,0.0,neutral,0
2572,neutral,neutral,0.0,neutral,0.0,neutral,0
2573,neutral,neutral,0.0,neutral,0.0,neutral,0
2574,neutral,neutral,0.0,neutral,0.0,neutral,0
2575,neutral,neutral,0.0,neutral,0.0,neutral,0
2576,neutral,neutral,0.0,neutral,0.0,neutral,0
2577,neutral,neutral,0.0,neutral,0.0,neutral,0
2578,neutral,neutral,0.0,neutral,0.0,neutral,0
2579,neutral,neutral,0.0,neutral,0.0,neutral,0
2580,neutral,neutral,0.0,neutral,0.0,neutral,0
2581,neutral,neutral,0.0,neutral,0.0,neutral,0
2582,neutral,neutral,0.0,neutral,0.0,neutral,0
2583,neutral,neutral,0.0,neutral,0.0,neutral,0
2584,neutral,neutral,0.0,neutral,0.0,neutral,0
2585,neutral,neutral,0.0,neutral,0.0,neutral,0
2586,neutral,neutral,0.0,neutral,0.0,neutral,0
2587,neutral,neutral,0.0,neutral,0.0,neutral,0
2588,neutral,neutral,0.0,neutral,0.0,neutral,0
2589,neutral,neutral,0.0,neutral,0.0,neutral,0
2590,neutral,neutral,0.0,neutral,0.0,neutral,0
2591,neutral,neutral,0.0,neutral,0.0,neutral,0
2592,neutral,neutral,0.0,neutral,0.0,neutral,0
2593,neutral,neutral,0.0,neutral,0.0,neutral,0
2594,neutral,neutral,0.0,neutral,0.0,neutral,0
2595,neutral,neutral,0.0,neutral,0.0,neutral,0
2596,neutral,neutral,0.0,neutral,0.0,neutral,0
2597,neutral,neutral,0.0,neutral,0.0,neutral,0
2598,neutral,neutral,0.0,neutral,0.0,neutral,0
2599,neutral,neutral,0.0,neutral,0.0,neutral,0
2600,neutral,neutral,0.0,neutral,0.0,neutral,0
2601,neutral,neutral,0.0,neutral,0.0,neutral,0
2602,neutral,neutral,0.0,neutral,0.0,neutral,0
2603,neutral,neutral,0.0,neutral,0.0,neutral,0
2604,neutral,neutral,0.0,neutral,0.0,neutral,0
2605,neutral,neutral,0.0,neutral,0.0,neutral,0
2606,neutral,neutral,0.0,neutral,0.0,neutral,0
2607,neutral,neutral,0.0,neutral,0.0,neutral,0
2608,neutral,neutral,0.0,neutral,0.0,neutral,0
2609,neutral,neutral,0.0,neutral,0.0,neutral,0
2610,neutral,neutral,0.0,neutral,0.0,neutral,0
2611,neutral,neutral,0.0,neutral,0.0,neutral,0
2612,neutral,neutral,0.0,neutral,0.0,neutral,0
2613,neutral,neutral,0.0,neutral,0.0,neutral,0
2614,neutral,neutral,0.0,neutral,0.0,neutral,0
2615,neutral,neutral,0.0,neutral,0.0,neutral,0
2616,neutral,neutral,0.0,neutral,0.0,neutral,0
2617,neutral,neutral,0.0,neutral,0.0,neutral,0
2618,neutral,neutral,0.0,neutral,0.0,neutral,0
2619,neutral,neutral,0.0,neutral,0.0,neutral,0
2620,neutral,neutral,0.0,neutral,0.0,neutral,0
2621,neutral,neutral,0.0,neutral,0.0,neutral,0
2622,neutral,neutral,0.0,neutral,0.0,neutral,0
2623,neutral,neutral,0.0,neutral,0.0,neutral,0
2624,neutral,neutral,0.0,neutral,0.0,neutral,0
2625,neutral,neutral,0.0,neutral,0.0,neutral,0
2626,neutral,neutral,0.0,neutral,0.0,neutral,0
2627,neutral,neutral,0.0,neutral,0.0,neutral,0
2628,neutral,neutral,0.0,neutral,0.0,neutral,0
2629,neutral,neutral,0.0,neutral,0.0,neutral,0
2630,neutral,neutral,0.0,neutral,0.0,neutral,0
2631,neutral,neutral,0.0,neutral,0.0,neutral,0
2632,neutral,neutral,0.0,neutral,0.0,neutral,0
2633,neutral,neutral,0.0,neutral,0.0,neutral,0
2634,neutral,neutral,0.0,neutral,0.0,neutral,0
2635,neutral,neutral,0.0,neutral,0.0,neutral,0
2636,neutral,neutral,0.0,neutral,0.0,neutral,0
2637,neutral,neutral,0.0,neutral,0.0,neutral,0
2638,neutral,neutral,0.0,neutral,0.0,neutral,0
2639,neutral,neutral,0.0,neutral,0.0,neutral,0
2640,neutral,neutral,0.0,neutral,0.0,neutral,0
2641,neutral,neutral,0.0,neutral,0.0,neutral,0
2642,neutral,neutral,0.0,neutral,0.0,neutral,0
2643,neutral,neutral,0.0,neutral,0.0,neutral,0
2644,neutral,neutral,0.0,neutral,0.0,neutral,0
2645,neutral,neutral,0.0,neutral,0.0,neutral,0
2646,neutral,neutral,0.0,neutral,0.0,neutral,0
2647,neutral,neutral,0.0,neutral,0.0,neutral,0
2648,neutral,neutral,0.0,neutral,0.0,neutral,0
2649,neutral,neutral,0.0,neutral,0.0,neutral,0
2650,neutral,neutral,0.0,neutral,0.0,neutral,0
2651,neutral,neutral,0.0,neutral,0.0,neutral,0
2652,neutral,neutral,0.0,neutral,0.0,neutral,0
2653,neutral,neutral,0.0,neutral,0.0,neutral,0
2654,neutral,neutral,0.0,neutral,0.0,neutral,0
2655,neutral,neutral,0.0,neutral,0.0,neutral,0
2656,neutral,neutral,0.0,neutral,0.0,neutral,0
2657,neutral,neutral,0.0,neutral,0.0,neutral,0
2658,neutral,neutral,0.0,neutral,0.0,neutral,0
2659,neutral,neutral,0.0,neutral,0.0,neutral,0
2660,neutral,neutral,0.0,neutral,0.0,neutral,0
2661,neutral,neutral,0.0,neutral,0.0,neutral,0
2662,neutral,neutral,0.0,neutral,0.0,neutral,0
2663,neutral,neutral,0.0,neutral,0.0,neutral,0
2664,neutral,neutral,0.0,neutral,0.0,neutral,0
2665,neutral,neutral,0.0,neutral,0.0,neutral,0
2666,neutral,neutral,0.0,neutral,0.0,neutral,0
2667,neutral,neutral,0.0,neutral,0.0,neutral,0
2668,neutral,neutral,0.0,neutral,0.0,neutral,0
2669,neutral,neutral,0.0,neutral,0.0,neutral,0
2670,neutral,neutral,0.0,neutral,0.0,neutral,0
2671,neutral,neutral,0.0,neutral,0.0,neutral,0
2672,neutral,neutral,0.0,neutral,0.0,neutral,0
2673,neutral,neutral,0.0,neutral,0.0,neutral,0
2674,neutral,neutral,0.0,neutral,0.0,neutral,0
2675,neutral,neutral,0.0,neutral,0.0,neutral,0
2676,neutral,neutral,0.0,neutral,0.0,neutral,0
2677,neutral,neutral,0.0,neutral,0.0,neutral,0
2678,neutral,neutral,0.0,neutral,0.0,neutral,0
2679,neutral,neutral,0.0,neutral,0.0,neutral,0
2680,neutral,neutral,0.0,neutral,0.0,neutral,0
2681,neutral,neutral,0.0,neutral,0.0,neutral,0
2682,neutral,neutral,0.0,neutral,0.0,neutral,0
2683,neutral,neutral,0.0,neutral,0.0,neutral,0
2684,neutral,neutral,0.0,neutral,0.0,neutral,0
2685,neutral,neutral,0.0,neutral,0.0,neutral,0
2686,neutral,neutral,0.0,neutral,0.0,neutral,0
2687,neutral,neutral,0.0,neutral,0.0,neutral,0
2688,neutral,neutral,0.0,neutral,0.0,neutral,0
2689,neutral,neutral,0.0,neutral,0.0,neutral,0
2690,neutral,neutral,0.0,neutral,0.0,neutral,0
2691,neutral,neutral,0.0,neutral,0.0,neutral,0
2692,neutral,neutral,0.0,neutral,0.0,neutral,0
2693,neutral,neutral,0.0,neutral,0.0,neutral,0
2694,neutral,neutral,0.0,neutral,0.0,neutral,0
2695,neutral,neutral,0.0,neutral,0.0,neutral,0
2696,neutral,neutral,0.0,neutral,0.0,neutral,0
2697,neutral,neutral,0.0,neutral,0.0,neutral,0
2698,neutral,neutral,0.0,neutral,0.0,neutral,0
2699,neutral,neutral,0.0,neutral,0.0,neutral,0
2700,neutral,neutral,0.0,neutral,0.0,neutral,0
2701,neutral,neutral,0.0,neutral,0.0,neutral,0
2702,neutral,neutral,0.0,neutral,0.0,neutral,0
2703,neutral,neutral,0.0,neutral,0.0,neutral,0
2704,neutral,neutral,0.0,neutral,0.0,neutral,0
2705,neutral,neutral,0.0,neutral,0.0,neutral,0
2706,neutral,neutral,0.0,neutral,0.0,neutral,0
2707,neutral,neutral,0.0,neutral,0.0,neutral,0
2708,neutral,neutral,0.0,neutral,0.0,neutral,0
2709,neutral,neutral,0.0,neutral,0.0,neutral,0
2710,neutral,neutral,0.0,neutral,0.0,neutral,0
2711,neutral,neutral,0.0,neutral,0.0,neutral,0
2712,neutral,neutral,0.0,neutral,0.0,neutral,0
2713,neutral,neutral,0.0,neutral,0.0,neutral,0
2714,neutral,neutral,0.0,neutral,0.0,neutral,0
2715,neutral,neutral,0.0,neutral,0.0,neutral,0
2716,neutral,neutral,0.0,neutral,0.0,neutral,0
2717,neutral,neutral,0.0,neutral,0.0,neutral,0
2718,neutral,neutral,0.0,neutral,0.0,neutral,0
2719,neutral,neutral,0.0,neutral,0.0,neutral,0
2720,neutral,neutral,0.0,neutral,0.0,neutral,0
2721,neutral,neutral,0.0,neutral,0.0,neutral,0
2722,neutral,neutral,0.0,neutral,0.0,neutral,0
2723,neutral,neutral,0.0,neutral,0.0,neutral,0
2724,neutral,neutral,0.0,neutral,0.0,neutral,0
2725,neutral,neutral,0.0,neutral,0.0,neutral,0
2726,neutral,neutral,0.0,neutral,0.0,neutral,0
2727,neutral,neutral,0.0,neutral,0.0,neutral,0
2728,neutral,neutral,0.0,neutral,0.0,neutral,0
2729,neutral,neutral,0.0,neutral,0.0,neutral,0
2730,neutral,neutral,0.0,neutral,0.0,neutral,0
2731,neutral,neutral,0.0,neutral,0.0,neutral,0
2732,neutral,neutral,0.0,neutral,0.0,neutral,0
2733,neutral,neutral,0.0,neutral,0.0,neutral,0
2734,neutral,neutral,0.0,neutral,0.0,neutral,0
2735,neutral,neutral,0.0,neutral,0.0,neutral,0
2736,neutral,neutral,0.0,neutral,0.0,neutral,0
2737,neutral,neutral,0.0,neutral,0.0,neutral,0
2738,neutral,neutral,0.0,neutral,0.0,neutral,0
2739,neutral,neutral,0.0,neutral,0.0,neutral,0
2740,neutral,neutral,0.0,neutral,0.0,neutral,0
2741,neutral,neutral,0.0,neutral,0.0,neutral,0
2742,neutral,neutral,0.0,neutral,0.0,neutral,0
2743,neutral,neutral,0.0,neutral,0.0,neutral,0
2744,neutral,neutral,0.0,neutral,0.0,neutral,0
2745,neutral,neutral,0.0,neutral,0.0,neutral,0
2746,neutral,neutral,0.0,neutral,0.0,neutral,0
2747,neutral,neutral,0.0,neutral,0.0,neutral,0
2748,neutral,neutral,0.0,neutral,0.0,neutral,0
2749,neutral,neutral,0.0,neutral,0.0,neutral,0
2750,neutral,neutral,0.0,neutral,0.0,neutral,0
2751,neutral,neutral,0.0,neutral,0.0,neutral,0
2752,neutral,neutral,0.0,neutral,0.0,neutral,0
2753,neutral,neutral,0.0,neutral,0.0,neutral,0
2754,neutral,neutral,0.0,neutral,0.0,neutral,0
2755,neutral,neutral,0.0,neutral,0.0,neutral,0
2756,neutral,neutral,0.0,neutral,0.0,neutral,0
2757,neutral,neutral,0.0,neutral,0.0,neutral,0
2758,neutral,neutral,0.0,neutral,0.0,neutral,0
2759,neutral,neutral,0.0,neutral,0.0,neutral,0
2760,neutral,neutral,0.0,neutral,0.0,neutral,0
2761,neutral,neutral,0.0,neutral,0.0,neutral,0
2762,neutral,neutral,0.0,neutral,0.0,neutral,0
2763,neutral,neutral,0.0,neutral,0.0,neutral,0
2764,neutral,neutral,0.0,neutral,0.0,neutral,0
2765,neutral,neutral,0.0,neutral,0.0,neutral,0
2766,neutral,neutral,0.0,neutral,0.0,neutral,0
2767,neutral,neutral,0.0,neutral,0.0,neutral,0
2768,neutral,neutral,0.0,neutral,0.0,neutral,0
2769,neutral,neutral,0.0,neutral,0.0,neutral,0
2770,neutral,neutral,0.0,neutral,0.0,neutral,0
2771,neutral,neutral,0.0,neutral,0.0,neutral,0
2772,neutral,neutral,0.0,neutral,0.0,neutral,0
2773,neutral,neutral,0.0,neutral,0.0,neutral,0
2774,neutral,neutral,0.0,neutral,0.0,neutral,0
2775,neutral,neutral,0.0,neutral,0.0,neutral,0
2776,neutral,neutral,0.0,neutral,0.0,neutral,0
2777,neutral,neutral,0.0,neutral,0.0,neutral,0
2778,neutral,neutral,0.0,neutral,0.0,neutral,0
2779,neutral,neutral,0.0,neutral,0.0,neutral,0
2780,neutral,neutral,0.0,neutral,0.0,neutral,0
2781,neutral,neutral,0.0,neutral,0.0,neutral,0
2782,neutral,neutral,0.0,neutral,0.0,neutral,0
2783,neutral,neutral,0.0,neutral,0.0,neutral,0
2784,neutral,neutral,0.0,neutral,0.0,neutral,0
2785,neutral,neutral,0.0,neutral,0.0,neutral,0
2786,neutral,neutral,0.0,neutral,0.0,neutral,0
2787,neutral,neutral,0.0,neutral,0.0,neutral,0
2788,neutral,neutral,0.0,neutral,0.0,neutral,0
2789,neutral,neutral,0.0,neutral,0.0,neutral,0
2790,neutral,neutral,0.0,neutral,0.0,neutral,0
2791,neutral,neutral,0.0,neutral,0.0,neutral,0
2792,neutral,neutral,0.0,neutral,0.0,neutral,0
2793,neutral,neutral,0.0,neutral,0.0,neutral,0
2794,neutral,neutral,0.0,neutral,0.0,neutral,0
2795,neutral,neutral,0.0,neutral,0.0,neutral,0
2796,neutral,neutral,0.0,neutral,0.0,neutral,0
2797,neutral,neutral,0.0,neutral,0.0,neutral,0
2798,neutral,neutral,0.0,neutral,0.0,neutral,0
2799,neutral,neutral,0.0,neutral,0.0,neutral,0
2800,neutral,neutral,0.0,neutral,0.0,neutral,0
2801,neutral,neutral,0.0,neutral,0.0,neutral,0
2802,neutral,neutral,0.0,neutral,0.0,neutral,0
2803,neutral,neutral,0.0,neutral,0.0,neutral,0
2804,neutral,neutral,0.0,neutral,0.0,neutral,0
2805,neutral,neutral,0.0,neutral,0.0,neutral,0
2806,neutral,neutral,0.0,neutral,0.0,neutral,0
2807,neutral,neutral,0.0,neutral,0.0,neutral,0
2808,neutral,neutral,0.0,neutral,0.0,neutral,0
2809,neutral,neutral,0.0,neutral,0.0,neutral,0
2810,neutral,neutral,0.0,neutral,0.0,neutral,0
2811,neutral,neutral,0.0,neutral,0.0,neutral,0
2812,neutral,neutral,0.0,neutral,0.0,neutral,0
2813,neutral,neutral,0.0,neutral,0.0,neutral,0
2814,neutral,neutral,0.0,neutral,0.0,neutral,0
2815,neutral,neutral,0.0,neutral,0.0,neutral,0
2816,neutral,neutral,0.0,neutral,0.0,neutral,0
2817,neutral,neutral,0.0,neutral,0.0,neutral,0
2818,neutral,neutral,0.0,neutral,0.0,neutral,0
2819,neutral,neutral,0.0,neutral,0.0,neutral,0
2820,neutral,neutral,0.0,neutral,0.0,neutral,0
2821,neutral,neutral,0.0,neutral,0.0,neutral,0
2822,neutral,neutral,0.0,neutral,0.0,neutral,0
2823,neutral,neutral,0.0,neutral,0.0,neutral,0
2824,neutral,neutral,0.0,neutral,0.0,neutral,0
2825,neutral,neutral,0.0,neutral,0.0,neutral,0
2826,neutral,neutral,0.0,neutral,0.0,neutral,0
2827,neutral,neutral,0.0,neutral,0.0,neutral,0
2828,neutral,neutral,0.0,neutral,0.0,neutral,0
2829,neutral,neutral,0.0,neutral,0.0,neutral,0
2830,neutral,neutral,0.0,neutral,0.0,neutral,0
2831,neutral,neutral,0.0,neutral,0.0,neutral,0
2832,neutral,neutral,0.0,neutral,0.0,neutral,0
2833,neutral,neutral,0.0,neutral,0.0,neutral,0
2834,neutral,neutral,0.0,neutral,0.0,neutral,0
2835,neutral,neutral,0.0,neutral,0.0,neutral,0
2836,neutral,neutral,0.0,neutral,0.0,neutral,0
2837,neutral,neutral,0.0,neutral,0.0,neutral,0
2838,neutral,neutral,0.0,neutral,0.0,neutral,0
2839,neutral,neutral,0.0,neutral,0.0,neutral,0
2840,neutral,neutral,0.0,neutral,0.0,neutral,0
2841,neutral,neutral,0.0,neutral,0.0,neutral,0
2842,neutral,neutral,0.0,neutral,0.0,neutral,0
2843,neutral,neutral,0.0,neutral,0.0,neutral,0
2844,neutral,neutral,0.0,neutral,0.0,neutral,0
2845,neutral,neutral,0.0,neutral,0.0,neutral,0
2846,neutral,neutral,0.0,neutral,0.0,neutral,0
2847,neutral,neutral,0.0,neutral,0.0,neutral,0
2848,neutral,neutral,0.0,neutral,0.0,neutral,0
2849,neutral,neutral,0.0,neutral,0.0,neutral,0
2850,neutral,neutral,0.0,neutral,0.0,neutral,0
2851,neutral,neutral,0.0,neutral,0.0,neutral,0
2852,neutral,neutral,0.0,neutral,0.0,neutral,0
2853,neutral,neutral,0.0,neutral,0.0,neutral,0
2854,neutral,neutral,0.0,neutral,0.0,neutral,0
2855,neutral,neutral,0.0,neutral,0.0,neutral,0
2856,neutral,neutral,0.0,neutral,0.0,neutral,0
2857,neutral,neutral,0.0,neutral,0.0,neutral,0
2858,neutral,neutral,0.0,neutral,0.0,neutral,0
2859,neutral,neutral,0.0,neutral,0.0,neutral,0
2860,neutral,neutral,0.0,neutral,0.0,neutral,0
2861,neutral,neutral,0.0,neutral,0.0,neutral,0
2862,neutral,neutral,0.0,neutral,0.0,neutral,0
2863,neutral,neutral,0.0,neutral,0.0,neutral,0
2864,neutral,neutral,0.0,neutral,0.0,neutral,0
2865,neutral,neutral,0.0,neutral,0.0,neutral,0
2866,neutral,neutral,0.0,neutral,0.0,neutral,0
2867,neutral,neutral,0.0,neutral,0.0,neutral,0
2868,neutral,neutral,0.0,neutral,0.0,neutral,0
2869,neutral,neutral,0.0,neutral,0.0,neutral,0
2870,neutral,neutral,0.0,neutral,0.0,neutral,0
2871,neutral,neutral,0.0,neutral,0.0,neutral,0
2872,neutral,neutral,0.0,neutral,0.0,neutral,0
2873,neutral,neutral,0.0,neutral,0.0,neutral,0
2874,neutral,neutral,0.0,neutral,0.0,neutral,0
2875,neutral,neutral,0.0,neutral,0.0,neutral,0
2876,neutral,neutral,0.0,neutral,0.0,neutral,0
2877,neutral,neutral,0.0,neutral,0.0,neutral,0
2878,neutral,neutral,0.0,neutral,0.0,neutral,0
2879,neutral,neutral,0.0,neutral,0.0,neutral,0
2880,neutral,neutral,0.0,neutral,0.0,neutral,0
2881,neutral,neutral,0.0,neutral,0.0,neutral,0
2882,neutral,neutral,0.0,neutral,0.0,neutral,0
2883,neutral,neutral,0.0,neutral,0.0,neutral,0
2884,neutral,neutral,0.0,neutral,0.0,neutral,0
2885,neutral,neutral,0.0,neutral,0.0,neutral,0
2886,neutral,neutral,0.0,neutral,0.0,neutral,0
2887,neutral,neutral,0.0,neutral,0.0,neutral,0
2888,neutral,neutral,0.0,neutral,0.0,neutral,0
2889,neutral,neutral,0.0,neutral,0.0,neutral,0
2890,neutral,neutral,0.0,neutral,0.0,neutral,0
2891,neutral,neutral,0.0,neutral,0.0,neutral,0
2892,neutral,neutral,0.0,neutral,0.0,neutral,0
2893,neutral,neutral,0.0,neutral,0.0,neutral,0
2894,neutral,neutral,0.0,neutral,0.0,neutral,0
2895,neutral,neutral,0.0,neutral,0.0,neutral,0
2896,neutral,neutral,0.0,neutral,0.0,neutral,0
2897,neutral,neutral,0.0,neutral,0.0,neutral,0
2898,neutral,neutral,0.0,neutral,0.0,neutral,0
2899,neutral,neutral,0.0,neutral,0.0,neutral,0
2900,neutral,neutral,0.0,neutral,0.0,neutral,0
2901,neutral,neutral,0.0,neutral,0.0,neutral,0
2902,neutral,neutral,0.0,neutral,0.0,neutral,0
2903,neutral,neutral,0.0,neutral,0.0,neutral,0
2904,neutral,neutral,0.0,neutral,0.0,neutral,0
2905,neutral,neutral,0.0,neutral,0.0,neutral,0
2906,neutral,neutral,0.0,neutral,0.0,neutral,0
2907,neutral,neutral,0.0,neutral,0.0,neutral,0
2908,neutral,neutral,0.0,neutral,0.0,neutral,0
2909,neutral,neutral,0.0,neutral,0.0,neutral,0
2910,neutral,neutral,0.0,neutral,0.0,neutral,0
2911,neutral,neutral,0.0,neutral,0.0,neutral,0
2912,neutral,neutral,0.0,neutral,0.0,neutral,0
2913,neutral,neutral,0.0,neutral,0.0,neutral,0
2914,neutral,neutral,0.0,neutral,0.0,neutral,0
2915,neutral,neutral,0.0,neutral,0.0,neutral,0
2916,neutral,neutral,0.0,neutral,0.0,neutral,0
2917,neutral,neutral,0.0,neutral,0.0,neutral,0
2918,neutral,neutral,0.0,neutral,0.0,neutral,0
2919,neutral,neutral,0.0,neutral,0.0,neutral,0
2920,neutral,neutral,0.0,neutral,0.0,neutral,0
2921,neutral,neutral,0.0,neutral,0.0,neutral,0
2922,neutral,neutral,0.0,neutral,0.0,neutral,0
2923,neutral,neutral,0.0,neutral,0.0,neutral,0
2924,neutral,neutral,0.0,neutral,0.0,neutral,0
2925,neutral,neutral,0.0,neutral,0.0,neutral,0
2926,neutral,neutral,0.0,neutral,0.0,neutral,0
2927,neutral,neutral,0.0,neutral,0.0,neutral,0
2928,neutral,neutral,0.0,neutral,0.0,neutral,0
2929,neutral,neutral,0.0,neutral,0.0,neutral,0
2930,neutral,neutral,0.0,neutral,0.0,neutral,0
2931,neutral,neutral,0.0,neutral,0.0,neutral,0
2932,neutral,neutral,0.0,neutral,0.0,neutral,0
2933,neutral,neutral,0.0,neutral,0.0,neutral,0
2934,neutral,neutral,0.0,neutral,0.0,neutral,0
2935,neutral,neutral,0.0,neutral,0.0,neutral,0
2936,neutral,neutral,0.0,neutral,0.0,neutral,0
2937,neutral,neutral,0.0,neutral,0.0,neutral,0
2938,neutral,neutral,0.0,neutral,0.0,neutral,0
2939,neutral,neutral,0.0,neutral,0.0,neutral,0
2940,neutral,neutral,0.0,neutral,0.0,neutral,0
2941,neutral,neutral,0.0,neutral,0.0,neutral,0
2942,neutral,neutral,0.0,neutral,0.0,neutral,0
2943,neutral,neutral,0.0,neutral,0.0,neutral,0
2944,neutral,neutral,0.0,neutral,0.0,neutral,0
2945,neutral,neutral,0.0,neutral,0.0,neutral,0
2946,neutral,neutral,0.0,neutral,0.0,neutral,0
2947,neutral,neutral,0.0,neutral,0.0,neutral,0
2948,neutral,neutral,0.0,neutral,0.0,neutral,0
2949,neutral,neutral,0.0,neutral,0.0,neutral,0
2950,neutral,neutral,0.0,neutral,0.0,neutral,0
2951,neutral,neutral,0.0,neutral,0.0,neutral,0
2952,neutral,neutral,0.0,neutral,0.0,neutral,0
2953,neutral,neutral,0.0,neutral,0.0,neutral,0
2954,neutral,neutral,0.0,neutral,0.0,neutral,0
2955,neutral,neutral,0.0,neutral,0.0,neutral,0
2956,neutral,neutral,0.0,neutral,0.0,neutral,0
2957,neutral,neutral,0.0,neutral,0.0,neutral,0
2958,neutral,neutral,0.0,neutral,0.0,neutral,0
2959,neutral,neutral,0.0,neutral,0.0,neutral,0
2960,neutral,neutral,0.0,neutral,0.0,neutral,0
2961,neutral,neutral,0.0,neutral,0.0,neutral,0
2962,neutral,neutral,0.0,neutral,0.0,neutral,0
2963,neutral,neutral,0.0,neutral,0.0,neutral,0
2964,neutral,neutral,0.0,neutral,0.0,neutral,0
2965,neutral,neutral,0.0,neutral,0.0,neutral,0
2966,neutral,neutral,0.0,neutral,0.0,neutral,0
2967,neutral,neutral,0.0,neutral,0.0,neutral,0
2968,neutral,neutral,0.0,neutral,0.0,neutral,0
2969,neutral,neutral,0.0,neutral,0.0,neutral,0
2970,neutral,neutral,0.0,neutral,0.0,neutral,0
2971,neutral,neutral,0.0,neutral,0.0,neutral,0
2972,neutral,neutral,0.0,neutral,0.0,neutral,0
2973,neutral,neutral,0.0,neutral,0.0,neutral,0
2974,neutral,neutral,0.0,neutral,0.0,neutral,0
2975,neutral,neutral,0.0,neutral,0.0,neutral,0
2976,neutral,neutral,0.0,neutral,0.0,neutral,0
2977,neutral,neutral,0.0,neutral,0.0,neutral,0
2978,neutral,neutral,0.0,neutral,0.0,neutral,0
2979,neutral,neutral,0.0,neutral,0.0,neutral,0
2980,neutral,neutral,0.0,neutral,0.0,neutral,0
2981,neutral,neutral,0.0,neutral,0.0,neutral,0
2982,neutral,neutral,0.0,neutral,0.0,neutral,0
2983,neutral,neutral,0.0,neutral,0.0,neutral,0
2984,neutral,neutral,0.0,neutral,0.0,neutral,0
2985,neutral,neutral,0.0,neutral,0.0,neutral,0
2986,neutral,neutral,0.0,neutral,0.0,neutral,0
2987,neutral,neutral,0.0,neutral,0.0,neutral,0
2988,neutral,neutral,0.0,neutral,0.0,neutral,0
2989,neutral,neutral,0.0,neutral,0.0,neutral,0
2990,neutral,neutral,0.0,neutral,0.0,neutral,0
2991,neutral,neutral,0.0,neutral,0.0,neutral,0
2992,neutral,neutral,0.0,neutral,0.0,neutral,0
2993,neutral,neutral,0.0,neutral,0.0,neutral,0
2994,neutral,neutral,0.0,neutral,0.0,neutral,0
2995,neutral,neutral,0.0,neutral,0.0,neutral,0
2996,neutral,neutral,0.0,neutral,0.0,neutral,0
2997,neutral,neutral,0.0,neutral,0.0,neutral,0
2998,neutral,neutral,0.0,neutral,0.0,neutral,0
2999,neutral,neutral,0.0,neutral,0.0,neutral,0
3000,neutral,neutral,0.0,neutral,0.0,neutral,0
3001,neutral,neutral,0.0,neutral,0.0,neutral,0
3002,neutral,neutral,0.0,neutral,0.0,neutral,0
3003,neutral,neutral,0.0,neutral,0.0,neutral,0
3004,neutral,neutral,0.0,neutral,0.0,neutral,0
3005,neutral,neutral,0.0,neutral,0.0,neutral,0
3006,neutral,neutral,0.0,neutral,0.0,neutral,0
3007,neutral,neutral,0.0,neutral,0.0,neutral,0
3008,neutral,neutral,0.0,neutral,0.0,neutral,0
3009,neutral,neutral,0.0,neutral,0.0,neutral,0
3010,neutral,neutral,0.0,neutral,0.0,neutral,0
3011,neutral,neutral,0.0,neutral,0.0,neutral,0
3012,neutral,neutral,0.0,neutral,0.0,neutral,0
3013,neutral,neutral,0.0,neutral,0.0,neutral,0
3014,neutral,neutral,0.0,neutral,0.0,neutral,0
3015,neutral,neutral,0.0,neutral,0.0,neutral,0
3016,neutral,neutral,0.0,neutral,0.0,neutral,0
3017,neutral,neutral,0.0,neutral,0.0,neutral,0
3018,neutral,neutral,0.0,neutral,0.0,neutral,0
3019,neutral,neutral,0.0,neutral,0.0,neutral,0
3020,neutral,neutral,0.0,neutral,0.0,neutral,0
3021,neutral,neutral,0.0,neutral,0.0,neutral,0
3022,neutral,neutral,0.0,neutral,0.0,neutral,0
3023,neutral,neutral,0.0,neutral,0.0,neutral,0
3024,neutral,neutral,0.0,neutral,0.0,neutral,0
3025,neutral,neutral,0.0,neutral,0.0,neutral,0
3026,neutral,neutral,0.0,neutral,0.0,neutral,0
3027,neutral,neutral,0.0,neutral,0.0,neutral,0
3028,neutral,neutral,0.0,neutral,0.0,neutral,0
3029,neutral,neutral,0.0,neutral,0.0,neutral,0
3030,neutral,neutral,0.0,neutral,0.0,neutral,0
3031,neutral,neutral,0.0,neutral,0.0,neutral,0
3032,neutral,neutral,0.0,neutral,0.0,neutral,0
3033,neutral,neutral,0.0,neutral,0.0,neutral,0
3034,neutral,neutral,0.0,neutral,0.0,neutral,0
3035,neutral,neutral,0.0,neutral,0.0,neutral,0
3036,neutral,neutral,0.0,neutral,0.0,neutral,0
3037,neutral,neutral,0.0,neutral,0.0,neutral,0
3038,neutral,neutral,0.0,neutral,0.0,neutral,0
3039,neutral,neutral,0.0,neutral,0.0,neutral,0
3040,neutral,neutral,0.0,neutral,0.0,neutral,0
3041,neutral,neutral,0.0,neutral,0.0,neutral,0
3042,neutral,neutral,0.0,neutral,0.0,neutral,0
3043,neutral,neutral,0.0,neutral,0.0,neutral,0
3044,neutral,neutral,0.0,neutral,0.0,neutral,0
3045,neutral,neutral,0.0,neutral,0.0,neutral,0
3046,neutral,neutral,0.0,neutral,0.0,neutral,0
3047,neutral,neutral,0.0,neutral,0.0,neutral,0
3048,neutral,neutral,0.0,neutral,0.0,neutral,0
3049,neutral,neutral,0.0,neutral,0.0,neutral,0
3050,neutral,neutral,0.0,neutral,0.0,neutral,0
3051,neutral,neutral,0.0,neutral,0.0,neutral,0
3052,neutral,neutral,0.0,neutral,0.0,neutral,0
3053,neutral,neutral,0.0,neutral,0.0,neutral,0
3054,neutral,neutral,0.0,neutral,0.0,neutral,0
3055,neutral,neutral,0.0,neutral,0.0,neutral,0
3056,neutral,neutral,0.0,neutral,0.0,neutral,0
3057,neutral,neutral,0.0,neutral,0.0,neutral,0
3058,neutral,neutral,0.0,neutral,0.0,neutral,0
3059,neutral,neutral,0.0,neutral,0.0,neutral,0
3060,neutral,neutral,0.0,neutral,0.0,neutral,0
3061,neutral,neutral,0.0,neutral,0.0,neutral,0
3062,neutral,neutral,0.0,neutral,0.0,neutral,0
3063,neutral,neutral,0.0,neutral,0.0,neutral,0
3064,neutral,neutral,0.0,neutral,0.0,neutral,0
3065,neutral,neutral,0.0,neutral,0.0,neutral,0
3066,neutral,neutral,0.0,neutral,0.0,neutral,0
3067,neutral,neutral,0.0,neutral,0.0,neutral,0
3068,neutral,neutral,0.0,neutral,0.0,neutral,0
3069,neutral,neutral,0.0,neutral,0.0,neutral,0
3070,neutral,neutral,0.0,neutral,0.0,neutral,0
3071,neutral,neutral,0.0,neutral,0.0,neutral,0
3072,neutral,neutral,0.0,neutral,0.0,neutral,0
3073,neutral,neutral,0.0,neutral,0.0,neutral,0
3074,neutral,neutral,0.0,neutral,0.0,neutral,0
3075,neutral,neutral,0.0,neutral,0.0,neutral,0
3076,neutral,neutral,0.0,neutral,0.0,neutral,0
3077,neutral,neutral,0.0,neutral,0.0,neutral,0
3078,neutral,neutral,0.0,neutral,0.0,neutral,0
3079,neutral,neutral,0.0,neutral,0.0,neutral,0
3080,neutral,neutral,0.0,neutral,0.0,neutral,0
3081,neutral,neutral,0.0,neutral,0.0,neutral,0
3082,neutral,neutral,0.0,neutral,0.0,neutral,0
3083,neutral,neutral,0.0,neutral,0.0,neutral,0
3084,neutral,neutral,0.0,neutral,0.0,neutral,0
3085,neutral,neutral,0.0,neutral,0.0,neutral,0
3086,neutral,neutral,0.0,neutral,0.0,neutral,0
3087,neutral,neutral,0.0,neutral,0.0,neutral,0
3088,neutral,neutral,0.0,neutral,0.0,neutral,0
3089,neutral,neutral,0.0,neutral,0.0,neutral,0
3090,neutral,neutral,0.0,neutral,0.0,neutral,0
3091,neutral,neutral,0.0,neutral,0.0,neutral,0
3092,neutral,neutral,0.0,neutral,0.0,neutral,0
3093,neutral,neutral,0.0,neutral,0.0,neutral,0
3094,neutral,neutral,0.0,neutral,0.0,neutral,0
3095,neutral,neutral,0.0,neutral,0.0,neutral,0
3096,neutral,neutral,0.0,neutral,0.0,neutral,0
3097,neutral,neutral,0.0,neutral,0.0,neutral,0
3098,neutral,neutral,0.0,neutral,0.0,neutral,0
3099,neutral,neutral,0.0,neutral,0.0,neutral,0
3100,neutral,neutral,0.0,neutral,0.0,neutral,0
3101,neutral,neutral,0.0,neutral,0.0,neutral,0
3102,neutral,neutral,0.0,neutral,0.0,neutral,0
3103,neutral,neutral,0.0,neutral,0.0,neutral,0
3104,neutral,neutral,0.0,neutral,0.0,neutral,0
3105,neutral,neutral,0.0,neutral,0.0,neutral,0
3106,neutral,neutral,0.0,neutral,0.0,neutral,0
3107,neutral,neutral,0.0,neutral,0.0,neutral,0
3108,neutral,neutral,0.0,neutral,0.0,neutral,0
3109,neutral,neutral,0.0,neutral,0.0,neutral,0
3110,neutral,neutral,0.0,neutral,0.0,neutral,0
3111,neutral,neutral,0.0,neutral,0.0,neutral,0
3112,neutral,neutral,0.0,neutral,0.0,neutral,0
3113,neutral,neutral,0.0,neutral,0.0,neutral,0
3114,neutral,neutral,0.0,neutral,0.0,neutral,0
3115,neutral,neutral,0.0,neutral,0.0,neutral,0
3116,neutral,neutral,0.0,neutral,0.0,neutral,0
3117,neutral,neutral,0.0,neutral,0.0,neutral,0
3118,neutral,neutral,0.0,neutral,0.0,neutral,0
3119,neutral,neutral,0.0,neutral,0.0,neutral,0
3120,neutral,neutral,0.0,neutral,0.0,neutral,0
3121,neutral,neutral,0.0,neutral,0.0,neutral,0
3122,neutral,neutral,0.0,neutral,0.0,neutral,0
3123,neutral,neutral,0.0,neutral,0.0,neutral,0
3124,neutral,neutral,0.0,neutral,0.0,neutral,0
3125,neutral,neutral,0.0,neutral,0.0,neutral,0
3126,neutral,neutral,0.0,neutral,0.0,neutral,0
3127,neutral,neutral,0.0,neutral,0.0,neutral,0
3128,neutral,neutral,0.0,neutral,0.0,neutral,0
3129,neutral,neutral,0.0,neutral,0.0,neutral,0
3130,neutral,neutral,0.0,neutral,0.0,neutral,0
3131,neutral,neutral,0.0,neutral,0.0,neutral,0
3132,neutral,neutral,0.0,neutral,0.0,neutral,0
3133,neutral,neutral,0.0,neutral,0.0,neutral,0
3134,neutral,neutral,0.0,neutral,0.0,neutral,0
3135,neutral,neutral,0.0,neutral,0.0,neutral,0
3136,neutral,neutral,0.0,neutral,0.0,neutral,0
3137,neutral,neutral,0.0,neutral,0.0,neutral,0
3138,neutral,neutral,0.0,neutral,0.0,neutral,0
3139,neutral,neutral,0.0,neutral,0.0,neutral,0
3140,neutral,neutral,0.0,neutral,0.0,neutral,0
3141,neutral,neutral,0.0,neutral,0.0,neutral,0
3142,neutral,neutral,0.0,neutral,0.0,neutral,0
3143,neutral,neutral,0.0,neutral,0.0,neutral,0
3144,neutral,neutral,0.0,neutral,0.0,neutral,0
3145,neutral,neutral,0.0,neutral,0.0,neutral,0
3146,neutral,neutral,0.0,neutral,0.0,neutral,0
3147,neutral,neutral,0.0,neutral,0.0,neutral,0
3148,neutral,neutral,0.0,neutral,0.0,neutral,0
3149,neutral,neutral,0.0,neutral,0.0,neutral,0
3150,neutral,neutral,0.0,neutral,0.0,neutral,0
3151,neutral,neutral,0.0,neutral,0.0,neutral,0
3152,neutral,neutral,0.0,neutral,0.0,neutral,0
3153,neutral,neutral,0.0,neutral,0.0,neutral,0
3154,neutral,neutral,0.0,neutral,0.0,neutral,0
3155,neutral,neutral,0.0,neutral,0.0,neutral,0
3156,neutral,neutral,0.0,neutral,0.0,neutral,0
3157,neutral,neutral,0.0,neutral,0.0,neutral,0
3158,neutral,neutral,0.0,neutral,0.0,neutral,0
3159,neutral,neutral,0.0,neutral,0.0,neutral,0
3160,neutral,neutral,0.0,neutral,0.0,neutral,0
3161,neutral,neutral,0.0,neutral,0.0,neutral,0
3162,neutral,neutral,0.0,neutral,0.0,neutral,0
3163,neutral,neutral,0.0,neutral,0.0,neutral,0
3164,neutral,neutral,0.0,neutral,0.0,neutral,0
3165,neutral,neutral,0.0,neutral,0.0,neutral,0
3166,neutral,neutral,0.0,neutral,0.0,neutral,0
3167,neutral,neutral,0.0,neutral,0.0,neutral,0
3168,neutral,neutral,0.0,neutral,0.0,neutral,0
3169,neutral,neutral,0.0,neutral,0.0,neutral,0
3170,neutral,neutral,0.0,neutral,0.0,neutral,0
3171,neutral,neutral,0.0,neutral,0.0,neutral,0
3172,neutral,neutral,0.0,neutral,0.0,neutral,0
3173,neutral,neutral,0.0,neutral,0.0,neutral,0
3174,neutral,neutral,0.0,neutral,0.0,neutral,0
3175,neutral,neutral,0.0,neutral,0.0,neutral,0
3176,neutral,neutral,0.0,neutral,0.0,neutral,0
3177,neutral,neutral,0.0,neutral,0.0,neutral,0
3178,neutral,neutral,0.0,neutral,0.0,neutral,0
3179,neutral,neutral,0.0,neutral,0.0,neutral,0
3180,neutral,neutral,0.0,neutral,0.0,neutral,0
3181,neutral,neutral,0.0,neutral,0.0,neutral,0
3182,neutral,neutral,0.0,neutral,0.0,neutral,0
3183,neutral,neutral,0.0,neutral,0.0,neutral,0
3184,neutral,neutral,0.0,neutral,0.0,neutral,0
3185,neutral,neutral,0.0,neutral,0.0,neutral,0
3186,neutral,neutral,0.0,neutral,0.0,neutral,0
3187,neutral,neutral,0.0,neutral,0.0,neutral,0
3188,neutral,neutral,0.0,neutral,0.0,neutral,0
3189,neutral,neutral,0.0,neutral,0.0,neutral,0
3190,neutral,neutral,0.0,neutral,0.0,neutral,0
3191,neutral,neutral,0.0,neutral,0.0,neutral,0
3192,neutral,neutral,0.0,neutral,0.0,neutral,0
3193,neutral,neutral,0.0,neutral,0.0,neutral,0
3194,neutral,neutral,0.0,neutral,0.0,neutral,0
3195,neutral,neutral,0.0,neutral,0.0,neutral,0
3196,neutral,neutral,0.0,neutral,0.0,neutral,0
3197,neutral,neutral,0.0,neutral,0.0,neutral,0
3198,neutral,neutral,0.0,neutral,0.0,neutral,0
3199,neutral,neutral,0.0,neutral,0.0,neutral,0
3200,neutral,neutral,0.0,neutral,0.0,neutral,0
3201,neutral,neutral,0.0,neutral,0.0,neutral,0
3202,neutral,neutral,0.0,neutral,0.0,neutral,0
3203,neutral,neutral,0.0,neutral,0.0,neutral,0
3204,neutral,neutral,0.0,neutral,0.0,neutral,0
3205,neutral,neutral,0.0,neutral,0.0,neutral,0
3206,neutral,neutral,0.0,neutral,0.0,neutral,0
3207,neutral,neutral,0.0,neutral,0.0,neutral,0
3208,neutral,neutral,0.0,neutral,0.0,neutral,0
3209,neutral,neutral,0.0,neutral,0.0,neutral,0
3210,neutral,neutral,0.0,neutral,0.0,neutral,0
3211,neutral,neutral,0.0,neutral,0.0,neutral,0
3212,neutral,neutral,0.0,neutral,0.0,neutral,0
3213,neutral,neutral,0.0,neutral,0.0,neutral,0
3214,neutral,neutral,0.0,neutral,0.0,neutral,0
3215,neutral,neutral,0.0,neutral,0.0,neutral,0
3216,neutral,neutral,0.0,neutral,0.0,neutral,0
3217,neutral,neutral,0.0,neutral,0.0,neutral,0
3218,neutral,neutral,0.0,neutral,0.0,neutral,0
3219,neutral,neutral,0.0,neutral,0.0,neutral,0
3220,neutral,neutral,0.0,neutral,0.0,neutral,0
3221,neutral,neutral,0.0,neutral,0.0,neutral,0
3222,neutral,neutral,0.0,neutral,0.0,neutral,0
3223,neutral,neutral,0.0,neutral,0.0,neutral,0
3224,neutral,neutral,0.0,neutral,0.0,neutral,0
3225,neutral,neutral,0.0,neutral,0.0,neutral,0
3226,neutral,neutral,0.0,neutral,0.0,neutral,0
3227,neutral,neutral,0.0,neutral,0.0,neutral,0
3228,neutral,neutral,0.0,neutral,0.0,neutral,0
3229,neutral,neutral,0.0,neutral,0.0,neutral,0
3230,neutral,neutral,0.0,neutral,0.0,neutral,0
3231,neutral,neutral,0.0,neutral,0.0,neutral,0
3232,neutral,neutral,0.0,neutral,0.0,neutral,0
3233,neutral,neutral,0.0,neutral,0.0,neutral,0
3234,neutral,neutral,0.0,neutral,0.0,neutral,0
3235,neutral,neutral,0.0,neutral,0.0,neutral,0
3236,neutral,neutral,0.0,neutral,0.0,neutral,0
3237,neutral,neutral,0.0,neutral,0.0,neutral,0
3238,neutral,neutral,0.0,neutral,0.0,neutral,0
3239,neutral,neutral,0.0,neutral,0.0,neutral,0
3240,neutral,neutral,0.0,neutral,0.0,neutral,0
3241,neutral,neutral,0.0,neutral,0.0,neutral,0
3242,neutral,neutral,0.0,neutral,0.0,neutral,0
3243,neutral,neutral,0.0,neutral,0.0,neutral,0
3244,neutral,neutral,0.0,neutral,0.0,neutral,0
3245,neutral,neutral,0.0,neutral,0.0,neutral,0
3246,neutral,neutral,0.0,neutral,0.0,neutral,0
3247,neutral,neutral,0.0,neutral,0.0,neutral,0
3248,neutral,neutral,0.0,neutral,0.0,neutral,0
3249,neutral,neutral,0.0,neutral,0.0,neutral,0
3250,neutral,neutral,0.0,neutral,0.0,neutral,0
3251,neutral,neutral,0.0,neutral,0.0,neutral,0
3252,neutral,neutral,0.0,neutral,0.0,neutral,0
3253,neutral,neutral,0.0,neutral,0.0,neutral,0
3254,neutral,neutral,0.0,neutral,0.0,neutral,0
3255,neutral,neutral,0.0,neutral,0.0,neutral,0
3256,neutral,neutral,0.0,neutral,0.0,neutral,0
3257,neutral,neutral,0.0,neutral,0.0,neutral,0
3258,neutral,neutral,0.0,neutral,0.0,neutral,0
3259,neutral,neutral,0.0,neutral,0.0,neutral,0
3260,neutral,neutral,0.0,neutral,0.0,neutral,0
3261,neutral,neutral,0.0,neutral,0.0,neutral,0
3262,neutral,neutral,0.0,neutral,0.0,neutral,0
3263,neutral,neutral,0.0,neutral,0.0,neutral,0
3264,neutral,neutral,0.0,neutral,0.0,neutral,0
3265,neutral,neutral,0.0,neutral,0.0,neutral,0
3266,neutral,neutral,0.0,neutral,0.0,neutral,0
3267,neutral,neutral,0.0,neutral,0.0,neutral,0
3268,neutral,neutral,0.0,neutral,0.0,neutral,0
3269,neutral,neutral,0.0,neutral,0.0,neutral,0
3270,neutral,neutral,0.0,neutral,0.0,neutral,0
3271,neutral,neutral,0.0,neutral,0.0,neutral,0
3272,neutral,neutral,0.0,neutral,0.0,neutral,0
3273,neutral,neutral,0.0,neutral,0.0,neutral,0
3274,neutral,neutral,0.0,neutral,0.0,neutral,0
3275,neutral,neutral,0.0,neutral,0.0,neutral,0
3276,neutral,neutral,0.0,neutral,0.0,neutral,0
3277,neutral,neutral,0.0,neutral,0.0,neutral,0
3278,neutral,neutral,0.0,neutral,0.0,neutral,0
3279,neutral,neutral,0.0,neutral,0.0,neutral,0
3280,neutral,neutral,0.0,neutral,0.0,neutral,0
3281,neutral,neutral,0.0,neutral,0.0,neutral,0
3282,neutral,neutral,0.0,neutral,0.0,neutral,0
3283,neutral,neutral,0.0,neutral,0.0,neutral,0
3284,neutral,neutral,0.0,neutral,0.0,neutral,0
3285,neutral,neutral,0.0,neutral,0.0,neutral,0
3286,neutral,neutral,0.0,neutral,0.0,neutral,0
3287,neutral,neutral,0.0,neutral,0.0,neutral,0
3288,neutral,neutral,0.0,neutral,0.0,neutral,0
3289,neutral,neutral,0.0,neutral,0.0,neutral,0
3290,neutral,neutral,0.0,neutral,0.0,neutral,0
3291,neutral,neutral,0.0,neutral,0.0,neutral,0
3292,neutral,neutral,0.0,neutral,0.0,neutral,0
3293,neutral,neutral,0.0,neutral,0.0,neutral,0
3294,neutral,neutral,0.0,neutral,0.0,neutral,0
3295,neutral,neutral,0.0,neutral,0.0,neutral,0
3296,neutral,neutral,0.0,neutral,0.0,neutral,0
3297,neutral,neutral,0.0,neutral,0.0,neutral,0
3298,neutral,neutral,0.0,neutral,0.0,neutral,0
3299,neutral,neutral,0.0,neutral,0.0,neutral,0
3300,neutral,neutral,0.0,neutral,0.0,neutral,0
3301,neutral,neutral,0.0,neutral,0.0,neutral,0
3302,neutral,neutral,0.0,neutral,0.0,neutral,0
3303,neutral,neutral,0.0,neutral,0.0,neutral,0
3304,neutral,neutral,0.0,neutral,0.0,neutral,0
3305,neutral,neutral,0.0,neutral,0.0,neutral,0
3306,neutral,neutral,0.0,neutral,0.0,neutral,0
3307,neutral,neutral,0.0,neutral,0.0,neutral,0
3308,neutral,neutral,0.0,neutral,0.0,neutral,0
3309,neutral,neutral,0.0,neutral,0.0,neutral,0
3310,neutral,neutral,0.0,neutral,0.0,neutral,0
3311,neutral,neutral,0.0,neutral,0.0,neutral,0
3312,neutral,neutral,0.0,neutral,0.0,neutral,0
3313,neutral,neutral,0.0,neutral,0.0,neutral,0
3314,neutral,neutral,0.0,neutral,0.0,neutral,0
3315,neutral,neutral,0.0,neutral,0.0,neutral,0
3316,neutral,neutral,0.0,neutral,0.0,neutral,0
3317,neutral,neutral,0.0,neutral,0.0,neutral,0
3318,neutral,neutral,0.0,neutral,0.0,neutral,0
3319,neutral,neutral,0.0,neutral,0.0,neutral,0
3320,neutral,neutral,0.0,neutral,0.0,neutral,0
3321,neutral,neutral,0.0,neutral,0.0,neutral,0
3322,neutral,neutral,0.0,neutral,0.0,neutral,0
3323,neutral,neutral,0.0,neutral,0.0,neutral,0
3324,neutral,neutral,0.0,neutral,0.0,neutral,0
3325,neutral,neutral,0.0,neutral,0.0,neutral,0
3326,neutral,neutral,0.0,neutral,0.0,neutral,0
3327,neutral,neutral,0.0,neutral,0.0,neutral,0
3328,neutral,neutral,0.0,neutral,0.0,neutral,0
3329,neutral,neutral,0.0,neutral,0.0,neutral,0
3330,neutral,neutral,0.0,neutral,0.0,neutral,0
3331,neutral,neutral,0.0,neutral,0.0,neutral,0
3332,neutral,neutral,0.0,neutral,0.0,neutral,0
3333,neutral,neutral,0.0,neutral,0.0,neutral,0
3334,neutral,neutral,0.0,neutral,0.0,neutral,0
3335,neutral,neutral,0.0,neutral,0.0,neutral,0
3336,neutral,neutral,0.0,neutral,0.0,neutral,0
3337,neutral,neutral,0.0,neutral,0.0,neutral,0
3338,neutral,neutral,0.0,neutral,0.0,neutral,0
3339,neutral,neutral,0.0,neutral,0.0,neutral,0
3340,neutral,neutral,0.0,neutral,0.0,neutral,0
3341,neutral,neutral,0.0,neutral,0.0,neutral,0
3342,neutral,neutral,0.0,neutral,0.0,neutral,0
3343,neutral,neutral,0.0,neutral,0.0,neutral,0
3344,neutral,neutral,0.0,neutral,0.0,neutral,0
3345,neutral,neutral,0.0,neutral,0.0,neutral,0
3346,neutral,neutral,0.0,neutral,0.0,neutral,0
3347,neutral,neutral,0.0,neutral,0.0,neutral,0
3348,neutral,neutral,0.0,neutral,0.0,neutral,0
3349,neutral,neutral,0.0,neutral,0.0,neutral,0
3350,neutral,neutral,0.0,neutral,0.0,neutral,0
3351,neutral,neutral,0.0,neutral,0.0,neutral,0
3352,neutral,neutral,0.0,neutral,0.0,neutral,0
3353,neutral,neutral,0.0,neutral,0.0,neutral,0
3354,neutral,neutral,0.0,neutral,0.0,neutral,0
3355,neutral,neutral,0.0,neutral,0.0,neutral,0
3356,neutral,neutral,0.0,neutral,0.0,neutral,0
3357,neutral,neutral,0.0,neutral,0.0,neutral,0
3358,neutral,neutral,0.0,neutral,0.0,neutral,0
3359,neutral,neutral,0.0,neutral,0.0,neutral,0
3360,neutral,neutral,0.0,neutral,0.0,neutral,0
3361,neutral,neutral,0.0,neutral,0.0,neutral,0
3362,neutral,neutral,0.0,neutral,0.0,neutral,0
3363,neutral,neutral,0.0,neutral,0.0,neutral,0
3364,neutral,neutral,0.0,neutral,0.0,neutral,0
3365,neutral,neutral,0.0,neutral,0.0,neutral,0
3366,neutral,neutral,0.0,neutral,0.0,neutral,0
3367,neutral,neutral,0.0,neutral,0.0,neutral,0
3368,neutral,neutral,0.0,neutral,0.0,neutral,0
3369,neutral,neutral,0.0,neutral,0.0,neutral,0
3370,neutral,neutral,0.0,neutral,0.0,neutral,0
3371,neutral,neutral,0.0,neutral,0.0,neutral,0
3372,neutral,neutral,0.0,neutral,0.0,neutral,0
3373,neutral,neutral,0.0,neutral,0.0,neutral,0
3374,neutral,neutral,0.0,neutral,0.0,neutral,0
3375,neutral,neutral,0.0,neutral,0.0,neutral,0
3376,neutral,neutral,0.0,neutral,0.0,neutral,0
3377,neutral,neutral,0.0,neutral,0.0,neutral,0
3378,neutral,neutral,0.0,neutral,0.0,neutral,0
3379,neutral,neutral,0.0,neutral,0.0,neutral,0
3380,neutral,neutral,0.0,neutral,0.0,neutral,0
3381,neutral,neutral,0.0,neutral,0.0,neutral,0
3382,neutral,neutral,0.0,neutral,0.0,neutral,0
3383,neutral,neutral,0.0,neutral,0.0,neutral,0
3384,neutral,neutral,0.0,neutral,0.0,neutral,0
3385,neutral,neutral,0.0,neutral,0.0,neutral,0
3386,neutral,neutral,0.0,neutral,0.0,neutral,0
3387,neutral,neutral,0.0,neutral,0.0,neutral,0
3388,neutral,neutral,0.0,neutral,0.0,neutral,0
3389,neutral,neutral,0.0,neutral,0.0,neutral,0
3390,neutral,neutral,0.0,neutral,0.0,neutral,0
3391,neutral,neutral,0.0,neutral,0.0,neutral,0
3392,neutral,neutral,0.0,neutral,0.0,neutral,0
3393,neutral,neutral,0.0,neutral,0.0,neutral,0
3394,neutral,neutral,0.0,neutral,0.0,neutral,0
3395,neutral,neutral,0.0,neutral,0.0,neutral,0
3396,neutral,neutral,0.0,neutral,0.0,neutral,0
3397,neutral,neutral,0.0,neutral,0.0,neutral,0
3398,neutral,neutral,0.0,neutral,0.0,neutral,0
3399,neutral,neutral,0.0,neutral,0.0,neutral,0
3400,neutral,neutral,0.0,neutral,0.0,neutral,0
3401,neutral,neutral,0.0,neutral,0.0,neutral,0
3402,neutral,neutral,0.0,neutral,0.0,neutral,0
3403,neutral,neutral,0.0,neutral,0.0,neutral,0
3404,neutral,neutral,0.0,neutral,0.0,neutral,0
3405,neutral,neutral,0.0,neutral,0.0,neutral,0
3406,neutral,neutral,0.0,neutral,0.0,neutral,0
3407,neutral,neutral,0.0,neutral,0.0,neutral,0
3408,neutral,neutral,0.0,neutral,0.0,neutral,0
3409,neutral,neutral,0.0,neutral,0.0,neutral,0
3410,neutral,neutral,0.0,neutral,0.0,neutral,0
3411,neutral,neutral,0.0,neutral,0.0,neutral,0
3412,neutral,neutral,0.0,neutral,0.0,neutral,0
3413,neutral,neutral,0.0,neutral,0.0,neutral,0
3414,neutral,neutral,0.0,neutral,0.0,neutral,0
3415,neutral,neutral,0.0,neutral,0.0,neutral,0
3416,neutral,neutral,0.0,neutral,0.0,neutral,0
3417,neutral,neutral,0.0,neutral,0.0,neutral,0
3418,neutral,neutral,0.0,neutral,0.0,neutral,0
3419,neutral,neutral,0.0,neutral,0.0,neutral,0
3420,neutral,neutral,0.0,neutral,0.0,neutral,0
3421,neutral,neutral,0.0,neutral,0.0,neutral,0
3422,neutral,neutral,0.0,neutral,0.0,neutral,0
3423,neutral,neutral,0.0,neutral,0.0,neutral,0
3424,neutral,neutral,0.0,neutral,0.0,neutral,0
3425,neutral,neutral,0.0,neutral,0.0,neutral,0
3426,neutral,neutral,0.0,neutral,0.0,neutral,0
3427,neutral,neutral,0.0,neutral,0.0,neutral,0
3428,neutral,neutral,0.0,neutral,0.0,neutral,0
3429,neutral,neutral,0.0,neutral,0.0,neutral,0
3430,neutral,neutral,0.0,neutral,0.0,neutral,0
3431,neutral,neutral,0.0,neutral,0.0,neutral,0
3432,neutral,neutral,0.0,neutral,0.0,neutral,0
3433,neutral,neutral,0.0,neutral,0.0,neutral,0
3434,neutral,neutral,0.0,neutral,0.0,neutral,0
3435,neutral,neutral,0.0,neutral,0.0,neutral,0
3436,neutral,neutral,0.0,neutral,0.0,neutral,0
3437,neutral,neutral,0.0,neutral,0.0,neutral,0
3438,neutral,neutral,0.0,neutral,0.0,neutral,0
3439,neutral,neutral,0.0,neutral,0.0,neutral,0
3440,neutral,neutral,0.0,neutral,0.0,neutral,0
3441,neutral,neutral,0.0,neutral,0.0,neutral,0
3442,neutral,neutral,0.0,neutral,0.0,neutral,0
3443,neutral,neutral,0.0,neutral,0.0,neutral,0
3444,neutral,neutral,0.0,neutral,0.0,neutral,0
3445,neutral,neutral,0.0,neutral,0.0,neutral,0
3446,neutral,neutral,0.0,neutral,0.0,neutral,0
3447,neutral,neutral,0.0,neutral,0.0,neutral,0
3448,neutral,neutral,0.0,neutral,0.0,neutral,0
3449,neutral,neutral,0.0,neutral,0.0,neutral,0
3450,neutral,neutral,0.0,neutral,0.0,neutral,0
3451,neutral,neutral,0.0,neutral,0.0,neutral,0
3452,neutral,neutral,0.0,neutral,0.0,neutral,0
3453,neutral,neutral,0.0,neutral,0.0,neutral,0
3454,neutral,neutral,0.0,neutral,0.0,neutral,0
3455,neutral,neutral,0.0,neutral,0.0,neutral,0
3456,neutral,neutral,0.0,neutral,0.0,neutral,0
3457,neutral,neutral,0.0,neutral,0.0,neutral,0
3458,neutral,neutral,0.0,neutral,0.0,neutral,0
3459,neutral,neutral,0.0,neutral,0.0,neutral,0
3460,neutral,neutral,0.0,neutral,0.0,neutral,0
3461,neutral,neutral,0.0,neutral,0.0,neutral,0
3462,neutral,neutral,0.0,neutral,0.0,neutral,0
3463,neutral,neutral,0.0,neutral,0.0,neutral,0
3464,neutral,neutral,0.0,neutral,0.0,neutral,0
3465,neutral,neutral,0.0,neutral,0.0,neutral,0
3466,neutral,neutral,0.0,neutral,0.0,neutral,0
3467,neutral,neutral,0.0,neutral,0.0,neutral,0
3468,neutral,neutral,0.0,neutral,0.0,neutral,0
3469,neutral,neutral,0.0,neutral,0.0,neutral,0
3470,neutral,neutral,0.0,neutral,0.0,neutral,0
3471,neutral,neutral,0.0,neutral,0.0,neutral,0
3472,neutral,neutral,0.0,neutral,0.0,neutral,0
3473,neutral,neutral,0.0,neutral,0.0,neutral,0
3474,neutral,neutral,0.0,neutral,0.0,neutral,0
3475,neutral,neutral,0.0,neutral,0.0,neutral,0
3476,neutral,neutral,0.0,neutral,0.0,neutral,0
3477,neutral,neutral,0.0,neutral,0.0,neutral,0
3478,neutral,neutral,0.0,neutral,0.0,neutral,0
3479,neutral,neutral,0.0,neutral,0.0,neutral,0
3480,neutral,neutral,0.0,neutral,0.0,neutral,0
3481,neutral,neutral,0.0,neutral,0.0,neutral,0
3482,neutral,neutral,0.0,neutral,0.0,neutral,0
3483,neutral,neutral,0.0,neutral,0.0,neutral,0
3484,neutral,neutral,0.0,neutral,0.0,neutral,0
3485,neutral,neutral,0.0,neutral,0.0,neutral,0
3486,neutral,neutral,0.0,neutral,0.0,neutral,0
3487,neutral,neutral,0.0,neutral,0.0,neutral,0
3488,neutral,neutral,0.0,neutral,0.0,neutral,0
3489,neutral,neutral,0.0,neutral,0.0,neutral,0
3490,neutral,neutral,0.0,neutral,0.0,neutral,0
3491,neutral,neutral,0.0,neutral,0.0,neutral,0
3492,neutral,neutral,0.0,neutral,0.0,neutral,0
3493,neutral,neutral,0.0,neutral,0.0,neutral,0
3494,neutral,neutral,0.0,neutral,0.0,neutral,0
3495,neutral,neutral,0.0,neutral,0.0,neutral,0
3496,neutral,neutral,0.0,neutral,0.0,neutral,0
3497,neutral,neutral,0.0,neutral,0.0,neutral,0
3498,neutral,neutral,0.0,neutral,0.0,neutral,0
3499,neutral,neutral,0.0,neutral,0.0,neutral,0
3500,neutral,neutral,0.0,neutral,0.0,neutral,0
3501,neutral,neutral,0.0,neutral,0.0,neutral,0
3502,neutral,neutral,0.0,neutral,0.0,neutral,0
3503,neutral,neutral,0.0,neutral,0.0,neutral,0
3504,neutral,neutral,0.0,neutral,0.0,neutral,0
3505,neutral,neutral,0.0,neutral,0.0,neutral,0
3506,neutral,neutral,0.0,neutral,0.0,neutral,0
3507,neutral,neutral,0.0,neutral,0.0,neutral,0
3508,neutral,neutral,0.0,neutral,0.0,neutral,0
3509,neutral,neutral,0.0,neutral,0.0,neutral,0
3510,neutral,neutral,0.0,neutral,0.0,neutral,0
3511,neutral,neutral,0.0,neutral,0.0,neutral,0
3512,neutral,neutral,0.0,neutral,0.0,neutral,0
3513,neutral,neutral,0.0,neutral,0.0,neutral,0
3514,neutral,neutral,0.0,neutral,0.0,neutral,0
3515,neutral,neutral,0.0,neutral,0.0,neutral,0
3516,neutral,neutral,0.0,neutral,0.0,neutral,0
3517,neutral,neutral,0.0,neutral,0.0,neutral,0
3518,neutral,neutral,0.0,neutral,0.0,neutral,0
3519,neutral,neutral,0.0,neutral,0.0,neutral,0
3520,neutral,neutral,0.0,neutral,0.0,neutral,0
3521,neutral,neutral,0.0,neutral,0.0,neutral,0
3522,neutral,neutral,0.0,neutral,0.0,neutral,0
3523,neutral,neutral,0.0,neutral,0.0,neutral,0
3524,neutral,neutral,0.0,neutral,0.0,neutral,0
3525,neutral,neutral,0.0,neutral,0.0,neutral,0
3526,neutral,neutral,0.0,neutral,0.0,neutral,0
3527,neutral,neutral,0.0,neutral,0.0,neutral,0
3528,neutral,neutral,0.0,neutral,0.0,neutral,0
3529,neutral,neutral,0.0,neutral,0.0,neutral,0
3530,neutral,neutral,0.0,neutral,0.0,neutral,0
3531,neutral,neutral,0.0,neutral,0.0,neutral,0
3532,neutral,neutral,0.0,neutral,0.0,neutral,0
3533,neutral,neutral,0.0,neutral,0.0,neutral,0
3534,neutral,neutral,0.0,neutral,0.0,neutral,0
3535,neutral,neutral,0.0,neutral,0.0,neutral,0
3536,neutral,neutral,0.0,neutral,0.0,neutral,0
3537,neutral,neutral,0.0,neutral,0.0,neutral,0
3538,neutral,neutral,0.0,neutral,0.0,neutral,0
3539,neutral,neutral,0.0,neutral,0.0,neutral,0
3540,neutral,neutral,0.0,neutral,0.0,neutral,0
3541,neutral,neutral,0.0,neutral,0.0,neutral,0
3542,neutral,neutral,0.0,neutral,0.0,neutral,0
3543,neutral,neutral,0.0,neutral,0.0,neutral,0
3544,neutral,neutral,0.0,neutral,0.0,neutral,0
3545,neutral,neutral,0.0,neutral,0.0,neutral,0
3546,neutral,neutral,0.0,neutral,0.0,neutral,0
3547,neutral,neutral,0.0,neutral,0.0,neutral,0
3548,neutral,neutral,0.0,neutral,0.0,neutral,0
3549,neutral,neutral,0.0,neutral,0.0,neutral,0
3550,neutral,neutral,0.0,neutral,0.0,neutral,0
3551,neutral,neutral,0.0,neutral,0.0,neutral,0
3552,neutral,neutral,0.0,neutral,0.0,neutral,0
3553,neutral,neutral,0.0,neutral,0.0,neutral,0
3554,neutral,neutral,0.0,neutral,0.0,neutral,0
3555,neutral,neutral,0.0,neutral,0.0,neutral,0
3556,neutral,neutral,0.0,neutral,0.0,neutral,0
3557,neutral,neutral,0.0,neutral,0.0,neutral,0
3558,neutral,neutral,0.0,neutral,0.0,neutral,0
3559,neutral,neutral,0.0,neutral,0.0,neutral,0
3560,neutral,neutral,0.0,neutral,0.0,neutral,0
3561,neutral,neutral,0.0,neutral,0.0,neutral,0
3562,neutral,neutral,0.0,neutral,0.0,neutral,0
3563,neutral,neutral,0.0,neutral,0.0,neutral,0
3564,neutral,neutral,0.0,neutral,0.0,neutral,0
3565,neutral,neutral,0.0,neutral,0.0,neutral,0
3566,neutral,neutral,0.0,neutral,0.0,neutral,0
3567,neutral,neutral,0.0,neutral,0.0,neutral,0
3568,neutral,neutral,0.0,neutral,0.0,neutral,0
3569,neutral,neutral,0.0,neutral,0.0,neutral,0
3570,neutral,neutral,0.0,neutral,0.0,neutral,0
3571,neutral,neutral,0.0,neutral,0.0,neutral,0
3572,neutral,neutral,0.0,neutral,0.0,neutral,0
3573,neutral,neutral,0.0,neutral,0.0,neutral,0
3574,neutral,neutral,0.0,neutral,0.0,neutral,0
3575,neutral,neutral,0.0,neutral,0.0,neutral,0
3576,neutral,neutral,0.0,neutral,0.0,neutral,0
3577,neutral,neutral,0.0,neutral,0.0,neutral,0
3578,neutral,neutral,0.0,neutral,0.0,neutral,0
3579,neutral,neutral,0.0,neutral,0.0,neutral,0
3580,neutral,neutral,0.0,neutral,0.0,neutral,0
3581,neutral,neutral,0.0,neutral,0.0,neutral,0
3582,neutral,neutral,0.0,neutral,0.0,neutral,0
3583,neutral,neutral,0.0,neutral,0.0,neutral,0
3584,neutral,neutral,0.0,neutral,0.0,neutral,0
3585,neutral,neutral,0.0,neutral,0.0,neutral,0
3586,neutral,neutral,0.0,neutral,0.0,neutral,0
3587,neutral,neutral,0.0,neutral,0.0,neutral,0
3588,neutral,neutral,0.0,neutral,0.0,neutral,0
3589,neutral,neutral,0.0,neutral,0.0,neutral,0
3590,neutral,neutral,0.0,neutral,0.0,neutral,0
3591,neutral,neutral,0.0,neutral,0.0,neutral,0
3592,neutral,neutral,0.0,neutral,0.0,neutral,0
3593,neutral,neutral,0.0,neutral,0.0,neutral,0
3594,neutral,neutral,0.0,neutral,0.0,neutral,0
3595,neutral,neutral,0.0,neutral,0.0,neutral,0
3596,neutral,neutral,0.0,neutral,0.0,neutral,0
3597,neutral,neutral,0.0,neutral,0.0,neutral,0
3598,neutral,neutral,0.0,neutral,0.0,neutral,0
3599,neutral,neutral,0.0,neutral,0.0,neutral,0
3600,neutral,neutral,0.0,neutral,0.0,neutral,0
3601,neutral,neutral,0.0,neutral,0.0,neutral,0
3602,neutral,neutral,0.0,neutral,0.0,neutral,0
3603,neutral,neutral,0.0,neutral,0.0,neutral,0
3604,neutral,neutral,0.0,neutral,0.0,neutral,0
3605,neutral,neutral,0.0,neutral,0.0,neutral,0
3606,neutral,neutral,0.0,neutral,0.0,neutral,0
3607,neutral,neutral,0.0,neutral,0.0,neutral,0
3608,neutral,neutral,0.0,neutral,0.0,neutral,0
3609,neutral,neutral,0.0,neutral,0.0,neutral,0
3610,neutral,neutral,0.0,neutral,0.0,neutral,0
3611,neutral,neutral,0.0,neutral,0.0,neutral,0
3612,neutral,neutral,0.0,neutral,0.0,neutral,0
3613,neutral,neutral,0.0,neutral,0.0,neutral,0
3614,neutral,neutral,0.0,neutral,0.0,neutral,0
3615,neutral,neutral,0.0,neutral,0.0,neutral,0
3616,neutral,neutral,0.0,neutral,0.0,neutral,0
3617,neutral,neutral,0.0,neutral,0.0,neutral,0
3618,neutral,neutral,0.0,neutral,0.0,neutral,0
3619,neutral,neutral,0.0,neutral,0.0,neutral,0
3620,neutral,neutral,0.0,neutral,0.0,neutral,0
3621,neutral,neutral,0.0,neutral,0.0,neutral,0
3622,neutral,neutral,0.0,neutral,0.0,neutral,0
3623,neutral,neutral,0.0,neutral,0.0,neutral,0
3624,neutral,neutral,0.0,neutral,0.0,neutral,0
3625,neutral,neutral,0.0,neutral,0.0,neutral,0
3626,neutral,neutral,0.0,neutral,0.0,neutral,0
3627,neutral,neutral,0.0,neutral,0.0,neutral,0
3628,neutral,neutral,0.0,neutral,0.0,neutral,0
3629,neutral,neutral,0.0,neutral,0.0,neutral,0
3630,neutral,neutral,0.0,neutral,0.0,neutral,0
3631,neutral,neutral,0.0,neutral,0.0,neutral,0
3632,neutral,neutral,0.0,neutral,0.0,neutral,0
3633,neutral,neutral,0.0,neutral,0.0,neutral,0
3634,neutral,neutral,0.0,neutral,0.0,neutral,0
3635,neutral,neutral,0.0,neutral,0.0,neutral,0
3636,neutral,neutral,0.0,neutral,0.0,neutral,0
3637,neutral,neutral,0.0,neutral,0.0,neutral,0
3638,neutral,neutral,0.0,neutral,0.0,neutral,0
3639,neutral,neutral,0.0,neutral,0.0,neutral,0
3640,neutral,neutral,0.0,neutral,0.0,neutral,0
3641,neutral,neutral,0.0,neutral,0.0,neutral,0
3642,neutral,neutral,0.0,neutral,0.0,neutral,0
3643,neutral,neutral,0.0,neutral,0.0,neutral,0
3644,neutral,neutral,0.0,neutral,0.0,neutral,0
3645,neutral,neutral,0.0,neutral,0.0,neutral,0
3646,neutral,neutral,0.0,neutral,0.0,neutral,0
3647,neutral,neutral,0.0,neutral,0.0,neutral,0
3648,neutral,neutral,0.0,neutral,0.0,neutral,0
3649,neutral,neutral,0.0,neutral,0.0,neutral,0
3650,neutral,neutral,0.0,neutral,0.0,neutral,0
3651,neutral,neutral,0.0,neutral,0.0,neutral,0
3652,neutral,neutral,0.0,neutral,0.0,neutral,0
3653,neutral,neutral,0.0,neutral,0.0,neutral,0
3654,neutral,neutral,0.0,neutral,0.0,neutral,0
3655,neutral,neutral,0.0,neutral,0.0,neutral,0
3656,neutral,neutral,0.0,neutral,0.0,neutral,0
3657,neutral,neutral,0.0,neutral,0.0,neutral,0
3658,neutral,neutral,0.0,neutral,0.0,neutral,0
3659,neutral,neutral,0.0,neutral,0.0,neutral,0
3660,neutral,neutral,0.0,neutral,0.0,neutral,0
3661,neutral,neutral,0.0,neutral,0.0,neutral,0
3662,neutral,neutral,0.0,neutral,0.0,neutral,0
3663,neutral,neutral,0.0,neutral,0.0,neutral,0
3664,neutral,neutral,0.0,neutral,0.0,neutral,0
3665,neutral,neutral,0.0,neutral,0.0,neutral,0
3666,neutral,neutral,0.0,neutral,0.0,neutral,0
3667,neutral,neutral,0.0,neutral,0.0,neutral,0
3668,neutral,neutral,0.0,neutral,0.0,neutral,0
3669,neutral,neutral,0.0,neutral,0.0,neutral,0
3670,neutral,neutral,0.0,neutral,0.0,neutral,0
3671,neutral,neutral,0.0,neutral,0.0,neutral,0
3672,neutral,neutral,0.0,neutral,0.0,neutral,0
3673,neutral,neutral,0.0,neutral,0.0,neutral,0
3674,neutral,neutral,0.0,neutral,0.0,neutral,0
3675,neutral,neutral,0.0,neutral,0.0,neutral,0
3676,neutral,neutral,0.0,neutral,0.0,neutral,0
3677,neutral,neutral,0.0,neutral,0.0,neutral,0
3678,neutral,neutral,0.0,neutral,0.0,neutral,0
3679,neutral,neutral,0.0,neutral,0.0,neutral,0
3680,neutral,neutral,0.0,neutral,0.0,neutral,0
3681,neutral,neutral,0.0,neutral,0.0,neutral,0
3682,neutral,neutral,0.0,neutral,0.0,neutral,0
3683,neutral,neutral,0.0,neutral,0.0,neutral,0
3684,neutral,neutral,0.0,neutral,0.0,neutral,0
3685,neutral,neutral,0.0,neutral,0.0,neutral,0
3686,neutral,neutral,0.0,neutral,0.0,neutral,0
3687,neutral,neutral,0.0,neutral,0.0,neutral,0
3688,neutral,neutral,0.0,neutral,0.0,neutral,0
3689,neutral,neutral,0.0,neutral,0.0,neutral,0
3690,neutral,neutral,0.0,neutral,0.0,neutral,0
3691,neutral,neutral,0.0,neutral,0.0,neutral,0
3692,neutral,neutral,0.0,neutral,0.0,neutral,0
3693,neutral,neutral,0.0,neutral,0.0,neutral,0
3694,neutral,neutral,0.0,neutral,0.0,neutral,0
3695,neutral,neutral,0.0,neutral,0.0,neutral,0
3696,neutral,neutral,0.0,neutral,0.0,neutral,0
3697,neutral,neutral,0.0,neutral,0.0,neutral,0
3698,neutral,neutral,0.0,neutral,0.0,neutral,0
3699,neutral,neutral,0.0,neutral,0.0,neutral,0
3700,neutral,neutral,0.0,neutral,0.0,neutral,0
3701,neutral,neutral,0.0,neutral,0.0,neutral,0
3702,neutral,neutral,0.0,neutral,0.0,neutral,0
3703,neutral,neutral,0.0,neutral,0.0,neutral,0
3704,neutral,neutral,0.0,neutral,0.0,neutral,0
3705,neutral,neutral,0.0,neutral,0.0,neutral,0
3706,neutral,neutral,0.0,neutral,0.0,neutral,0
3707,neutral,neutral,0.0,neutral,0.0,neutral,0
3708,neutral,neutral,0.0,neutral,0.0,neutral,0
3709,neutral,neutral,0.0,neutral,0.0,neutral,0
3710,neutral,neutral,0.0,neutral,0.0,neutral,0
3711,neutral,neutral,0.0,neutral,0.0,neutral,0
3712,neutral,neutral,0.0,neutral,0.0,neutral,0
3713,neutral,neutral,0.0,neutral,0.0,neutral,0
3714,neutral,neutral,0.0,neutral,0.0,neutral,0
3715,neutral,neutral,0.0,neutral,0.0,neutral,0
3716,neutral,neutral,0.0,neutral,0.0,neutral,0
3717,neutral,neutral,0.0,neutral,0.0,neutral,0
3718,neutral,neutral,0.0,neutral,0.0,neutral,0
3719,neutral,neutral,0.0,neutral,0.0,neutral,0
3720,neutral,neutral,0.0,neutral,0.0,neutral,0
3721,neutral,neutral,0.0,neutral,0.0,neutral,0
3722,neutral,neutral,0.0,neutral,0.0,neutral,0
3723,neutral,neutral,0.0,neutral,0.0,neutral,0
3724,neutral,neutral,0.0,neutral,0.0,neutral,0
3725,neutral,neutral,0.0,neutral,0.0,neutral,0
3726,neutral,neutral,0.0,neutral,0.0,neutral,0
3727,neutral,neutral,0.0,neutral,0.0,neutral,0
3728,neutral,neutral,0.0,neutral,0.0,neutral,0
3729,neutral,neutral,0.0,neutral,0.0,neutral,0
3730,neutral,neutral,0.0,neutral,0.0,neutral,0
3731,neutral,neutral,0.0,neutral,0.0,neutral,0
3732,neutral,neutral,0.0,neutral,0.0,neutral,0
3733,neutral,neutral,0.0,neutral,0.0,neutral,0
3734,neutral,neutral,0.0,neutral,0.0,neutral,0
3735,neutral,neutral,0.0,neutral,0.0,neutral,0
3736,neutral,neutral,0.0,neutral,0.0,neutral,0
3737,neutral,neutral,0.0,neutral,0.0,neutral,0
3738,neutral,neutral,0.0,neutral,0.0,neutral,0
3739,neutral,neutral,0.0,neutral,0.0,neutral,0
3740,neutral,neutral,0.0,neutral,0.0,neutral,0
3741,neutral,neutral,0.0,neutral,0.0,neutral,0
3742,neutral,neutral,0.0,neutral,0.0,neutral,0
3743,neutral,neutral,0.0,neutral,0.0,neutral,0
3744,neutral,neutral,0.0,neutral,0.0,neutral,0
3745,neutral,neutral,0.0,neutral,0.0,neutral,0
3746,neutral,neutral,0.0,neutral,0.0,neutral,0
3747,neutral,neutral,0.0,neutral,0.0,neutral,0
3748,neutral,neutral,0.0,neutral,0.0,neutral,0
3749,neutral,neutral,0.0,neutral,0.0,neutral,0
3750,neutral,neutral,0.0,neutral,0.0,neutral,0
3751,neutral,neutral,0.0,neutral,0.0,neutral,0
3752,neutral,neutral,0.0,neutral,0.0,neutral,0
3753,neutral,neutral,0.0,neutral,0.0,neutral,0
3754,neutral,neutral,0.0,neutral,0.0,neutral,0
3755,neutral,neutral,0.0,neutral,0.0,neutral,0
3756,neutral,neutral,0.0,neutral,0.0,neutral,0
3757,neutral,neutral,0.0,neutral,0.0,neutral,0
3758,neutral,neutral,0.0,neutral,0.0,neutral,0
3759,neutral,neutral,0.0,neutral,0.0,neutral,0
3760,neutral,neutral,0.0,neutral,0.0,neutral,0
3761,neutral,neutral,0.0,neutral,0.0,neutral,0
3762,neutral,neutral,0.0,neutral,0.0,neutral,0
3763,neutral,neutral,0.0,neutral,0.0,neutral,0
3764,neutral,neutral,0.0,neutral,0.0,neutral,0
3765,neutral,neutral,0.0,neutral,0.0,neutral,0
3766,neutral,neutral,0.0,neutral,0.0,neutral,0
3767,neutral,neutral,0.0,neutral,0.0,neutral,0
3768,neutral,neutral,0.0,neutral,0.0,neutral,0
3769,neutral,neutral,0.0,neutral,0.0,neutral,0
3770,neutral,neutral,0.0,neutral,0.0,neutral,0
3771,neutral,neutral,0.0,neutral,0.0,neutral,0
3772,neutral,neutral,0.0,neutral,0.0,neutral,0
3773,neutral,neutral,0.0,neutral,0.0,neutral,0
3774,neutral,neutral,0.0,neutral,0.0,neutral,0
3775,neutral,neutral,0.0,neutral,0.0,neutral,0
3776,neutral,neutral,0.0,neutral,0.0,neutral,0
3777,neutral,neutral,0.0,neutral,0.0,neutral,0
3778,neutral,neutral,0.0,neutral,0.0,neutral,0
3779,neutral,neutral,0.0,neutral,0.0,neutral,0
3780,neutral,neutral,0.0,neutral,0.0,neutral,0
3781,neutral,neutral,0.0,neutral,0.0,neutral,0
3782,neutral,neutral,0.0,neutral,0.0,neutral,0
3783,neutral,neutral,0.0,neutral,0.0,neutral,0
3784,neutral,neutral,0.0,neutral,0.0,neutral,0
3785,neutral,neutral,0.0,neutral,0.0,neutral,0
3786,neutral,neutral,0.0,neutral,0.0,neutral,0
3787,neutral,neutral,0.0,neutral,0.0,neutral,0
3788,neutral,neutral,0.0,neutral,0.0,neutral,0
3789,neutral,neutral,0.0,neutral,0.0,neutral,0
3790,neutral,neutral,0.0,neutral,0.0,neutral,0
3791,neutral,neutral,0.0,neutral,0.0,neutral,0
3792,neutral,neutral,0.0,neutral,0.0,neutral,0
3793,neutral,neutral,0.0,neutral,0.0,neutral,0
3794,neutral,neutral,0.0,neutral,0.0,neutral,0
3795,neutral,neutral,0.0,neutral,0.0,neutral,0
3796,neutral,neutral,0.0,neutral,0.0,neutral,0
3797,neutral,neutral,0.0,neutral,0.0,neutral,0
3798,neutral,neutral,0.0,neutral,0.0,neutral,0
3799,neutral,neutral,0.0,neutral,0.0,neutral,0
3800,neutral,neutral,0.0,neutral,0.0,neutral,0
3801,neutral,neutral,0.0,neutral,0.0,neutral,0
3802,neutral,neutral,0.0,neutral,0.0,neutral,0
3803,neutral,neutral,0.0,neutral,0.0,neutral,0
3804,neutral,neutral,0.0,neutral,0.0,neutral,0
3805,neutral,neutral,0.0,neutral,0.0,neutral,0
3806,neutral,neutral,0.0,neutral,0.0,neutral,0
3807,neutral,neutral,0.0,neutral,0.0,neutral,0
3808,neutral,neutral,0.0,neutral,0.0,neutral,0
3809,neutral,neutral,0.0,neutral,0.0,neutral,0
3810,neutral,neutral,0.0,neutral,0.0,neutral,0
3811,neutral,neutral,0.0,neutral,0.0,neutral,0
3812,neutral,neutral,0.0,neutral,0.0,neutral,0
3813,neutral,neutral,0.0,neutral,0.0,neutral,0
3814,neutral,neutral,0.0,neutral,0.0,neutral,0
3815,neutral,neutral,0.0,neutral,0.0,neutral,0
3816,neutral,neutral,0.0,neutral,0.0,neutral,0
3817,neutral,neutral,0.0,neutral,0.0,neutral,0
3818,neutral,neutral,0.0,neutral,0.0,neutral,0
3819,neutral,neutral,0.0,neutral,0.0,neutral,0
3820,neutral,neutral,0.0,neutral,0.0,neutral,0
3821,neutral,neutral,0.0,neutral,0.0,neutral,0
3822,neutral,neutral,0.0,neutral,0.0,neutral,0
3823,neutral,neutral,0.0,neutral,0.0,neutral,0
3824,neutral,neutral,0.0,neutral,0.0,neutral,0
3825,neutral,neutral,0.0,neutral,0.0,neutral,0
3826,neutral,neutral,0.0,neutral,0.0,neutral,0
3827,neutral,neutral,0.0,neutral,0.0,neutral,0
3828,neutral,neutral,0.0,neutral,0.0,neutral,0
3829,neutral,neutral,0.0,neutral,0.0,neutral,0
3830,neutral,neutral,0.0,neutral,0.0,neutral,0
3831,neutral,neutral,0.0,neutral,0.0,neutral,0
3832,neutral,neutral,0.0,neutral,0.0,neutral,0
3833,neutral,neutral,0.0,neutral,0.0,neutral,0
3834,neutral,neutral,0.0,neutral,0.0,neutral,0
3835,neutral,neutral,0.0,neutral,0.0,neutral,0
3836,neutral,neutral,0.0,neutral,0.0,neutral,0
3837,neutral,neutral,0.0,neutral,0.0,neutral,0
3838,neutral,neutral,0.0,neutral,0.0,neutral,0
3839,neutral,neutral,0.0,neutral,0.0,neutral,0
3840,neutral,neutral,0.0,neutral,0.0,neutral,0
3841,neutral,neutral,0.0,neutral,0.0,neutral,0
3842,neutral,neutral,0.0,neutral,0.0,neutral,0
3843,neutral,neutral,0.0,neutral,0.0,neutral,0
3844,neutral,neutral,0.0,neutral,0.0,neutral,0
3845,neutral,neutral,0.0,neutral,0.0,neutral,0
3846,neutral,neutral,0.0,neutral,0.0,neutral,0
3847,neutral,neutral,0.0,neutral,0.0,neutral,0
3848,neutral,neutral,0.0,neutral,0.0,neutral,0
3849,neutral,neutral,0.0,neutral,0.0,neutral,0
3850,neutral,neutral,0.0,neutral,0.0,neutral,0
3851,neutral,neutral,0.0,neutral,0.0,neutral,0
3852,neutral,neutral,0.0,neutral,0.0,neutral,0
3853,neutral,neutral,0.0,neutral,0.0,neutral,0
3854,neutral,neutral,0.0,neutral,0.0,neutral,0
3855,neutral,neutral,0.0,neutral,0.0,neutral,0
3856,neutral,neutral,0.0,neutral,0.0,neutral,0
3857,neutral,neutral,0.0,neutral,0.0,neutral,0
3858,neutral,neutral,0.0,neutral,0.0,neutral,0
3859,neutral,neutral,0.0,neutral,0.0,neutral,0
3860,neutral,neutral,0.0,neutral,0.0,neutral,0
3861,neutral,neutral,0.0,neutral,0.0,neutral,0
3862,neutral,neutral,0.0,neutral,0.0,neutral,0
3863,neutral,neutral,0.0,neutral,0.0,neutral,0
3864,neutral,neutral,0.0,neutral,0.0,neutral,0
3865,neutral,neutral,0.0,neutral,0.0,neutral,0
3866,neutral,neutral,0.0,neutral,0.0,neutral,0
3867,neutral,neutral,0.0,neutral,0.0,neutral,0
3868,neutral,neutral,0.0,neutral,0.0,neutral,0
3869,neutral,neutral,0.0,neutral,0.0,neutral,0
3870,neutral,neutral,0.0,neutral,0.0,neutral,0
3871,neutral,neutral,0.0,neutral,0.0,neutral,0
3872,neutral,neutral,0.0,neutral,0.0,neutral,0
3873,neutral,neutral,0.0,neutral,0.0,neutral,0
3874,neutral,neutral,0.0,neutral,0.0,neutral,0
3875,neutral,neutral,0.0,neutral,0.0,neutral,0
3876,neutral,neutral,0.0,neutral,0.0,neutral,0
3877,neutral,neutral,0.0,neutral,0.0,neutral,0
3878,neutral,neutral,0.0,neutral,0.0,neutral,0
3879,neutral,neutral,0.0,neutral,0.0,neutral,0
3880,neutral,neutral,0.0,neutral,0.0,neutral,0
3881,neutral,neutral,0.0,neutral,0.0,neutral,0
3882,neutral,neutral,0.0,neutral,0.0,neutral,0
3883,neutral,neutral,0.0,neutral,0.0,neutral,0
3884,neutral,neutral,0.0,neutral,0.0,neutral,0
3885,neutral,neutral,0.0,neutral,0.0,neutral,0
3886,neutral,neutral,0.0,neutral,0.0,neutral,0
3887,neutral,neutral,0.0,neutral,0.0,neutral,0
3888,neutral,neutral,0.0,neutral,0.0,neutral,0
3889,neutral,neutral,0.0,neutral,0.0,neutral,0
3890,neutral,neutral,0.0,neutral,0.0,neutral,0
3891,neutral,neutral,0.0,neutral,0.0,neutral,0
3892,neutral,neutral,0.0,neutral,0.0,neutral,0
3893,neutral,neutral,0.0,neutral,0.0,neutral,0
3894,neutral,neutral,0.0,neutral,0.0,neutral,0
3895,neutral,neutral,0.0,neutral,0.0,neutral,0
3896,neutral,neutral,0.0,neutral,0.0,neutral,0
3897,neutral,neutral,0.0,neutral,0.0,neutral,0
3898,neutral,neutral,0.0,neutral,0.0,neutral,0
3899,neutral,neutral,0.0,neutral,0.0,neutral,0
3900,neutral,neutral,0.0,neutral,0.0,neutral,0
3901,neutral,neutral,0.0,neutral,0.0,neutral,0
3902,neutral,neutral,0.0,neutral,0.0,neutral,0
3903,neutral,neutral,0.0,neutral,0.0,neutral,0
3904,neutral,neutral,0.0,neutral,0.0,neutral,0
3905,neutral,neutral,0.0,neutral,0.0,neutral,0
3906,neutral,neutral,0.0,neutral,0.0,neutral,0
3907,neutral,neutral,0.0,neutral,0.0,neutral,0
3908,neutral,neutral,0.0,neutral,0.0,neutral,0
3909,neutral,neutral,0.0,neutral,0.0,neutral,0
3910,neutral,neutral,0.0,neutral,0.0,neutral,0
3911,neutral,neutral,0.0,neutral,0.0,neutral,0
3912,neutral,neutral,0.0,neutral,0.0,neutral,0
3913,neutral,neutral,0.0,neutral,0.0,neutral,0
3914,neutral,neutral,0.0,neutral,0.0,neutral,0
3915,neutral,neutral,0.0,neutral,0.0,neutral,0
3916,neutral,neutral,0.0,neutral,0.0,neutral,0
3917,neutral,neutral,0.0,neutral,0.0,neutral,0
3918,neutral,neutral,0.0,neutral,0.0,neutral,0
3919,neutral,neutral,0.0,neutral,0.0,neutral,0
3920,neutral,neutral,0.0,neutral,0.0,neutral,0
3921,neutral,neutral,0.0,neutral,0.0,neutral,0
3922,neutral,neutral,0.0,neutral,0.0,neutral,0
3923,neutral,neutral,0.0,neutral,0.0,neutral,0
3924,neutral,neutral,0.0,neutral,0.0,neutral,0
3925,neutral,neutral,0.0,neutral,0.0,neutral,0
3926,neutral,neutral,0.0,neutral,0.0,neutral,0
3927,neutral,neutral,0.0,neutral,0.0,neutral,0
3928,neutral,neutral,0.0,neutral,0.0,neutral,0
3929,neutral,neutral,0.0,neutral,0.0,neutral,0
3930,neutral,neutral,0.0,neutral,0.0,neutral,0
3931,neutral,neutral,0.0,neutral,0.0,neutral,0
3932,neutral,neutral,0.0,neutral,0.0,neutral,0
3933,neutral,neutral,0.0,neutral,0.0,neutral,0
3934,neutral,neutral,0.0,neutral,0.0,neutral,0
3935,neutral,neutral,0.0,neutral,0.0,neutral,0
3936,neutral,neutral,0.0,neutral,0.0,neutral,0
3937,neutral,neutral,0.0,neutral,0.0,neutral,0
3938,neutral,neutral,0.0,neutral,0.0,neutral,0
3939,neutral,neutral,0.0,neutral,0.0,neutral,0
3940,neutral,neutral,0.0,neutral,0.0,neutral,0
3941,neutral,neutral,0.0,neutral,0.0,neutral,0
3942,neutral,neutral,0.0,neutral,0.0,neutral,0
3943,neutral,neutral,0.0,neutral,0.0,neutral,0
3944,neutral,neutral,0.0,neutral,0.0,neutral,0
3945,neutral,neutral,0.0,neutral,0.0,neutral,0
3946,neutral,neutral,0.0,neutral,0.0,neutral,0
3947,neutral,neutral,0.0,neutral,0.0,neutral,0
3948,neutral,neutral,0.0,neutral,0.0,neutral,0
3949,neutral,neutral,0.0,neutral,0.0,neutral,0
3950,neutral,neutral,0.0,neutral,0.0,neutral,0
3951,neutral,neutral,0.0,neutral,0.0,neutral,0
3952,neutral,neutral,0.0,neutral,0.0,neutral,0
3953,neutral,neutral,0.0,neutral,0.0,neutral,0
3954,neutral,neutral,0.0,neutral,0.0,neutral,0
3955,neutral,neutral,0.0,neutral,0.0,neutral,0
3956,neutral,neutral,0.0,neutral,0.0,neutral,0
3957,neutral,neutral,0.0,neutral,0.0,neutral,0
3958,neutral,neutral,0.0,neutral,0.0,neutral,0
3959,neutral,neutral,0.0,neutral,0.0,neutral,0
3960,neutral,neutral,0.0,neutral,0.0,neutral,0
3961,neutral,neutral,0.0,neutral,0.0,neutral,0
3962,neutral,neutral,0.0,neutral,0.0,neutral,0
3963,neutral,neutral,0.0,neutral,0.0,neutral,0
3964,neutral,neutral,0.0,neutral,0.0,neutral,0
3965,neutral,neutral,0.0,neutral,0.0,neutral,0
3966,neutral,neutral,0.0,neutral,0.0,neutral,0
3967,neutral,neutral,0.0,neutral,0.0,neutral,0
3968,neutral,neutral,0.0,neutral,0.0,neutral,0
3969,neutral,neutral,0.0,neutral,0.0,neutral,0
3970,neutral,neutral,0.0,neutral,0.0,neutral,0
3971,neutral,neutral,0.0,neutral,0.0,neutral,0
3972,neutral,neutral,0.0,neutral,0.0,neutral,0
3973,neutral,neutral,0.0,neutral,0.0,neutral,0
3974,neutral,neutral,0.0,neutral,0.0,neutral,0
3975,neutral,neutral,0.0,neutral,0.0,neutral,0
3976,neutral,neutral,0.0,neutral,0.0,neutral,0
3977,neutral,neutral,0.0,neutral,0.0,neutral,0
3978,neutral,neutral,0.0,neutral,0.0,neutral,0
3979,neutral,neutral,0.0,neutral,0.0,neutral,0
3980,neutral,neutral,0.0,neutral,0.0,neutral,0
3981,neutral,neutral,0.0,neutral,0.0,neutral,0
3982,neutral,neutral,0.0,neutral,0.0,neutral,0
3983,neutral,neutral,0.0,neutral,0.0,neutral,0
3984,neutral,neutral,0.0,neutral,0.0,neutral,0
3985,neutral,neutral,0.0,neutral,0.0,neutral,0
3986,neutral,neutral,0.0,neutral,0.0,neutral,0
3987,neutral,neutral,0.0,neutral,0.0,neutral,0
3988,neutral,neutral,0.0,neutral,0.0,neutral,0
3989,neutral,neutral,0.0,neutral,0.0,neutral,0
3990,neutral,neutral,0.0,neutral,0.0,neutral,0
3991,neutral,neutral,0.0,neutral,0.0,neutral,0
3992,neutral,neutral,0.0,neutral,0.0,neutral,0
3993,neutral,neutral,0.0,neutral,0.0,neutral,0
3994,neutral,neutral,0.0,neutral,0.0,neutral,0
3995,neutral,neutral,0.0,neutral,0.0,neutral,0
3996,neutral,neutral,0.0,neutral,0.0,neutral,0
3997,neutral,neutral,0.0,neutral,0.0,neutral,0
3998,neutral,neutral,0.0,neutral,0.0,neutral,0
3999,neutral,neutral,0.0,neutral,0.0,neutral,0
4000,neutral,neutral,0.0,neutral,0.0,neutral,0
4001,neutral,neutral,0.0,neutral,0.0,neutral,0
4002,neutral,neutral,0.0,neutral,0.0,neutral,0
4003,neutral,neutral,0.0,neutral,0.0,neutral,0
4004,neutral,neutral,0.0,neutral,0.0,neutral,0
4005,neutral,neutral,0.0,neutral,0.0,neutral,0
4006,neutral,neutral,0.0,neutral,0.0,neutral,0
4007,neutral,neutral,0.0,neutral,0.0,neutral,0
4008,neutral,neutral,0.0,neutral,0.0,neutral,0
4009,neutral,neutral,0.0,neutral,0.0,neutral,0
4010,neutral,neutral,0.0,neutral,0.0,neutral,0
4011,neutral,neutral,0.0,neutral,0.0,neutral,0
4012,neutral,neutral,0.0,neutral,0.0,neutral,0
4013,neutral,neutral,0.0,neutral,0.0,neutral,0
4014,neutral,neutral,0.0,neutral,0.0,neutral,0
4015,neutral,neutral,0.0,neutral,0.0,neutral,0
4016,neutral,neutral,0.0,neutral,0.0,neutral,0
4017,neutral,neutral,0.0,neutral,0.0,neutral,0
4018,neutral,neutral,0.0,neutral,0.0,neutral,0
4019,neutral,neutral,0.0,neutral,0.0,neutral,0
4020,neutral,neutral,0.0,neutral,0.0,neutral,0
4021,neutral,neutral,0.0,neutral,0.0,neutral,0
4022,neutral,neutral,0.0,neutral,0.0,neutral,0
4023,neutral,neutral,0.0,neutral,0.0,neutral,0
4024,neutral,neutral,0.0,neutral,0.0,neutral,0
4025,neutral,neutral,0.0,neutral,0.0,neutral,0
4026,neutral,neutral,0.0,neutral,0.0,neutral,0
4027,neutral,neutral,0.0,neutral,0.0,neutral,0
4028,neutral,neutral,0.0,neutral,0.0,neutral,0
4029,neutral,neutral,0.0,neutral,0.0,neutral,0
4030,neutral,neutral,0.0,neutral,0.0,neutral,0
4031,neutral,neutral,0.0,neutral,0.0,neutral,0
4032,neutral,neutral,0.0,neutral,0.0,neutral,0
4033,neutral,neutral,0.0,neutral,0.0,neutral,0
4034,neutral,neutral,0.0,neutral,0.0,neutral,0
4035,neutral,neutral,0.0,neutral,0.0,neutral,0
4036,neutral,neutral,0.0,neutral,0.0,neutral,0
4037,neutral,neutral,0.0,neutral,0.0,neutral,0
4038,neutral,neutral,0.0,neutral,0.0,neutral,0
4039,neutral,neutral,0.0,neutral,0.0,neutral,0
4040,neutral,neutral,0.0,neutral,0.0,neutral,0
4041,neutral,neutral,0.0,neutral,0.0,neutral,0
4042,neutral,neutral,0.0,neutral,0.0,neutral,0
4043,neutral,neutral,0.0,neutral,0.0,neutral,0
4044,neutral,neutral,0.0,neutral,0.0,neutral,0
4045,neutral,neutral,0.0,neutral,0.0,neutral,0
4046,neutral,neutral,0.0,neutral,0.0,neutral,0
4047,neutral,neutral,0.0,neutral,0.0,neutral,0
4048,neutral,neutral,0.0,neutral,0.0,neutral,0
4049,neutral,neutral,0.0,neutral,0.0,neutral,0
4050,neutral,neutral,0.0,neutral,0.0,neutral,0
4051,neutral,neutral,0.0,neutral,0.0,neutral,0
4052,neutral,neutral,0.0,neutral,0.0,neutral,0
4053,neutral,neutral,0.0,neutral,0.0,neutral,0
4054,neutral,neutral,0.0,neutral,0.0,neutral,0
4055,neutral,neutral,0.0,neutral,0.0,neutral,0
4056,neutral,neutral,0.0,neutral,0.0,neutral,0
4057,neutral,neutral,0.0,neutral,0.0,neutral,0
4058,neutral,neutral,0.0,neutral,0.0,neutral,0
4059,neutral,neutral,0.0,neutral,0.0,neutral,0
4060,neutral,neutral,0.0,neutral,0.0,neutral,0
4061,neutral,neutral,0.0,neutral,0.0,neutral,0
4062,neutral,neutral,0.0,neutral,0.0,neutral,0
4063,neutral,neutral,0.0,neutral,0.0,neutral,0
4064,neutral,neutral,0.0,neutral,0.0,neutral,0
4065,neutral,neutral,0.0,neutral,0.0,neutral,0
4066,neutral,neutral,0.0,neutral,0.0,neutral,0
4067,neutral,neutral,0.0,neutral,0.0,neutral,0
4068,neutral,neutral,0.0,neutral,0.0,neutral,0
4069,neutral,neutral,0.0,neutral,0.0,neutral,0
4070,neutral,neutral,0.0,neutral,0.0,neutral,0
4071,neutral,neutral,0.0,neutral,0.0,neutral,0
4072,neutral,neutral,0.0,neutral,0.0,neutral,0
4073,neutral,neutral,0.0,neutral,0.0,neutral,0
4074,neutral,neutral,0.0,neutral,0.0,neutral,0
4075,neutral,neutral,0.0,neutral,0.0,neutral,0
4076,neutral,neutral,0.0,neutral,0.0,neutral,0
4077,neutral,neutral,0.0,neutral,0.0,neutral,0
4078,neutral,neutral,0.0,neutral,0.0,neutral,0
4079,neutral,neutral,0.0,neutral,0.0,neutral,0
4080,neutral,neutral,0.0,neutral,0.0,neutral,0
4081,neutral,neutral,0.0,neutral,0.0,neutral,0
4082,neutral,neutral,0.0,neutral,0.0,neutral,0
4083,neutral,neutral,0.0,neutral,0.0,neutral,0
4084,neutral,neutral,0.0,neutral,0.0,neutral,0
4085,neutral,neutral,0.0,neutral,0.0,neutral,0
4086,neutral,neutral,0.0,neutral,0.0,neutral,0
4087,neutral,neutral,0.0,neutral,0.0,neutral,0
4088,neutral,neutral,0.0,neutral,0.0,neutral,0
4089,neutral,neutral,0.0,neutral,0.0,neutral,0
4090,neutral,neutral,0.0,neutral,0.0,neutral,0
4091,neutral,neutral,0.0,neutral,0.0,neutral,0
4092,neutral,neutral,0.0,neutral,0.0,neutral,0
4093,neutral,neutral,0.0,neutral,0.0,neutral,0
4094,neutral,neutral,0.0,neutral,0.0,neutral,0
4095,neutral,neutral,0.0,neutral,0.0,neutral,0
4096,neutral,neutral,0.0,neutral,0.0,neutral,0
4097,neutral,neutral,0.0,neutral,0.0,neutral,0
4098,neutral,neutral,0.0,neutral,0.0,neutral,0
4099,neutral,neutral,0.0,neutral,0.0,neutral,0
4100,neutral,neutral,0.0,neutral,0.0,neutral,0
4101,neutral,neutral,0.0,neutral,0.0,neutral,0
4102,neutral,neutral,0.0,neutral,0.0,neutral,0
4103,neutral,neutral,0.0,neutral,0.0,neutral,0
4104,neutral,neutral,0.0,neutral,0.0,neutral,0
4105,neutral,neutral,0.0,neutral,0.0,neutral,0
4106,neutral,neutral,0.0,neutral,0.0,neutral,0
4107,neutral,neutral,0.0,neutral,0.0,neutral,0
4108,neutral,neutral,0.0,neutral,0.0,neutral,0
4109,neutral,neutral,0.0,neutral,0.0,neutral,0
4110,neutral,neutral,0.0,neutral,0.0,neutral,0
4111,neutral,neutral,0.0,neutral,0.0,neutral,0
4112,neutral,neutral,0.0,neutral,0.0,neutral,0
4113,neutral,neutral,0.0,neutral,0.0,neutral,0
4114,neutral,neutral,0.0,neutral,0.0,neutral,0
4115,neutral,neutral,0.0,neutral,0.0,neutral,0
4116,neutral,neutral,0.0,neutral,0.0,neutral,0
4117,neutral,neutral,0.0,neutral,0.0,neutral,0
4118,neutral,neutral,0.0,neutral,0.0,neutral,0
4119,neutral,neutral,0.0,neutral,0.0,neutral,0
4120,neutral,neutral,0.0,neutral,0.0,neutral,0
4121,neutral,neutral,0.0,neutral,0.0,neutral,0
4122,neutral,neutral,0.0,neutral,0.0,neutral,0
4123,neutral,neutral,0.0,neutral,0.0,neutral,0
4124,neutral,neutral,0.0,neutral,0.0,neutral,0
4125,neutral,neutral,0.0,neutral,0.0,neutral,0
4126,neutral,neutral,0.0,neutral,0.0,neutral,0
4127,neutral,neutral,0.0,neutral,0.0,neutral,0
4128,neutral,neutral,0.0,neutral,0.0,neutral,0
4129,neutral,neutral,0.0,neutral,0.0,neutral,0
4130,neutral,neutral,0.0,neutral,0.0,neutral,0
4131,neutral,neutral,0.0,neutral,0.0,neutral,0
4132,neutral,neutral,0.0,neutral,0.0,neutral,0
4133,neutral,neutral,0.0,neutral,0.0,neutral,0
4134,neutral,neutral,0.0,neutral,0.0,neutral,0
4135,neutral,neutral,0.0,neutral,0.0,neutral,0
4136,neutral,neutral,0.0,neutral,0.0,neutral,0
4137,neutral,neutral,0.0,neutral,0.0,neutral,0
4138,neutral,neutral,0.0,neutral,0.0,neutral,0
4139,neutral,neutral,0.0,neutral,0.0,neutral,0
4140,neutral,neutral,0.0,neutral,0.0,neutral,0
4141,neutral,neutral,0.0,neutral,0.0,neutral,0
4142,neutral,neutral,0.0,neutral,0.0,neutral,0
4143,neutral,neutral,0.0,neutral,0.0,neutral,0
4144,neutral,neutral,0.0,neutral,0.0,neutral,0
4145,neutral,neutral,0.0,neutral,0.0,neutral,0
4146,neutral,neutral,0.0,neutral,0.0,neutral,0
4147,neutral,neutral,0.0,neutral,0.0,neutral,0
4148,neutral,neutral,0.0,neutral,0.0,neutral,0
4149,neutral,neutral,0.0,neutral,0.0,neutral,0
4150,neutral,neutral,0.0,neutral,0.0,neutral,0
4151,neutral,neutral,0.0,neutral,0.0,neutral,0
4152,neutral,neutral,0.0,neutral,0.0,neutral,0
4153,neutral,neutral,0.0,neutral,0.0,neutral,0
4154,neutral,neutral,0.0,neutral,0.0,neutral,0
4155,neutral,neutral,0.0,neutral,0.0,neutral,0
4156,neutral,neutral,0.0,neutral,0.0,neutral,0
4157,neutral,neutral,0.0,neutral,0.0,neutral,0
4158,neutral,neutral,0.0,neutral,0.0,neutral,0
4159,neutral,neutral,0.0,neutral,0.0,neutral,0
4160,neutral,neutral,0.0,neutral,0.0,neutral,0
4161,neutral,neutral,0.0,neutral,0.0,neutral,0
4162,neutral,neutral,0.0,neutral,0.0,neutral,0
4163,neutral,neutral,0.0,neutral,0.0,neutral,0
4164,neutral,neutral,0.0,neutral,0.0,neutral,0
4165,neutral,neutral,0.0,neutral,0.0,neutral,0
4166,neutral,neutral,0.0,neutral,0.0,neutral,0
4167,neutral,neutral,0.0,neutral,0.0,neutral,0
4168,neutral,neutral,0.0,neutral,0.0,neutral,0
4169,neutral,neutral,0.0,neutral,0.0,neutral,0
4170,neutral,neutral,0.0,neutral,0.0,neutral,0
4171,neutral,neutral,0.0,neutral,0.0,neutral,0
4172,neutral,neutral,0.0,neutral,0.0,neutral,0
4173,neutral,neutral,0.0,neutral,0.0,neutral,0
4174,neutral,neutral,0.0,neutral,0.0,neutral,0
4175,neutral,neutral,0.0,neutral,0.0,neutral,0
4176,neutral,neutral,0.0,neutral,0.0,neutral,0
4177,neutral,neutral,0.0,neutral,0.0,neutral,0
4178,neutral,neutral,0.0,neutral,0.0,neutral,0
4179,neutral,neutral,0.0,neutral,0.0,neutral,0
4180,neutral,neutral,0.0,neutral,0.0,neutral,0
4181,neutral,neutral,0.0,neutral,0.0,neutral,0
4182,neutral,neutral,0.0,neutral,0.0,neutral,0
4183,neutral,neutral,0.0,neutral,0.0,neutral,0
4184,neutral,neutral,0.0,neutral,0.0,neutral,0
4185,neutral,neutral,0.0,neutral,0.0,neutral,0
4186,neutral,neutral,0.0,neutral,0.0,neutral,0
4187,neutral,neutral,0.0,neutral,0.0,neutral,0
4188,neutral,neutral,0.0,neutral,0.0,neutral,0
4189,neutral,neutral,0.0,neutral,0.0,neutral,0
4190,neutral,neutral,0.0,neutral,0.0,neutral,0
4191,neutral,neutral,0.0,neutral,0.0,neutral,0
4192,neutral,neutral,0.0,neutral,0.0,neutral,0
4193,neutral,neutral,0.0,neutral,0.0,neutral,0
4194,neutral,neutral,0.0,neutral,0.0,neutral,0
4195,neutral,neutral,0.0,neutral,0.0,neutral,0
4196,neutral,neutral,0.0,neutral,0.0,neutral,0
4197,neutral,neutral,0.0,neutral,0.0,neutral,0
4198,neutral,neutral,0.0,neutral,0.0,neutral,0
4199,neutral,neutral,0.0,neutral,0.0,neutral,0
4200,neutral,neutral,0.0,neutral,0.0,neutral,0
4201,neutral,neutral,0.0,neutral,0.0,neutral,0
4202,neutral,neutral,0.0,neutral,0.0,neutral,0
4203,neutral,neutral,0.0,neutral,0.0,neutral,0
4204,neutral,neutral,0.0,neutral,0.0,neutral,0
4205,neutral,neutral,0.0,neutral,0.0,neutral,0
4206,neutral,neutral,0.0,neutral,0.0,neutral,0
4207,neutral,neutral,0.0,neutral,0.0,neutral,0
4208,neutral,neutral,0.0,neutral,0.0,neutral,0
4209,neutral,neutral,0.0,neutral,0.0,neutral,0
4210,neutral,neutral,0.0,neutral,0.0,neutral,0
4211,neutral,neutral,0.0,neutral,0.0,neutral,0
4212,neutral,neutral,0.0,neutral,0.0,neutral,0
4213,neutral,neutral,0.0,neutral,0.0,neutral,0
4214,neutral,neutral,0.0,neutral,0.0,neutral,0
4215,neutral,neutral,0.0,neutral,0.0,neutral,0
4216,neutral,neutral,0.0,neutral,0.0,neutral,0
4217,neutral,neutral,0.0,neutral,0.0,neutral,0
4218,neutral,neutral,0.0,neutral,0.0,neutral,0
4219,neutral,neutral,0.0,neutral,0.0,neutral,0
4220,neutral,neutral,0.0,neutral,0.0,neutral,0
4221,neutral,neutral,0.0,neutral,0.0,neutral,0
4222,neutral,neutral,0.0,neutral,0.0,neutral,0
4223,neutral,neutral,0.0,neutral,0.0,neutral,0
4224,neutral,neutral,0.0,neutral,0.0,neutral,0
4225,neutral,neutral,0.0,neutral,0.0,neutral,0
4226,neutral,neutral,0.0,neutral,0.0,neutral,0
4227,neutral,neutral,0.0,neutral,0.0,neutral,0
4228,neutral,neutral,0.0,neutral,0.0,neutral,0
4229,neutral,neutral,0.0,neutral,0.0,neutral,0
4230,neutral,neutral,0.0,neutral,0.0,neutral,0
4231,neutral,neutral,0.0,neutral,0.0,neutral,0
4232,neutral,neutral,0.0,neutral,0.0,neutral,0
4233,neutral,neutral,0.0,neutral,0.0,neutral,0
4234,neutral,neutral,0.0,neutral,0.0,neutral,0
4235,neutral,neutral,0.0,neutral,0.0,neutral,0
4236,neutral,neutral,0.0,neutral,0.0,neutral,0
4237,neutral,neutral,0.0,neutral,0.0,neutral,0
4238,neutral,neutral,0.0,neutral,0.0,neutral,0
4239,neutral,neutral,0.0,neutral,0.0,neutral,0
4240,neutral,neutral,0.0,neutral,0.0,neutral,0
4241,neutral,neutral,0.0,neutral,0.0,neutral,0
4242,neutral,neutral,0.0,neutral,0.0,neutral,0
4243,neutral,neutral,0.0,neutral,0.0,neutral,0
4244,neutral,neutral,0.0,neutral,0.0,neutral,0
4245,neutral,neutral,0.0,neutral,0.0,neutral,0
4246,neutral,neutral,0.0,neutral,0.0,neutral,0
4247,neutral,neutral,0.0,neutral,0.0,neutral,0
4248,neutral,neutral,0.0,neutral,0.0,neutral,0
4249,neutral,neutral,0.0,neutral,0.0,neutral,0
4250,neutral,neutral,0.0,neutral,0.0,neutral,0
4251,neutral,neutral,0.0,neutral,0.0,neutral,0
4252,neutral,neutral,0.0,neutral,0.0,neutral,0
4253,neutral,neutral,0.0,neutral,0.0,neutral,0
4254,neutral,neutral,0.0,neutral,0.0,neutral,0
4255,neutral,neutral,0.0,neutral,0.0,neutral,0
4256,neutral,neutral,0.0,neutral,0.0,neutral,0
4257,neutral,neutral,0.0,neutral,0.0,neutral,0
4258,neutral,neutral,0.0,neutral,0.0,neutral,0
4259,neutral,neutral,0.0,neutral,0.0,neutral,0
4260,neutral,neutral,0.0,neutral,0.0,neutral,0
4261,neutral,neutral,0.0,neutral,0.0,neutral,0
4262,neutral,neutral,0.0,neutral,0.0,neutral,0
4263,neutral,neutral,0.0,neutral,0.0,neutral,0
4264,neutral,neutral,0.0,neutral,0.0,neutral,0
4265,neutral,neutral,0.0,neutral,0.0,neutral,0
4266,neutral,neutral,0.0,neutral,0.0,neutral,0
4267,neutral,neutral,0.0,neutral,0.0,neutral,0
4268,neutral,neutral,0.0,neutral,0.0,neutral,0
4269,neutral,neutral,0.0,neutral,0.0,neutral,0
4270,neutral,neutral,0.0,neutral,0.0,neutral,0
4271,neutral,neutral,0.0,neutral,0.0,neutral,0
4272,neutral,neutral,0.0,neutral,0.0,neutral,0
4273,neutral,neutral,0.0,neutral,0.0,neutral,0
4274,neutral,neutral,0.0,neutral,0.0,neutral,0
4275,neutral,neutral,0.0,neutral,0.0,neutral,0
4276,neutral,neutral,0.0,neutral,0.0,neutral,0
4277,neutral,neutral,0.0,neutral,0.0,neutral,0
4278,neutral,neutral,0.0,neutral,0.0,neutral,0
4279,neutral,neutral,0.0,neutral,0.0,neutral,0
4280,neutral,neutral,0.0,neutral,0.0,neutral,0
4281,neutral,neutral,0.0,neutral,0.0,neutral,0
4282,neutral,neutral,0.0,neutral,0.0,neutral,0
4283,neutral,neutral,0.0,neutral,0.0,neutral,0
4284,neutral,neutral,0.0,neutral,0.0,neutral,0
4285,neutral,neutral,0.0,neutral,0.0,neutral,0
4286,neutral,neutral,0.0,neutral,0.0,neutral,0
4287,neutral,neutral,0.0,neutral,0.0,neutral,0
4288,neutral,neutral,0.0,neutral,0.0,neutral,0
4289,neutral,neutral,0.0,neutral,0.0,neutral,0
4290,neutral,neutral,0.0,neutral,0.0,neutral,0
4291,neutral,neutral,0.0,neutral,0.0,neutral,0
4292,neutral,neutral,0.0,neutral,0.0,neutral,0
4293,neutral,neutral,0.0,neutral,0.0,neutral,0
4294,neutral,neutral,0.0,neutral,0.0,neutral,0
4295,neutral,neutral,0.0,neutral,0.0,neutral,0
4296,neutral,neutral,0.0,neutral,0.0,neutral,0
4297,neutral,neutral,0.0,neutral,0.0,neutral,0
4298,neutral,neutral,0.0,neutral,0.0,neutral,0
4299,neutral,neutral,0.0,neutral,0.0,neutral,0
4300,neutral,neutral,0.0,neutral,0.0,neutral,0
4301,neutral,neutral,0.0,neutral,0.0,neutral,0
4302,neutral,neutral,0.0,neutral,0.0,neutral,0
4303,neutral,neutral,0.0,neutral,0.0,neutral,0
4304,neutral,neutral,0.0,neutral,0.0,neutral,0
4305,neutral,neutral,0.0,neutral,0.0,neutral,0
4306,neutral,neutral,0.0,neutral,0.0,neutral,0
4307,neutral,neutral,0.0,neutral,0.0,neutral,0
4308,neutral,neutral,0.0,neutral,0.0,neutral,0
4309,neutral,neutral,0.0,neutral,0.0,neutral,0
4310,neutral,neutral,0.0,neutral,0.0,neutral,0
4311,neutral,neutral,0.0,neutral,0.0,neutral,0
4312,neutral,neutral,0.0,neutral,0.0,neutral,0
4313,neutral,neutral,0.0,neutral,0.0,neutral,0
4314,neutral,neutral,0.0,neutral,0.0,neutral,0
4315,neutral,neutral,0.0,neutral,0.0,neutral,0
4316,neutral,neutral,0.0,neutral,0.0,neutral,0
4317,neutral,neutral,0.0,neutral,0.0,neutral,0
4318,neutral,neutral,0.0,neutral,0.0,neutral,0
4319,neutral,neutral,0.0,neutral,0.0,neutral,0
4320,neutral,neutral,0.0,neutral,0.0,neutral,0
4321,neutral,neutral,0.0,neutral,0.0,neutral,0
4322,neutral,neutral,0.0,neutral,0.0,neutral,0
4323,neutral,neutral,0.0,neutral,0.0,neutral,0
4324,neutral,neutral,0.0,neutral,0.0,neutral,0
4325,neutral,neutral,0.0,neutral,0.0,neutral,0
4326,neutral,neutral,0.0,neutral,0.0,neutral,0
4327,neutral,neutral,0.0,neutral,0.0,neutral,0
4328,neutral,neutral,0.0,neutral,0.0,neutral,0
4329,neutral,neutral,0.0,neutral,0.0,neutral,0
4330,neutral,neutral,0.0,neutral,0.0,neutral,0
4331,neutral,neutral,0.0,neutral,0.0,neutral,0
4332,neutral,neutral,0.0,neutral,0.0,neutral,0
4333,neutral,neutral,0.0,neutral,0.0,neutral,0
4334,neutral,neutral,0.0,neutral,0.0,neutral,0
4335,neutral,neutral,0.0,neutral,0.0,neutral,0
4336,neutral,neutral,0.0,neutral,0.0,neutral,0
4337,neutral,neutral,0.0,neutral,0.0,neutral,0
4338,neutral,neutral,0.0,neutral,0.0,neutral,0
4339,neutral,neutral,0.0,neutral,0.0,neutral,0
4340,neutral,neutral,0.0,neutral,0.0,neutral,0
4341,neutral,neutral,0.0,neutral,0.0,neutral,0
4342,neutral,neutral,0.0,neutral,0.0,neutral,0
4343,neutral,neutral,0.0,neutral,0.0,neutral,0
4344,neutral,neutral,0.0,neutral,0.0,neutral,0
4345,neutral,neutral,0.0,neutral,0.0,neutral,0
4346,neutral,neutral,0.0,neutral,0.0,neutral,0
4347,neutral,neutral,0.0,neutral,0.0,neutral,0
4348,neutral,neutral,0.0,neutral,0.0,neutral,0
4349,neutral,neutral,0.0,neutral,0.0,neutral,0
4350,neutral,neutral,0.0,neutral,0.0,neutral,0
4351,neutral,neutral,0.0,neutral,0.0,neutral,0
4352,neutral,neutral,0.0,neutral,0.0,neutral,0
4353,neutral,neutral,0.0,neutral,0.0,neutral,0
4354,neutral,neutral,0.0,neutral,0.0,neutral,0
4355,neutral,neutral,0.0,neutral,0.0,neutral,0
4356,neutral,neutral,0.0,neutral,0.0,neutral,0
4357,neutral,neutral,0.0,neutral,0.0,neutral,0
4358,neutral,neutral,0.0,neutral,0.0,neutral,0
4359,neutral,neutral,0.0,neutral,0.0,neutral,0
4360,neutral,neutral,0.0,neutral,0.0,neutral,0
4361,neutral,neutral,0.0,neutral,0.0,neutral,0
4362,neutral,neutral,0.0,neutral,0.0,neutral,0
4363,neutral,neutral,0.0,neutral,0.0,neutral,0
4364,neutral,neutral,0.0,neutral,0.0,neutral,0
4365,neutral,neutral,0.0,neutral,0.0,neutral,0
4366,neutral,neutral,0.0,neutral,0.0,neutral,0
4367,neutral,neutral,0.0,neutral,0.0,neutral,0
4368,neutral,neutral,0.0,neutral,0.0,neutral,0
4369,neutral,neutral,0.0,neutral,0.0,neutral,0
4370,neutral,neutral,0.0,neutral,0.0,neutral,0
4371,neutral,neutral,0.0,neutral,0.0,neutral,0
4372,neutral,neutral,0.0,neutral,0.0,neutral,0
4373,neutral,neutral,0.0,neutral,0.0,neutral,0
4374,neutral,neutral,0.0,neutral,0.0,neutral,0
4375,neutral,neutral,0.0,neutral,0.0,neutral,0
4376,neutral,neutral,0.0,neutral,0.0,neutral,0
4377,neutral,neutral,0.0,neutral,0.0,neutral,0
4378,neutral,neutral,0.0,neutral,0.0,neutral,0
4379,neutral,neutral,0.0,neutral,0.0,neutral,0
4380,neutral,neutral,0.0,neutral,0.0,neutral,0
4381,neutral,neutral,0.0,neutral,0.0,neutral,0
4382,neutral,neutral,0.0,neutral,0.0,neutral,0
4383,neutral,neutral,0.0,neutral,0.0,neutral,0
4384,neutral,neutral,0.0,neutral,0.0,neutral,0
4385,neutral,neutral,0.0,neutral,0.0,neutral,0
4386,neutral,neutral,0.0,neutral,0.0,neutral,0
4387,neutral,neutral,0.0,neutral,0.0,neutral,0
4388,neutral,neutral,0.0,neutral,0.0,neutral,0
4389,neutral,neutral,0.0,neutral,0.0,neutral,0
4390,neutral,neutral,0.0,neutral,0.0,neutral,0
4391,neutral,neutral,0.0,neutral,0.0,neutral,0
4392,neutral,neutral,0.0,neutral,0.0,neutral,0
4393,neutral,neutral,0.0,neutral,0.0,neutral,0
4394,neutral,neutral,0.0,neutral,0.0,neutral,0
4395,neutral,neutral,0.0,neutral,0.0,neutral,0
4396,neutral,neutral,0.0,neutral,0.0,neutral,0
4397,neutral,neutral,0.0,neutral,0.0,neutral,0
4398,neutral,neutral,0.0,neutral,0.0,neutral,0
4399,neutral,neutral,0.0,neutral,0.0,neutral,0
4400,neutral,neutral,0.0,neutral,0.0,neutral,0
4401,neutral,neutral,0.0,neutral,0.0,neutral,0
4402,neutral,neutral,0.0,neutral,0.0,neutral,0
4403,neutral,neutral,0.0,neutral,0.0,neutral,0
4404,neutral,neutral,0.0,neutral,0.0,neutral,0
4405,neutral,neutral,0.0,neutral,0.0,neutral,0
4406,neutral,neutral,0.0,neutral,0.0,neutral,0
4407,neutral,neutral,0.0,neutral,0.0,neutral,0
4408,neutral,neutral,0.0,neutral,0.0,neutral,0
4409,neutral,neutral,0.0,neutral,0.0,neutral,0
4410,neutral,neutral,0.0,neutral,0.0,neutral,0
4411,neutral,neutral,0.0,neutral,0.0,neutral,0
4412,neutral,neutral,0.0,neutral,0.0,neutral,0
4413,neutral,neutral,0.0,neutral,0.0,neutral,0
4414,neutral,neutral,0.0,neutral,0.0,neutral,0
4415,neutral,neutral,0.0,neutral,0.0,neutral,0
4416,neutral,neutral,0.0,neutral,0.0,neutral,0
4417,neutral,neutral,0.0,neutral,0.0,neutral,0
4418,neutral,neutral,0.0,neutral,0.0,neutral,0
4419,neutral,neutral,0.0,neutral,0.0,neutral,0
4420,neutral,neutral,0.0,neutral,0.0,neutral,0
4421,neutral,neutral,0.0,neutral,0.0,neutral,0
4422,neutral,neutral,0.0,neutral,0.0,neutral,0
4423,neutral,neutral,0.0,neutral,0.0,neutral,0
4424,neutral,neutral,0.0,neutral,0.0,neutral,0
4425,neutral,neutral,0.0,neutral,0.0,neutral,0
4426,neutral,neutral,0.0,neutral,0.0,neutral,0
4427,neutral,neutral,0.0,neutral,0.0,neutral,0
4428,neutral,neutral,0.0,neutral,0.0,neutral,0
4429,neutral,neutral,0.0,neutral,0.0,neutral,0
4430,neutral,neutral,0.0,neutral,0.0,neutral,0
4431,neutral,neutral,0.0,neutral,0.0,neutral,0
4432,neutral,neutral,0.0,neutral,0.0,neutral,0
4433,neutral,neutral,0.0,neutral,0.0,neutral,0
4434,neutral,neutral,0.0,neutral,0.0,neutral,0
4435,neutral,neutral,0.0,neutral,0.0,neutral,0
4436,neutral,neutral,0.0,neutral,0.0,neutral,0
4437,neutral,neutral,0.0,neutral,0.0,neutral,0
4438,neutral,neutral,0.0,neutral,0.0,neutral,0
4439,neutral,neutral,0.0,neutral,0.0,neutral,0
4440,neutral,neutral,0.0,neutral,0.0,neutral,0
4441,neutral,neutral,0.0,neutral,0.0,neutral,0
4442,neutral,neutral,0.0,neutral,0.0,neutral,0
4443,neutral,neutral,0.0,neutral,0.0,neutral,0
4444,neutral,neutral,0.0,neutral,0.0,neutral,0
4445,neutral,neutral,0.0,neutral,0.0,neutral,0
4446,neutral,neutral,0.0,neutral,0.0,neutral,0
4447,neutral,neutral,0.0,neutral,0.0,neutral,0
4448,neutral,neutral,0.0,neutral,0.0,neutral,0
4449,neutral,neutral,0.0,neutral,0.0,neutral,0
4450,neutral,neutral,0.0,neutral,0.0,neutral,0
4451,neutral,neutral,0.0,neutral,0.0,neutral,0
4452,neutral,neutral,0.0,neutral,0.0,neutral,0
4453,neutral,neutral,0.0,neutral,0.0,neutral,0
4454,neutral,neutral,0.0,neutral,0.0,neutral,0
4455,neutral,neutral,0.0,neutral,0.0,neutral,0
4456,neutral,neutral,0.0,neutral,0.0,neutral,0
4457,neutral,neutral,0.0,neutral,0.0,neutral,0
4458,neutral,neutral,0.0,neutral,0.0,neutral,0
4459,neutral,neutral,0.0,neutral,0.0,neutral,0
4460,neutral,neutral,0.0,neutral,0.0,neutral,0
4461,neutral,neutral,0.0,neutral,0.0,neutral,0
4462,neutral,neutral,0.0,neutral,0.0,neutral,0
4463,neutral,neutral,0.0,neutral,0.0,neutral,0
4464,neutral,neutral,0.0,neutral,0.0,neutral,0
4465,neutral,neutral,0.0,neutral,0.0,neutral,0
4466,neutral,neutral,0.0,neutral,0.0,neutral,0
4467,neutral,neutral,0.0,neutral,0.0,neutral,0
4468,neutral,neutral,0.0,neutral,0.0,neutral,0
4469,neutral,neutral,0.0,neutral,0.0,neutral,0
4470,neutral,neutral,0.0,neutral,0.0,neutral,0
4471,neutral,neutral,0.0,neutral,0.0,neutral,0
4472,neutral,neutral,0.0,neutral,0.0,neutral,0
4473,neutral,neutral,0.0,neutral,0.0,neutral,0
4474,neutral,neutral,0.0,neutral,0.0,neutral,0
4475,neutral,neutral,0.0,neutral,0.0,neutral,0
4476,neutral,neutral,0.0,neutral,0.0,neutral,0
4477,neutral,neutral,0.0,neutral,0.0,neutral,0
4478,neutral,neutral,0.0,neutral,0.0,neutral,0
4479,neutral,neutral,0.0,neutral,0.0,neutral,0
4480,neutral,neutral,0.0,neutral,0.0,neutral,0
4481,neutral,neutral,0.0,neutral,0.0,neutral,0
4482,neutral,neutral,0.0,neutral,0.0,neutral,0
4483,neutral,neutral,0.0,neutral,0.0,neutral,0
4484,neutral,neutral,0.0,neutral,0.0,neutral,0
4485,neutral,neutral,0.0,neutral,0.0,neutral,0
4486,neutral,neutral,0.0,neutral,0.0,neutral,0
4487,neutral,neutral,0.0,neutral,0.0,neutral,0
4488,neutral,neutral,0.0,neutral,0.0,neutral,0
4489,neutral,neutral,0.0,neutral,0.0,neutral,0
4490,neutral,neutral,0.0,neutral,0.0,neutral,0
4491,neutral,neutral,0.0,neutral,0.0,neutral,0
4492,neutral,neutral,0.0,neutral,0.0,neutral,0
4493,neutral,neutral,0.0,neutral,0.0,neutral,0
4494,neutral,neutral,0.0,neutral,0.0,neutral,0
4495,neutral,neutral,0.0,neutral,0.0,neutral,0
4496,neutral,neutral,0.0,neutral,0.0,neutral,0
4497,neutral,neutral,0.0,neutral,0.0,neutral,0
4498,neutral,neutral,0.0,neutral,0.0,neutral,0
4499,neutral,neutral,0.0,neutral,0.0,neutral,0
4500,neutral,neutral,0.0,neutral,0.0,neutral,0
4501,neutral,neutral,0.0,neutral,0.0,neutral,0
4502,neutral,neutral,0.0,neutral,0.0,neutral,0
4503,neutral,neutral,0.0,neutral,0.0,neutral,0
4504,neutral,neutral,0.0,neutral,0.0,neutral,0
4505,neutral,neutral,0.0,neutral,0.0,neutral,0
4506,neutral,neutral,0.0,neutral,0.0,neutral,0
4507,neutral,neutral,0.0,neutral,0.0,neutral,0
4508,neutral,neutral,0.0,neutral,0.0,neutral,0
4509,neutral,neutral,0.0,neutral,0.0,neutral,0
4510,neutral,neutral,0.0,neutral,0.0,neutral,0
4511,neutral,neutral,0.0,neutral,0.0,neutral,0
4512,neutral,neutral,0.0,neutral,0.0,neutral,0
4513,neutral,neutral,0.0,neutral,0.0,neutral,0
4514,neutral,neutral,0.0,neutral,0.0,neutral,0
4515,neutral,neutral,0.0,neutral,0.0,neutral,0
4516,neutral,neutral,0.0,neutral,0.0,neutral,0
4517,neutral,neutral,0.0,neutral,0.0,neutral,0
4518,neutral,neutral,0.0,neutral,0.0,neutral,0
4519,neutral,neutral,0.0,neutral,0.0,neutral,0
4520,neutral,neutral,0.0,neutral,0.0,neutral,0
4521,neutral,neutral,0.0,neutral,0.0,neutral,0
4522,neutral,neutral,0.0,neutral,0.0,neutral,0
4523,neutral,neutral,0.0,neutral,0.0,neutral,0
4524,neutral,neutral,0.0,neutral,0.0,neutral,0
4525,neutral,neutral,0.0,neutral,0.0,neutral,0
4526,neutral,neutral,0.0,neutral,0.0,neutral,0
4527,neutral,neutral,0.0,neutral,0.0,neutral,0
4528,neutral,neutral,0.0,neutral,0.0,neutral,0
4529,neutral,neutral,0.0,neutral,0.0,neutral,0
4530,neutral,neutral,0.0,neutral,0.0,neutral,0
4531,neutral,neutral,0.0,neutral,0.0,neutral,0
4532,neutral,neutral,0.0,neutral,0.0,neutral,0
4533,neutral,neutral,0.0,neutral,0.0,neutral,0
4534,neutral,neutral,0.0,neutral,0.0,neutral,0
4535,neutral,neutral,0.0,neutral,0.0,neutral,0
4536,neutral,neutral,0.0,neutral,0.0,neutral,0
4537,neutral,neutral,0.0,neutral,0.0,neutral,0
4538,neutral,neutral,0.0,neutral,0.0,neutral,0
4539,neutral,neutral,0.0,neutral,0.0,neutral,0
4540,neutral,neutral,0.0,neutral,0.0,neutral,0
4541,neutral,neutral,0.0,neutral,0.0,neutral,0
4542,neutral,neutral,0.0,neutral,0.0,neutral,0
4543,neutral,neutral,0.0,neutral,0.0,neutral,0
4544,neutral,neutral,0.0,neutral,0.0,neutral,0
4545,neutral,neutral,0.0,neutral,0.0,neutral,0
4546,neutral,neutral,0.0,neutral,0.0,neutral,0
4547,neutral,neutral,0.0,neutral,0.0,neutral,0
4548,neutral,neutral,0.0,neutral,0.0,neutral,0
4549,neutral,neutral,0.0,neutral,0.0,neutral,0
4550,neutral,neutral,0.0,neutral,0.0,neutral,0
4551,neutral,neutral,0.0,neutral,0.0,neutral,0
4552,neutral,neutral,0.0,neutral,0.0,neutral,0
4553,neutral,neutral,0.0,neutral,0.0,neutral,0
4554,neutral,neutral,0.0,neutral,0.0,neutral,0
4555,neutral,neutral,0.0,neutral,0.0,neutral,0
4556,neutral,neutral,0.0,neutral,0.0,neutral,0
4557,neutral,neutral,0.0,neutral,0.0,neutral,0
4558,neutral,neutral,0.0,neutral,0.0,neutral,0
4559,neutral,neutral,0.0,neutral,0.0,neutral,0
4560,neutral,neutral,0.0,neutral,0.0,neutral,0
4561,neutral,neutral,0.0,neutral,0.0,neutral,0
4562,neutral,neutral,0.0,neutral,0.0,neutral,0
4563,neutral,neutral,0.0,neutral,0.0,neutral,0
4564,neutral,neutral,0.0,neutral,0.0,neutral,0
4565,neutral,neutral,0.0,neutral,0.0,neutral,0
4566,neutral,neutral,0.0,neutral,0.0,neutral,0
4567,neutral,neutral,0.0,neutral,0.0,neutral,0
4568,neutral,neutral,0.0,neutral,0.0,neutral,0
4569,neutral,neutral,0.0,neutral,0.0,neutral,0
4570,neutral,neutral,0.0,neutral,0.0,neutral,0
4571,neutral,neutral,0.0,neutral,0.0,neutral,0
4572,neutral,neutral,0.0,neutral,0.0,neutral,0
4573,neutral,neutral,0.0,neutral,0.0,neutral,0
4574,neutral,neutral,0.0,neutral,0.0,neutral,0
4575,neutral,neutral,0.0,neutral,0.0,neutral,0
4576,neutral,neutral,0.0,neutral,0.0,neutral,0
4577,neutral,neutral,0.0,neutral,0.0,neutral,0
4578,neutral,neutral,0.0,neutral,0.0,neutral,0
4579,neutral,neutral,0.0,neutral,0.0,neutral,0
4580,neutral,neutral,0.0,neutral,0.0,neutral,0
4581,neutral,neutral,0.0,neutral,0.0,neutral,0
4582,neutral,neutral,0.0,neutral,0.0,neutral,0
4583,neutral,neutral,0.0,neutral,0.0,neutral,0
4584,neutral,neutral,0.0,neutral,0.0,neutral,0
4585,neutral,neutral,0.0,neutral,0.0,neutral,0
4586,neutral,neutral,0.0,neutral,0.0,neutral,0
4587,neutral,neutral,0.0,neutral,0.0,neutral,0
4588,neutral,neutral,0.0,neutral,0.0,neutral,0
4589,neutral,neutral,0.0,neutral,0.0,neutral,0
4590,neutral,neutral,0.0,neutral,0.0,neutral,0
4591,neutral,neutral,0.0,neutral,0.0,neutral,0
4592,neutral,neutral,0.0,neutral,0.0,neutral,0
4593,neutral,neutral,0.0,neutral,0.0,neutral,0
4594,neutral,neutral,0.0,neutral,0.0,neutral,0
4595,neutral,neutral,0.0,neutral,0.0,neutral,0
4596,neutral,neutral,0.0,neutral,0.0,neutral,0
4597,neutral,neutral,0.0,neutral,0.0,neutral,0
4598,neutral,neutral,0.0,neutral,0.0,neutral,0
4599,neutral,neutral,0.0,neutral,0.0,neutral,0
4600,neutral,neutral,0.0,neutral,0.0,neutral,0
4601,neutral,neutral,0.0,neutral,0.0,neutral,0
4602,neutral,neutral,0.0,neutral,0.0,neutral,0
4603,neutral,neutral,0.0,neutral,0.0,neutral,0
4604,neutral,neutral,0.0,neutral,0.0,neutral,0
4605,neutral,neutral,0.0,neutral,0.0,neutral,0
4606,neutral,neutral,0.0,neutral,0.0,neutral,0
4607,neutral,neutral,0.0,neutral,0.0,neutral,0
4608,neutral,neutral,0.0,neutral,0.0,neutral,0
4609,neutral,neutral,0.0,neutral,0.0,neutral,0
4610,neutral,neutral,0.0,neutral,0.0,neutral,0
4611,neutral,neutral,0.0,neutral,0.0,neutral,0
4612,neutral,neutral,0.0,neutral,0.0,neutral,0
4613,neutral,neutral,0.0,neutral,0.0,neutral,0
4614,neutral,neutral,0.0,neutral,0.0,neutral,0
4615,neutral,neutral,0.0,neutral,0.0,neutral,0
4616,neutral,neutral,0.0,neutral,0.0,neutral,0
4617,neutral,neutral,0.0,neutral,0.0,neutral,0
4618,neutral,neutral,0.0,neutral,0.0,neutral,0
4619,neutral,neutral,0.0,neutral,0.0,neutral,0
4620,neutral,neutral,0.0,neutral,0.0,neutral,0
4621,neutral,neutral,0.0,neutral,0.0,neutral,0
4622,neutral,neutral,0.0,neutral,0.0,neutral,0
4623,neutral,neutral,0.0,neutral,0.0,neutral,0
4624,neutral,neutral,0.0,neutral,0.0,neutral,0
4625,neutral,neutral,0.0,neutral,0.0,neutral,0
4626,neutral,neutral,0.0,neutral,0.0,neutral,0
4627,neutral,neutral,0.0,neutral,0.0,neutral,0
4628,neutral,neutral,0.0,neutral,0.0,neutral,0
4629,neutral,neutral,0.0,neutral,0.0,neutral,0
4630,neutral,neutral,0.0,neutral,0.0,neutral,0
4631,neutral,neutral,0.0,neutral,0.0,neutral,0
4632,neutral,neutral,0.0,neutral,0.0,neutral,0
4633,neutral,neutral,0.0,neutral,0.0,neutral,0
4634,neutral,neutral,0.0,neutral,0.0,neutral,0
4635,neutral,neutral,0.0,neutral,0.0,neutral,0
4636,neutral,neutral,0.0,neutral,0.0,neutral,0
4637,neutral,neutral,0.0,neutral,0.0,neutral,0
4638,neutral,neutral,0.0,neutral,0.0,neutral,0
4639,neutral,neutral,0.0,neutral,0.0,neutral,0
4640,neutral,neutral,0.0,neutral,0.0,neutral,0
4641,neutral,neutral,0.0,neutral,0.0,neutral,0
4642,neutral,neutral,0.0,neutral,0.0,neutral,0
4643,neutral,neutral,0.0,neutral,0.0,neutral,0
4644,neutral,neutral,0.0,neutral,0.0,neutral,0
4645,neutral,neutral,0.0,neutral,0.0,neutral,0
4646,neutral,neutral,0.0,neutral,0.0,neutral,0
4647,neutral,neutral,0.0,neutral,0.0,neutral,0
4648,neutral,neutral,0.0,neutral,0.0,neutral,0
4649,neutral,neutral,0.0,neutral,0.0,neutral,0
4650,neutral,neutral,0.0,neutral,0.0,neutral,0
4651,neutral,neutral,0.0,neutral,0.0,neutral,0
4652,neutral,neutral,0.0,neutral,0.0,neutral,0
4653,neutral,neutral,0.0,neutral,0.0,neutral,0
4654,neutral,neutral,0.0,neutral,0.0,neutral,0
4655,neutral,neutral,0.0,neutral,0.0,neutral,0
4656,neutral,neutral,0.0,neutral,0.0,neutral,0
4657,neutral,neutral,0.0,neutral,0.0,neutral,0
4658,neutral,neutral,0.0,neutral,0.0,neutral,0
4659,neutral,neutral,0.0,neutral,0.0,neutral,0
4660,neutral,neutral,0.0,neutral,0.0,neutral,0
4661,neutral,neutral,0.0,neutral,0.0,neutral,0
4662,neutral,neutral,0.0,neutral,0.0,neutral,0
4663,neutral,neutral,0.0,neutral,0.0,neutral,0
4664,neutral,neutral,0.0,neutral,0.0,neutral,0
4665,neutral,neutral,0.0,neutral,0.0,neutral,0
4666,neutral,neutral,0.0,neutral,0.0,neutral,0
4667,neutral,neutral,0.0,neutral,0.0,neutral,0
4668,neutral,neutral,0.0,neutral,0.0,neutral,0
4669,neutral,neutral,0.0,neutral,0.0,neutral,0
4670,neutral,neutral,0.0,neutral,0.0,neutral,0
4671,neutral,neutral,0.0,neutral,0.0,neutral,0
4672,neutral,neutral,0.0,neutral,0.0,neutral,0
4673,neutral,neutral,0.0,neutral,0.0,neutral,0
4674,neutral,neutral,0.0,neutral,0.0,neutral,0
4675,neutral,neutral,0.0,neutral,0.0,neutral,0
4676,neutral,neutral,0.0,neutral,0.0,neutral,0
4677,neutral,neutral,0.0,neutral,0.0,neutral,0
4678,neutral,neutral,0.0,neutral,0.0,neutral,0
4679,neutral,neutral,0.0,neutral,0.0,neutral,0
4680,neutral,neutral,0.0,neutral,0.0,neutral,0
4681,neutral,neutral,0.0,neutral,0.0,neutral,0
4682,neutral,neutral,0.0,neutral,0.0,neutral,0
4683,neutral,neutral,0.0,neutral,0.0,neutral,0
4684,neutral,neutral,0.0,neutral,0.0,neutral,0
4685,neutral,neutral,0.0,neutral,0.0,neutral,0
4686,neutral,neutral,0.0,neutral,0.0,neutral,0
4687,neutral,neutral,0.0,neutral,0.0,neutral,0
4688,neutral,neutral,0.0,neutral,0.0,neutral,0
4689,neutral,neutral,0.0,neutral,0.0,neutral,0
4690,neutral,neutral,0.0,neutral,0.0,neutral,0
4691,neutral,neutral,0.0,neutral,0.0,neutral,0
4692,neutral,neutral,0.0,neutral,0.0,neutral,0
4693,neutral,neutral,0.0,neutral,0.0,neutral,0
4694,neutral,neutral,0.0,neutral,0.0,neutral,0
4695,neutral,neutral,0.0,neutral,0.0,neutral,0
4696,neutral,neutral,0.0,neutral,0.0,neutral,0
4697,neutral,neutral,0.0,neutral,0.0,neutral,0
4698,neutral,neutral,0.0,neutral,0.0,neutral,0
4699,neutral,neutral,0.0,neutral,0.0,neutral,0
4700,neutral,neutral,0.0,neutral,0.0,neutral,0
4701,neutral,neutral,0.0,neutral,0.0,neutral,0
4702,neutral,neutral,0.0,neutral,0.0,neutral,0
4703,neutral,neutral,0.0,neutral,0.0,neutral,0
4704,neutral,neutral,0.0,neutral,0.0,neutral,0
4705,neutral,neutral,0.0,neutral,0.0,neutral,0
4706,neutral,neutral,0.0,neutral,0.0,neutral,0
4707,neutral,neutral,0.0,neutral,0.0,neutral,0
4708,neutral,neutral,0.0,neutral,0.0,neutral,0
4709,neutral,neutral,0.0,neutral,0.0,neutral,0
4710,neutral,neutral,0.0,neutral,0.0,neutral,0
4711,neutral,neutral,0.0,neutral,0.0,neutral,0
4712,neutral,neutral,0.0,neutral,0.0,neutral,0
4713,neutral,neutral,0.0,neutral,0.0,neutral,0
4714,neutral,neutral,0.0,neutral,0.0,neutral,0
4715,neutral,neutral,0.0,neutral,0.0,neutral,0
4716,neutral,neutral,0.0,neutral,0.0,neutral,0
4717,neutral,neutral,0.0,neutral,0.0,neutral,0
4718,neutral,neutral,0.0,neutral,0.0,neutral,0
4719,neutral,neutral,0.0,neutral,0.0,neutral,0
4720,neutral,neutral,0.0,neutral,0.0,neutral,0
4721,neutral,neutral,0.0,neutral,0.0,neutral,0
4722,neutral,neutral,0.0,neutral,0.0,neutral,0
4723,neutral,neutral,0.0,neutral,0.0,neutral,0
4724,neutral,neutral,0.0,neutral,0.0,neutral,0
4725,neutral,neutral,0.0,neutral,0.0,neutral,0
4726,neutral,neutral,0.0,neutral,0.0,neutral,0
4727,neutral,neutral,0.0,neutral,0.0,neutral,0
4728,neutral,neutral,0.0,neutral,0.0,neutral,0
4729,neutral,neutral,0.0,neutral,0.0,neutral,0
4730,neutral,neutral,0.0,neutral,0.0,neutral,0
4731,neutral,neutral,0.0,neutral,0.0,neutral,0
4732,neutral,neutral,0.0,neutral,0.0,neutral,0
4733,neutral,neutral,0.0,neutral,0.0,neutral,0
4734,neutral,neutral,0.0,neutral,0.0,neutral,0
4735,neutral,neutral,0.0,neutral,0.0,neutral,0
4736,neutral,neutral,0.0,neutral,0.0,neutral,0
4737,neutral,neutral,0.0,neutral,0.0,neutral,0
4738,neutral,neutral,0.0,neutral,0.0,neutral,0
4739,neutral,neutral,0.0,neutral,0.0,neutral,0
4740,neutral,neutral,0.0,neutral,0.0,neutral,0
4741,neutral,neutral,0.0,neutral,0.0,neutral,0
4742,neutral,neutral,0.0,neutral,0.0,neutral,0
4743,neutral,neutral,0.0,neutral,0.0,neutral,0
4744,neutral,neutral,0.0,neutral,0.0,neutral,0
4745,neutral,neutral,0.0,neutral,0.0,neutral,0
4746,neutral,neutral,0.0,neutral,0.0,neutral,0
4747,neutral,neutral,0.0,neutral,0.0,neutral,0
4748,neutral,neutral,0.0,neutral,0.0,neutral,0
4749,neutral,neutral,0.0,neutral,0.0,neutral,0
4750,neutral,neutral,0.0,neutral,0.0,neutral,0
4751,neutral,neutral,0.0,neutral,0.0,neutral,0
4752,neutral,neutral,0.0,neutral,0.0,neutral,0
4753,neutral,neutral,0.0,neutral,0.0,neutral,0
4754,neutral,neutral,0.0,neutral,0.0,neutral,0
4755,neutral,neutral,0.0,neutral,0.0,neutral,0
4756,neutral,neutral,0.0,neutral,0.0,neutral,0
4757,neutral,neutral,0.0,neutral,0.0,neutral,0
4758,neutral,neutral,0.0,neutral,0.0,neutral,0
4759,neutral,neutral,0.0,neutral,0.0,neutral,0
4760,neutral,neutral,0.0,neutral,0.0,neutral,0
4761,neutral,neutral,0.0,neutral,0.0,neutral,0
4762,neutral,neutral,0.0,neutral,0.0,neutral,0
4763,neutral,neutral,0.0,neutral,0.0,neutral,0
4764,neutral,neutral,0.0,neutral,0.0,neutral,0
4765,neutral,neutral,0.0,neutral,0.0,neutral,0
4766,neutral,neutral,0.0,neutral,0.0,neutral,0
4767,neutral,neutral,0.0,neutral,0.0,neutral,0
4768,neutral,neutral,0.0,neutral,0.0,neutral,0
4769,neutral,neutral,0.0,neutral,0.0,neutral,0
4770,neutral,neutral,0.0,neutral,0.0,neutral,0
4771,neutral,neutral,0.0,neutral,0.0,neutral,0
4772,neutral,neutral,0.0,neutral,0.0,neutral,0
4773,neutral,neutral,0.0,neutral,0.0,neutral,0
4774,neutral,neutral,0.0,neutral,0.0,neutral,0
4775,neutral,neutral,0.0,neutral,0.0,neutral,0
4776,neutral,neutral,0.0,neutral,0.0,neutral,0
4777,neutral,neutral,0.0,neutral,0.0,neutral,0
4778,neutral,neutral,0.0,neutral,0.0,neutral,0
4779,neutral,neutral,0.0,neutral,0.0,neutral,0
4780,neutral,neutral,0.0,neutral,0.0,neutral,0
4781,neutral,neutral,0.0,neutral,0.0,neutral,0
4782,neutral,neutral,0.0,neutral,0.0,neutral,0
4783,neutral,neutral,0.0,neutral,0.0,neutral,0
4784,neutral,neutral,0.0,neutral,0.0,neutral,0
4785,neutral,neutral,0.0,neutral,0.0,neutral,0
4786,neutral,neutral,0.0,neutral,0.0,neutral,0
4787,neutral,neutral,0.0,neutral,0.0,neutral,0
4788,neutral,neutral,0.0,neutral,0.0,neutral,0
4789,neutral,neutral,0.0,neutral,0.0,neutral,0
4790,neutral,neutral,0.0,neutral,0.0,neutral,0
4791,neutral,neutral,0.0,neutral,0.0,neutral,0
4792,neutral,neutral,0.0,neutral,0.0,neutral,0
4793,neutral,neutral,0.0,neutral,0.0,neutral,0
4794,neutral,neutral,0.0,neutral,0.0,neutral,0
4795,neutral,neutral,0.0,neutral,0.0,neutral,0
4796,neutral,neutral,0.0,neutral,0.0,neutral,0
4797,neutral,neutral,0.0,neutral,0.0,neutral,0
4798,neutral,neutral,0.0,neutral,0.0,neutral,0
4799,neutral,neutral,0.0,neutral,0.0,neutral,0
4800,neutral,neutral,0.0,neutral,0.0,neutral,0
4801,neutral,neutral,0.0,neutral,0.0,neutral,0
4802,neutral,neutral,0.0,neutral,0.0,neutral,0
4803,neutral,neutral,0.0,neutral,0.0,neutral,0
4804,neutral,neutral,0.0,neutral,0.0,neutral,0
4805,neutral,neutral,0.0,neutral,0.0,neutral,0
4806,neutral,neutral,0.0,neutral,0.0,neutral,0
4807,neutral,neutral,0.0,neutral,0.0,neutral,0
4808,neutral,neutral,0.0,neutral,0.0,neutral,0
4809,neutral,neutral,0.0,neutral,0.0,neutral,0
4810,neutral,neutral,0.0,neutral,0.0,neutral,0
4811,neutral,neutral,0.0,neutral,0.0,neutral,0
4812,neutral,neutral,0.0,neutral,0.0,neutral,0
4813,neutral,neutral,0.0,neutral,0.0,neutral,0
4814,neutral,neutral,0.0,neutral,0.0,neutral,0
4815,neutral,neutral,0.0,neutral,0.0,neutral,0
4816,neutral,neutral,0.0,neutral,0.0,neutral,0
4817,neutral,neutral,0.0,neutral,0.0,neutral,0
4818,neutral,neutral,0.0,neutral,0.0,neutral,0
4819,neutral,neutral,0.0,neutral,0.0,neutral,0
4820,neutral,neutral,0.0,neutral,0.0,neutral,0
4821,neutral,neutral,0.0,neutral,0.0,neutral,0
4822,neutral,neutral,0.0,neutral,0.0,neutral,0
4823,neutral,neutral,0.0,neutral,0.0,neutral,0
4824,neutral,neutral,0.0,neutral,0.0,neutral,0
4825,neutral,neutral,0.0,neutral,0.0,neutral,0
4826,neutral,neutral,0.0,neutral,0.0,neutral,0
4827,neutral,neutral,0.0,neutral,0.0,neutral,0
4828,neutral,neutral,0.0,neutral,0.0,neutral,0
4829,neutral,neutral,0.0,neutral,0.0,neutral,0
4830,neutral,neutral,0.0,neutral,0.0,neutral,0
4831,neutral,neutral,0.0,neutral,0.0,neutral,0
4832,neutral,neutral,0.0,neutral,0.0,neutral,0
4833,neutral,neutral,0.0,neutral,0.0,neutral,0
4834,neutral,neutral,0.0,neutral,0.0,neutral,0
4835,neutral,neutral,0.0,neutral,0.0,neutral,0
4836,neutral,neutral,0.0,neutral,0.0,neutral,0
4837,neutral,neutral,0.0,neutral,0.0,neutral,0
4838,neutral,neutral,0.0,neutral,0.0,neutral,0
4839,neutral,neutral,0.0,neutral,0.0,neutral,0
4840,neutral,neutral,0.0,neutral,0.0,neutral,0
4841,neutral,neutral,0.0,neutral,0.0,neutral,0
4842,neutral,neutral,0.0,neutral,0.0,neutral,0
4843,neutral,neutral,0.0,neutral,0.0,neutral,0
4844,neutral,neutral,0.0,neutral,0.0,neutral,0
4845,neutral,neutral,0.0,neutral,0.0,neutral,0
4846,neutral,neutral,0.0,neutral,0.0,neutral,0
4847,neutral,neutral,0.0,neutral,0.0,neutral,0
4848,neutral,neutral,0.0,neutral,0.0,neutral,0
4849,neutral,neutral,0.0,neutral,0.0,neutral,0
4850,neutral,neutral,0.0,neutral,0.0,neutral,0
4851,neutral,neutral,0.0,neutral,0.0,neutral,0
4852,neutral,neutral,0.0,neutral,0.0,neutral,0
4853,neutral,neutral,0.0,neutral,0.0,neutral,0
4854,neutral,neutral,0.0,neutral,0.0,neutral,0
4855,neutral,neutral,0.0,neutral,0.0,neutral,0
4856,neutral,neutral,0.0,neutral,0.0,neutral,0
4857,neutral,neutral,0.0,neutral,0.0,neutral,0
4858,neutral,neutral,0.0,neutral,0.0,neutral,0
4859,neutral,neutral,0.0,neutral,0.0,neutral,0
4860,neutral,neutral,0.0,neutral,0.0,neutral,0
4861,neutral,neutral,0.0,neutral,0.0,neutral,0
4862,neutral,neutral,0.0,neutral,0.0,neutral,0
4863,neutral,neutral,0.0,neutral,0.0,neutral,0
4864,neutral,neutral,0.0,neutral,0.0,neutral,0
4865,neutral,neutral,0.0,neutral,0.0,neutral,0
4866,neutral,neutral,0.0,neutral,0.0,neutral,0
4867,neutral,neutral,0.0,neutral,0.0,neutral,0
4868,neutral,neutral,0.0,neutral,0.0,neutral,0
4869,neutral,neutral,0.0,neutral,0.0,neutral,0
4870,neutral,neutral,0.0,neutral,0.0,neutral,0
4871,neutral,neutral,0.0,neutral,0.0,neutral,0
4872,neutral,neutral,0.0,neutral,0.0,neutral,0
4873,neutral,neutral,0.0,neutral,0.0,neutral,0
4874,neutral,neutral,0.0,neutral,0.0,neutral,0
4875,neutral,neutral,0.0,neutral,0.0,neutral,0
4876,neutral,neutral,0.0,neutral,0.0,neutral,0
4877,neutral,neutral,0.0,neutral,0.0,neutral,0
4878,neutral,neutral,0.0,neutral,0.0,neutral,0
4879,neutral,neutral,0.0,neutral,0.0,neutral,0
4880,neutral,neutral,0.0,neutral,0.0,neutral,0
4881,neutral,neutral,0.0,neutral,0.0,neutral,0
4882,neutral,neutral,0.0,neutral,0.0,neutral,0
4883,neutral,neutral,0.0,neutral,0.0,neutral,0
4884,neutral,neutral,0.0,neutral,0.0,neutral,0
4885,neutral,neutral,0.0,neutral,0.0,neutral,0
4886,neutral,neutral,0.0,neutral,0.0,neutral,0
4887,neutral,neutral,0.0,neutral,0.0,neutral,0
4888,neutral,neutral,0.0,neutral,0.0,neutral,0
4889,neutral,neutral,0.0,neutral,0.0,neutral,0
4890,neutral,neutral,0.0,neutral,0.0,neutral,0
4891,neutral,neutral,0.0,neutral,0.0,neutral,0
4892,neutral,neutral,0.0,neutral,0.0,neutral,0
4893,neutral,neutral,0.0,neutral,0.0,neutral,0
4894,neutral,neutral,0.0,neutral,0.0,neutral,0
4895,neutral,neutral,0.0,neutral,0.0,neutral,0
4896,neutral,neutral,0.0,neutral,0.0,neutral,0
4897,neutral,neutral,0.0,neutral,0.0,neutral,0
4898,neutral,neutral,0.0,neutral,0.0,neutral,0
4899,neutral,neutral,0.0,neutral,0.0,neutral,0
4900,neutral,neutral,0.0,neutral,0.0,neutral,0
4901,neutral,neutral,0.0,neutral,0.0,neutral,0
4902,neutral,neutral,0.0,neutral,0.0,neutral,0
4903,neutral,neutral,0.0,neutral,0.0,neutral,0
4904,neutral,neutral,0.0,neutral,0.0,neutral,0
4905,neutral,neutral,0.0,neutral,0.0,neutral,0
4906,neutral,neutral,0.0,neutral,0.0,neutral,0
4907,neutral,neutral,0.0,neutral,0.0,neutral,0
4908,neutral,neutral,0.0,neutral,0.0,neutral,0
4909,neutral,neutral,0.0,neutral,0.0,neutral,0
4910,neutral,neutral,0.0,neutral,0.0,neutral,0
4911,neutral,neutral,0.0,neutral,0.0,neutral,0
4912,neutral,neutral,0.0,neutral,0.0,neutral,0
4913,neutral,neutral,0.0,neutral,0.0,neutral,0
4914,neutral,neutral,0.0,neutral,0.0,neutral,0
4915,neutral,neutral,0.0,neutral,0.0,neutral,0
4916,neutral,neutral,0.0,neutral,0.0,neutral,0
4917,neutral,neutral,0.0,neutral,0.0,neutral,0
4918,neutral,neutral,0.0,neutral,0.0,neutral,0
4919,neutral,neutral,0.0,neutral,0.0,neutral,0
4920,neutral,neutral,0.0,neutral,0.0,neutral,0
4921,neutral,neutral,0.0,neutral,0.0,neutral,0
4922,neutral,neutral,0.0,neutral,0.0,neutral,0
4923,neutral,neutral,0.0,neutral,0.0,neutral,0
4924,neutral,neutral,0.0,neutral,0.0,neutral,0
4925,neutral,neutral,0.0,neutral,0.0,neutral,0
4926,neutral,neutral,0.0,neutral,0.0,neutral,0
4927,neutral,neutral,0.0,neutral,0.0,neutral,0
4928,neutral,neutral,0.0,neutral,0.0,neutral,0
4929,neutral,neutral,0.0,neutral,0.0,neutral,0
4930,neutral,neutral,0.0,neutral,0.0,neutral,0
4931,neutral,neutral,0.0,neutral,0.0,neutral,0
4932,neutral,neutral,0.0,neutral,0.0,neutral,0
4933,neutral,neutral,0.0,neutral,0.0,neutral,0
4934,neutral,neutral,0.0,neutral,0.0,neutral,0
4935,neutral,neutral,0.0,neutral,0.0,neutral,0
4936,neutral,neutral,0.0,neutral,0.0,neutral,0
4937,neutral,neutral,0.0,neutral,0.0,neutral,0
4938,neutral,neutral,0.0,neutral,0.0,neutral,0
4939,neutral,neutral,0.0,neutral,0.0,neutral,0
4940,neutral,neutral,0.0,neutral,0.0,neutral,0
4941,neutral,neutral,0.0,neutral,0.0,neutral,0
4942,neutral,neutral,0.0,neutral,0.0,neutral,0
4943,neutral,neutral,0.0,neutral,0.0,neutral,0
4944,neutral,neutral,0.0,neutral,0.0,neutral,0
4945,neutral,neutral,0.0,neutral,0.0,neutral,0
4946,neutral,neutral,0.0,neutral,0.0,neutral,0
4947,neutral,neutral,0.0,neutral,0.0,neutral,0
4948,neutral,neutral,0.0,neutral,0.0,neutral,0
4949,neutral,neutral,0.0,neutral,0.0,neutral,0
4950,neutral,neutral,0.0,neutral,0.0,neutral,0
4951,neutral,neutral,0.0,neutral,0.0,neutral,0
4952,neutral,neutral,0.0,neutral,0.0,neutral,0
4953,neutral,neutral,0.0,neutral,0.0,neutral,0
4954,neutral,neutral,0.0,neutral,0.0,neutral,0
4955,neutral,neutral,0.0,neutral,0.0,neutral,0
4956,neutral,neutral,0.0,neutral,0.0,neutral,0
4957,neutral,neutral,0.0,neutral,0.0,neutral,0
4958,neutral,neutral,0.0,neutral,0.0,neutral,0
4959,neutral,neutral,0.0,neutral,0.0,neutral,0
4960,neutral,neutral,0.0,neutral,0.0,neutral,0
4961,neutral,neutral,0.0,neutral,0.0,neutral,0
4962,neutral,neutral,0.0,neutral,0.0,neutral,0
4963,neutral,neutral,0.0,neutral,0.0,neutral,0
4964,neutral,neutral,0.0,neutral,0.0,neutral,0
4965,neutral,neutral,0.0,neutral,0.0,neutral,0
4966,neutral,neutral,0.0,neutral,0.0,neutral,0
4967,neutral,neutral,0.0,neutral,0.0,neutral,0
4968,neutral,neutral,0.0,neutral,0.0,neutral,0
4969,neutral,neutral,0.0,neutral,0.0,neutral,0
4970,neutral,neutral,0.0,neutral,0.0,neutral,0
4971,neutral,neutral,0.0,neutral,0.0,neutral,0
4972,neutral,neutral,0.0,neutral,0.0,neutral,0
4973,neutral,neutral,0.0,neutral,0.0,neutral,0
4974,neutral,neutral,0.0,neutral,0.0,neutral,0
4975,neutral,neutral,0.0,neutral,0.0,neutral,0
4976,neutral,neutral,0.0,neutral,0.0,neutral,0
4977,neutral,neutral,0.0,neutral,0.0,neutral,0
4978,neutral,neutral,0.0,neutral,0.0,neutral,0
4979,neutral,neutral,0.0,neutral,0.0,neutral,0
4980,neutral,neutral,0.0,neutral,0.0,neutral,0
4981,neutral,neutral,0.0,neutral,0.0,neutral,0
4982,neutral,neutral,0.0,neutral,0.0,neutral,0
4983,neutral,neutral,0.0,neutral,0.0,neutral,0
4984,neutral,neutral,0.0,neutral,0.0,neutral,0
4985,neutral,neutral,0.0,neutral,0.0,neutral,0
4986,neutral,neutral,0.0,neutral,0.0,neutral,0
4987,neutral,neutral,0.0,neutral,0.0,neutral,0
4988,neutral,neutral,0.0,neutral,0.0,neutral,0
4989,neutral,neutral,0.0,neutral,0.0,neutral,0
4990,neutral,neutral,0.0,neutral,0.0,neutral,0
4991,neutral,neutral,0.0,neutral,0.0,neutral,0
4992,neutral,neutral,0.0,neutral,0.0,neutral,0
4993,neutral,neutral,0.0,neutral,0.0,neutral,0
4994,neutral,neutral,0.0,neutral,0.0,neutral,0
4995,neutral,neutral,0.0,neutral,0.0,neutral,0
4996,neutral,neutral,0.0,neutral,0.0,neutral,0
4997,neutral,neutral,0.0,neutral,0.0,neutral,0
4998,neutral,neutral,0.0,neutral,0.0,neutral,0
4999,neutral,neutral,0.0,neutral,0.0,neutral,0
5000,neutral,neutral,0.0,neutral,0.0,neutral,0
5001,neutral,neutral,0.0,neutral,0.0,neutral,0
5002,neutral,neutral,0.0,neutral,0.0,neutral,0
5003,neutral,neutral,0.0,neutral,0.0,neutral,0
5004,neutral,neutral,0.0,neutral,0.0,neutral,0
5005,neutral,neutral,0.0,neutral,0.0,neutral,0
5006,neutral,neutral,0.0,neutral,0.0,neutral,0
5007,neutral,neutral,0.0,neutral,0.0,neutral,0
5008,neutral,neutral,0.0,neutral,0.0,neutral,0
5009,neutral,neutral,0.0,neutral,0.0,neutral,0
5010,neutral,neutral,0.0,neutral,0.0,neutral,0
5011,neutral,neutral,0.0,neutral,0.0,neutral,0
5012,neutral,neutral,0.0,neutral,0.0,neutral,0
5013,neutral,neutral,0.0,neutral,0.0,neutral,0
5014,neutral,neutral,0.0,neutral,0.0,neutral,0
5015,neutral,neutral,0.0,neutral,0.0,neutral,0
5016,neutral,neutral,0.0,neutral,0.0,neutral,0
5017,neutral,neutral,0.0,neutral,0.0,neutral,0
5018,neutral,neutral,0.0,neutral,0.0,neutral,0
5019,neutral,neutral,0.0,neutral,0.0,neutral,0
5020,neutral,neutral,0.0,neutral,0.0,neutral,0
5021,neutral,neutral,0.0,neutral,0.0,neutral,0
5022,neutral,neutral,0.0,neutral,0.0,neutral,0
5023,neutral,neutral,0.0,neutral,0.0,neutral,0
5024,neutral,neutral,0.0,neutral,0.0,neutral,0
5025,neutral,neutral,0.0,neutral,0.0,neutral,0
5026,neutral,neutral,0.0,neutral,0.0,neutral,0
5027,neutral,neutral,0.0,neutral,0.0,neutral,0
5028,neutral,neutral,0.0,neutral,0.0,neutral,0
5029,neutral,neutral,0.0,neutral,0.0,neutral,0
5030,neutral,neutral,0.0,neutral,0.0,neutral,0
5031,neutral,neutral,0.0,neutral,0.0,neutral,0
5032,neutral,neutral,0.0,neutral,0.0,neutral,0
5033,neutral,neutral,0.0,neutral,0.0,neutral,0
5034,neutral,neutral,0.0,neutral,0.0,neutral,0
5035,neutral,neutral,0.0,neutral,0.0,neutral,0
5036,neutral,neutral,0.0,neutral,0.0,neutral,0
5037,neutral,neutral,0.0,neutral,0.0,neutral,0
5038,neutral,neutral,0.0,neutral,0.0,neutral,0
5039,neutral,neutral,0.0,neutral,0.0,neutral,0
5040,neutral,neutral,0.0,neutral,0.0,neutral,0
5041,neutral,neutral,0.0,neutral,0.0,neutral,0
5042,neutral,neutral,0.0,neutral,0.0,neutral,0
5043,neutral,neutral,0.0,neutral,0.0,neutral,0
5044,neutral,neutral,0.0,neutral,0.0,neutral,0
5045,neutral,neutral,0.0,neutral,0.0,neutral,0
5046,neutral,neutral,0.0,neutral,0.0,neutral,0
5047,neutral,neutral,0.0,neutral,0.0,neutral,0
5048,neutral,neutral,0.0,neutral,0.0,neutral,0
5049,neutral,neutral,0.0,neutral,0.0,neutral,0
5050,neutral,neutral,0.0,neutral,0.0,neutral,0
5051,neutral,neutral,0.0,neutral,0.0,neutral,0
5052,neutral,neutral,0.0,neutral,0.0,neutral,0
5053,neutral,neutral,0.0,neutral,0.0,neutral,0
5054,neutral,neutral,0.0,neutral,0.0,neutral,0
5055,neutral,neutral,0.0,neutral,0.0,neutral,0
5056,neutral,neutral,0.0,neutral,0.0,neutral,0
5057,neutral,neutral,0.0,neutral,0.0,neutral,0
5058,neutral,neutral,0.0,neutral,0.0,neutral,0
5059,neutral,neutral,0.0,neutral,0.0,neutral,0
5060,neutral,neutral,0.0,neutral,0.0,neutral,0
5061,neutral,neutral,0.0,neutral,0.0,neutral,0
5062,neutral,neutral,0.0,neutral,0.0,neutral,0
5063,neutral,neutral,0.0,neutral,0.0,neutral,0
5064,neutral,neutral,0.0,neutral,0.0,neutral,0
5065,neutral,neutral,0.0,neutral,0.0,neutral,0
5066,neutral,neutral,0.0,neutral,0.0,neutral,0
5067,neutral,neutral,0.0,neutral,0.0,neutral,0
5068,neutral,neutral,0.0,neutral,0.0,neutral,0
5069,neutral,neutral,0.0,neutral,0.0,neutral,0
5070,neutral,neutral,0.0,neutral,0.0,neutral,0
5071,neutral,neutral,0.0,neutral,0.0,neutral,0
5072,neutral,neutral,0.0,neutral,0.0,neutral,0
5073,neutral,neutral,0.0,neutral,0.0,neutral,0
5074,neutral,neutral,0.0,neutral,0.0,neutral,0
5075,neutral,neutral,0.0,neutral,0.0,neutral,0
5076,neutral,neutral,0.0,neutral,0.0,neutral,0
5077,neutral,neutral,0.0,neutral,0.0,neutral,0
5078,neutral,neutral,0.0,neutral,0.0,neutral,0
5079,neutral,neutral,0.0,neutral,0.0,neutral,0
5080,neutral,neutral,0.0,neutral,0.0,neutral,0
5081,neutral,neutral,0.0,neutral,0.0,neutral,0
5082,neutral,neutral,0.0,neutral,0.0,neutral,0
5083,neutral,neutral,0.0,neutral,0.0,neutral,0
5084,neutral,neutral,0.0,neutral,0.0,neutral,0
5085,neutral,neutral,0.0,neutral,0.0,neutral,0
5086,neutral,neutral,0.0,neutral,0.0,neutral,0
5087,neutral,neutral,0.0,neutral,0.0,neutral,0
5088,neutral,neutral,0.0,neutral,0.0,neutral,0
5089,neutral,neutral,0.0,neutral,0.0,neutral,0
5090,neutral,neutral,0.0,neutral,0.0,neutral,0
5091,neutral,neutral,0.0,neutral,0.0,neutral,0
5092,neutral,neutral,0.0,neutral,0.0,neutral,0
5093,neutral,neutral,0.0,neutral,0.0,neutral,0
5094,neutral,neutral,0.0,neutral,0.0,neutral,0
5095,neutral,neutral,0.0,neutral,0.0,neutral,0
5096,neutral,neutral,0.0,neutral,0.0,neutral,0
5097,neutral,neutral,0.0,neutral,0.0,neutral,0
5098,neutral,neutral,0.0,neutral,0.0,neutral,0
5099,neutral,neutral,0.0,neutral,0.0,neutral,0
5100,neutral,neutral,0.0,neutral,0.0,neutral,0
5101,neutral,neutral,0.0,neutral,0.0,neutral,0
5102,neutral,neutral,0.0,neutral,0.0,neutral,0
5103,neutral,neutral,0.0,neutral,0.0,neutral,0
5104,neutral,neutral,0.0,neutral,0.0,neutral,0
5105,neutral,neutral,0.0,neutral,0.0,neutral,0
5106,neutral,neutral,0.0,neutral,0.0,neutral,0
5107,neutral,neutral,0.0,neutral,0.0,neutral,0
5108,neutral,neutral,0.0,neutral,0.0,neutral,0
5109,neutral,neutral,0.0,neutral,0.0,neutral,0
5110,neutral,neutral,0.0,neutral,0.0,neutral,0
5111,neutral,neutral,0.0,neutral,0.0,neutral,0
5112,neutral,neutral,0.0,neutral,0.0,neutral,0
5113,neutral,neutral,0.0,neutral,0.0,neutral,0
5114,neutral,neutral,0.0,neutral,0.0,neutral,0
5115,neutral,neutral,0.0,neutral,0.0,neutral,0
5116,neutral,neutral,0.0,neutral,0.0,neutral,0
5117,neutral,neutral,0.0,neutral,0.0,neutral,0
5118,neutral,neutral,0.0,neutral,0.0,neutral,0
5119,neutral,neutral,0.0,neutral,0.0,neutral,0
5120,neutral,neutral,0.0,neutral,0.0,neutral,0
5121,neutral,neutral,0.0,neutral,0.0,neutral,0
5122,neutral,neutral,0.0,neutral,0.0,neutral,0
5123,neutral,neutral,0.0,neutral,0.0,neutral,0
5124,neutral,neutral,0.0,neutral,0.0,neutral,0
5125,neutral,neutral,0.0,neutral,0.0,neutral,0
5126,neutral,neutral,0.0,neutral,0.0,neutral,0
5127,neutral,neutral,0.0,neutral,0.0,neutral,0
5128,neutral,neutral,0.0,neutral,0.0,neutral,0
5129,neutral,neutral,0.0,neutral,0.0,neutral,0
5130,neutral,neutral,0.0,neutral,0.0,neutral,0
5131,neutral,neutral,0.0,neutral,0.0,neutral,0
5132,neutral,neutral,0.0,neutral,0.0,neutral,0
5133,neutral,neutral,0.0,neutral,0.0,neutral,0
5134,neutral,neutral,0.0,neutral,0.0,neutral,0
5135,neutral,neutral,0.0,neutral,0.0,neutral,0
5136,neutral,neutral,0.0,neutral,0.0,neutral,0
5137,neutral,neutral,0.0,neutral,0.0,neutral,0
5138,neutral,neutral,0.0,neutral,0.0,neutral,0
5139,neutral,neutral,0.0,neutral,0.0,neutral,0
5140,neutral,neutral,0.0,neutral,0.0,neutral,0
5141,neutral,neutral,0.0,neutral,0.0,neutral,0
5142,neutral,neutral,0.0,neutral,0.0,neutral,0
5143,neutral,neutral,0.0,neutral,0.0,neutral,0
5144,neutral,neutral,0.0,neutral,0.0,neutral,0
5145,neutral,neutral,0.0,neutral,0.0,neutral,0
5146,neutral,neutral,0.0,neutral,0.0,neutral,0
5147,neutral,neutral,0.0,neutral,0.0,neutral,0
5148,neutral,neutral,0.0,neutral,0.0,neutral,0
5149,neutral,neutral,0.0,neutral,0.0,neutral,0
5150,neutral,neutral,0.0,neutral,0.0,neutral,0
5151,neutral,neutral,0.0,neutral,0.0,neutral,0
5152,neutral,neutral,0.0,neutral,0.0,neutral,0
5153,neutral,neutral,0.0,neutral,0.0,neutral,0
5154,neutral,neutral,0.0,neutral,0.0,neutral,0
5155,neutral,neutral,0.0,neutral,0.0,neutral,0
5156,neutral,neutral,0.0,neutral,0.0,neutral,0
5157,neutral,neutral,0.0,neutral,0.0,neutral,0
5158,neutral,neutral,0.0,neutral,0.0,neutral,0
5159,neutral,neutral,0.0,neutral,0.0,neutral,0
5160,neutral,neutral,0.0,neutral,0.0,neutral,0
5161,neutral,neutral,0.0,neutral,0.0,neutral,0
5162,neutral,neutral,0.0,neutral,0.0,neutral,0
5163,neutral,neutral,0.0,neutral,0.0,neutral,0
5164,neutral,neutral,0.0,neutral,0.0,neutral,0
5165,neutral,neutral,0.0,neutral,0.0,neutral,0
5166,neutral,neutral,0.0,neutral,0.0,neutral,0
5167,neutral,neutral,0.0,neutral,0.0,neutral,0
5168,neutral,neutral,0.0,neutral,0.0,neutral,0
5169,neutral,neutral,0.0,neutral,0.0,neutral,0
5170,neutral,neutral,0.0,neutral,0.0,neutral,0
5171,neutral,neutral,0.0,neutral,0.0,neutral,0
5172,neutral,neutral,0.0,neutral,0.0,neutral,0
5173,neutral,neutral,0.0,neutral,0.0,neutral,0
5174,neutral,neutral,0.0,neutral,0.0,neutral,0
5175,neutral,neutral,0.0,neutral,0.0,neutral,0
5176,neutral,neutral,0.0,neutral,0.0,neutral,0
5177,neutral,neutral,0.0,neutral,0.0,neutral,0
5178,neutral,neutral,0.0,neutral,0.0,neutral,0
5179,neutral,neutral,0.0,neutral,0.0,neutral,0
5180,neutral,neutral,0.0,neutral,0.0,neutral,0
5181,neutral,neutral,0.0,neutral,0.0,neutral,0
5182,neutral,neutral,0.0,neutral,0.0,neutral,0
5183,neutral,neutral,0.0,neutral,0.0,neutral,0
5184,neutral,neutral,0.0,neutral,0.0,neutral,0
5185,neutral,neutral,0.0,neutral,0.0,neutral,0
5186,neutral,neutral,0.0,neutral,0.0,neutral,0
5187,neutral,neutral,0.0,neutral,0.0,neutral,0
5188,neutral,neutral,0.0,neutral,0.0,neutral,0
5189,neutral,neutral,0.0,neutral,0.0,neutral,0
5190,neutral,neutral,0.0,neutral,0.0,neutral,0
5191,neutral,neutral,0.0,neutral,0.0,neutral,0
5192,neutral,neutral,0.0,neutral,0.0,neutral,0
5193,neutral,neutral,0.0,neutral,0.0,neutral,0
5194,neutral,neutral,0.0,neutral,0.0,neutral,0
5195,neutral,neutral,0.0,neutral,0.0,neutral,0
5196,neutral,neutral,0.0,neutral,0.0,neutral,0
5197,neutral,neutral,0.0,neutral,0.0,neutral,0
5198,neutral,neutral,0.0,neutral,0.0,neutral,0
5199,neutral,neutral,0.0,neutral,0.0,neutral,0
5200,neutral,neutral,0.0,neutral,0.0,neutral,0
5201,neutral,neutral,0.0,neutral,0.0,neutral,0
5202,neutral,neutral,0.0,neutral,0.0,neutral,0
5203,neutral,neutral,0.0,neutral,0.0,neutral,0
5204,neutral,neutral,0.0,neutral,0.0,neutral,0
5205,neutral,neutral,0.0,neutral,0.0,neutral,0
5206,neutral,neutral,0.0,neutral,0.0,neutral,0
5207,neutral,neutral,0.0,neutral,0.0,neutral,0
5208,neutral,neutral,0.0,neutral,0.0,neutral,0
5209,neutral,neutral,0.0,neutral,0.0,neutral,0
5210,neutral,neutral,0.0,neutral,0.0,neutral,0
5211,neutral,neutral,0.0,neutral,0.0,neutral,0
5212,neutral,neutral,0.0,neutral,0.0,neutral,0
5213,neutral,neutral,0.0,neutral,0.0,neutral,0
5214,neutral,neutral,0.0,neutral,0.0,neutral,0
5215,neutral,neutral,0.0,neutral,0.0,neutral,0
5216,neutral,neutral,0.0,neutral,0.0,neutral,0
5217,neutral,neutral,0.0,neutral,0.0,neutral,0
5218,neutral,neutral,0.0,neutral,0.0,neutral,0
5219,neutral,neutral,0.0,neutral,0.0,neutral,0
5220,neutral,neutral,0.0,neutral,0.0,neutral,0
5221,neutral,neutral,0.0,neutral,0.0,neutral,0
5222,neutral,neutral,0.0,neutral,0.0,neutral,0
5223,neutral,neutral,0.0,neutral,0.0,neutral,0
5224,neutral,neutral,0.0,neutral,0.0,neutral,0
5225,neutral,neutral,0.0,neutral,0.0,neutral,0
5226,neutral,neutral,0.0,neutral,0.0,neutral,0
5227,neutral,neutral,0.0,neutral,0.0,neutral,0
5228,neutral,neutral,0.0,neutral,0.0,neutral,0
5229,neutral,neutral,0.0,neutral,0.0,neutral,0
5230,neutral,neutral,0.0,neutral,0.0,neutral,0
5231,neutral,neutral,0.0,neutral,0.0,neutral,0
5232,neutral,neutral,0.0,neutral,0.0,neutral,0
5233,neutral,neutral,0.0,neutral,0.0,neutral,0
5234,neutral,neutral,0.0,neutral,0.0,neutral,0
5235,neutral,neutral,0.0,neutral,0.0,neutral,0
5236,neutral,neutral,0.0,neutral,0.0,neutral,0
5237,neutral,neutral,0.0,neutral,0.0,neutral,0
5238,neutral,neutral,0.0,neutral,0.0,neutral,0
5239,neutral,neutral,0.0,neutral,0.0,neutral,0
5240,neutral,neutral,0.0,neutral,0.0,neutral,0
5241,neutral,neutral,0.0,neutral,0.0,neutral,0
5242,neutral,neutral,0.0,neutral,0.0,neutral,0
5243,neutral,neutral,0.0,neutral,0.0,neutral,0
5244,neutral,neutral,0.0,neutral,0.0,neutral,0
5245,neutral,neutral,0.0,neutral,0.0,neutral,0
5246,neutral,neutral,0.0,neutral,0.0,neutral,0
5247,neutral,neutral,0.0,neutral,0.0,neutral,0
5248,neutral,neutral,0.0,neutral,0.0,neutral,0
5249,neutral,neutral,0.0,neutral,0.0,neutral,0
5250,neutral,neutral,0.0,neutral,0.0,neutral,0
5251,neutral,neutral,0.0,neutral,0.0,neutral,0
5252,neutral,neutral,0.0,neutral,0.0,neutral,0
5253,neutral,neutral,0.0,neutral,0.0,neutral,0
5254,neutral,neutral,0.0,neutral,0.0,neutral,0
5255,neutral,neutral,0.0,neutral,0.0,neutral,0
5256,neutral,neutral,0.0,neutral,0.0,neutral,0
5257,neutral,neutral,0.0,neutral,0.0,neutral,0
5258,neutral,neutral,0.0,neutral,0.0,neutral,0
5259,neutral,neutral,0.0,neutral,0.0,neutral,0
5260,neutral,neutral,0.0,neutral,0.0,neutral,0
5261,neutral,neutral,0.0,neutral,0.0,neutral,0
5262,neutral,neutral,0.0,neutral,0.0,neutral,0
5263,neutral,neutral,0.0,neutral,0.0,neutral,0
5264,neutral,neutral,0.0,neutral,0.0,neutral,0
5265,neutral,neutral,0.0,neutral,0.0,neutral,0
5266,neutral,neutral,0.0,neutral,0.0,neutral,0
5267,neutral,neutral,0.0,neutral,0.0,neutral,0
5268,neutral,neutral,0.0,neutral,0.0,neutral,0
5269,neutral,neutral,0.0,neutral,0.0,neutral,0
5270,neutral,neutral,0.0,neutral,0.0,neutral,0
5271,neutral,neutral,0.0,neutral,0.0,neutral,0
5272,neutral,neutral,0.0,neutral,0.0,neutral,0
5273,neutral,neutral,0.0,neutral,0.0,neutral,0
5274,neutral,neutral,0.0,neutral,0.0,neutral,0
5275,neutral,neutral,0.0,neutral,0.0,neutral,0
5276,neutral,neutral,0.0,neutral,0.0,neutral,0
5277,neutral,neutral,0.0,neutral,0.0,neutral,0
5278,neutral,neutral,0.0,neutral,0.0,neutral,0
5279,neutral,neutral,0.0,neutral,0.0,neutral,0
5280,neutral,neutral,0.0,neutral,0.0,neutral,0
5281,neutral,neutral,0.0,neutral,0.0,neutral,0
5282,neutral,neutral,0.0,neutral,0.0,neutral,0
5283,neutral,neutral,0.0,neutral,0.0,neutral,0
5284,neutral,neutral,0.0,neutral,0.0,neutral,0
5285,neutral,neutral,0.0,neutral,0.0,neutral,0
5286,neutral,neutral,0.0,neutral,0.0,neutral,0
5287,neutral,neutral,0.0,neutral,0.0,neutral,0
5288,neutral,neutral,0.0,neutral,0.0,neutral,0
5289,neutral,neutral,0.0,neutral,0.0,neutral,0
5290,neutral,neutral,0.0,neutral,0.0,neutral,0
5291,neutral,neutral,0.0,neutral,0.0,neutral,0
5292,neutral,neutral,0.0,neutral,0.0,neutral,0
5293,neutral,neutral,0.0,neutral,0.0,neutral,0
5294,neutral,neutral,0.0,neutral,0.0,neutral,0
5295,neutral,neutral,0.0,neutral,0.0,neutral,0
5296,neutral,neutral,0.0,neutral,0.0,neutral,0
5297,neutral,neutral,0.0,neutral,0.0,neutral,0
5298,neutral,neutral,0.0,neutral,0.0,neutral,0
5299,neutral,neutral,0.0,neutral,0.0,neutral,0
5300,neutral,neutral,0.0,neutral,0.0,neutral,0
5301,neutral,neutral,0.0,neutral,0.0,neutral,0
5302,neutral,neutral,0.0,neutral,0.0,neutral,0
5303,neutral,neutral,0.0,neutral,0.0,neutral,0
5304,neutral,neutral,0.0,neutral,0.0,neutral,0
5305,neutral,neutral,0.0,neutral,0.0,neutral,0
5306,neutral,neutral,0.0,neutral,0.0,neutral,0
5307,neutral,neutral,0.0,neutral,0.0,neutral,0
5308,neutral,neutral,0.0,neutral,0.0,neutral,0
5309,neutral,neutral,0.0,neutral,0.0,neutral,0
5310,neutral,neutral,0.0,neutral,0.0,neutral,0
5311,neutral,neutral,0.0,neutral,0.0,neutral,0
5312,neutral,neutral,0.0,neutral,0.0,neutral,0
5313,neutral,neutral,0.0,neutral,0.0,neutral,0
5314,neutral,neutral,0.0,neutral,0.0,neutral,0
5315,neutral,neutral,0.0,neutral,0.0,neutral,0
5316,neutral,neutral,0.0,neutral,0.0,neutral,0
5317,neutral,neutral,0.0,neutral,0.0,neutral,0
5318,neutral,neutral,0.0,neutral,0.0,neutral,0
5319,neutral,neutral,0.0,neutral,0.0,neutral,0
5320,neutral,neutral,0.0,neutral,0.0,neutral,0
5321,neutral,neutral,0.0,neutral,0.0,neutral,0
5322,neutral,neutral,0.0,neutral,0.0,neutral,0
5323,neutral,neutral,0.0,neutral,0.0,neutral,0
5324,neutral,neutral,0.0,neutral,0.0,neutral,0
5325,neutral,neutral,0.0,neutral,0.0,neutral,0
5326,neutral,neutral,0.0,neutral,0.0,neutral,0
5327,neutral,neutral,0.0,neutral,0.0,neutral,0
5328,neutral,neutral,0.0,neutral,0.0,neutral,0
5329,neutral,neutral,0.0,neutral,0.0,neutral,0
5330,neutral,neutral,0.0,neutral,0.0,neutral,0
5331,neutral,neutral,0.0,neutral,0.0,neutral,0
5332,neutral,neutral,0.0,neutral,0.0,neutral,0
5333,neutral,neutral,0.0,neutral,0.0,neutral,0
5334,neutral,neutral,0.0,neutral,0.0,neutral,0
5335,neutral,neutral,0.0,neutral,0.0,neutral,0
5336,neutral,neutral,0.0,neutral,0.0,neutral,0
5337,neutral,neutral,0.0,neutral,0.0,neutral,0
5338,neutral,neutral,0.0,neutral,0.0,neutral,0
5339,neutral,neutral,0.0,neutral,0.0,neutral,0
5340,neutral,neutral,0.0,neutral,0.0,neutral,0
5341,neutral,neutral,0.0,neutral,0.0,neutral,0
5342,neutral,neutral,0.0,neutral,0.0,neutral,0
5343,neutral,neutral,0.0,neutral,0.0,neutral,0
5344,neutral,neutral,0.0,neutral,0.0,neutral,0
5345,neutral,neutral,0.0,neutral,0.0,neutral,0
5346,neutral,neutral,0.0,neutral,0.0,neutral,0
5347,neutral,neutral,0.0,neutral,0.0,neutral,0
5348,neutral,neutral,0.0,neutral,0.0,neutral,0
5349,neutral,neutral,0.0,neutral,0.0,neutral,0
5350,neutral,neutral,0.0,neutral,0.0,neutral,0
5351,neutral,neutral,0.0,neutral,0.0,neutral,0
5352,neutral,neutral,0.0,neutral,0.0,neutral,0
5353,neutral,neutral,0.0,neutral,0.0,neutral,0
5354,neutral,neutral,0.0,neutral,0.0,neutral,0
5355,neutral,neutral,0.0,neutral,0.0,neutral,0
5356,neutral,neutral,0.0,neutral,0.0,neutral,0
5357,neutral,neutral,0.0,neutral,0.0,neutral,0
5358,neutral,neutral,0.0,neutral,0.0,neutral,0
5359,neutral,neutral,0.0,neutral,0.0,neutral,0
5360,neutral,neutral,0.0,neutral,0.0,neutral,0
5361,neutral,neutral,0.0,neutral,0.0,neutral,0
5362,neutral,neutral,0.0,neutral,0.0,neutral,0
5363,neutral,neutral,0.0,neutral,0.0,neutral,0
5364,neutral,neutral,0.0,neutral,0.0,neutral,0
5365,neutral,neutral,0.0,neutral,0.0,neutral,0
5366,neutral,neutral,0.0,neutral,0.0,neutral,0
5367,neutral,neutral,0.0,neutral,0.0,neutral,0
5368,neutral,neutral,0.0,neutral,0.0,neutral,0
5369,neutral,neutral,0.0,neutral,0.0,neutral,0
5370,neutral,neutral,0.0,neutral,0.0,neutral,0
5371,neutral,neutral,0.0,neutral,0.0,neutral,0
5372,neutral,neutral,0.0,neutral,0.0,neutral,0
5373,neutral,neutral,0.0,neutral,0.0,neutral,0
5374,neutral,neutral,0.0,neutral,0.0,neutral,0
5375,neutral,neutral,0.0,neutral,0.0,neutral,0
5376,neutral,neutral,0.0,neutral,0.0,neutral,0
5377,neutral,neutral,0.0,neutral,0.0,neutral,0
5378,neutral,neutral,0.0,neutral,0.0,neutral,0
5379,neutral,neutral,0.0,neutral,0.0,neutral,0
5380,neutral,neutral,0.0,neutral,0.0,neutral,0
5381,neutral,neutral,0.0,neutral,0.0,neutral,0
5382,neutral,neutral,0.0,neutral,0.0,neutral,0
5383,neutral,neutral,0.0,neutral,0.0,neutral,0
5384,neutral,neutral,0.0,neutral,0.0,neutral,0
5385,neutral,neutral,0.0,neutral,0.0,neutral,0
5386,neutral,neutral,0.0,neutral,0.0,neutral,0
5387,neutral,neutral,0.0,neutral,0.0,neutral,0
5388,neutral,neutral,0.0,neutral,0.0,neutral,0
5389,neutral,neutral,0.0,neutral,0.0,neutral,0
5390,neutral,neutral,0.0,neutral,0.0,neutral,0
5391,neutral,neutral,0.0,neutral,0.0,neutral,0
5392,neutral,neutral,0.0,neutral,0.0,neutral,0
5393,neutral,neutral,0.0,neutral,0.0,neutral,0
5394,neutral,neutral,0.0,neutral,0.0,neutral,0
5395,neutral,neutral,0.0,neutral,0.0,neutral,0
5396,neutral,neutral,0.0,neutral,0.0,neutral,0
5397,neutral,neutral,0.0,neutral,0.0,neutral,0
5398,neutral,neutral,0.0,neutral,0.0,neutral,0
5399,neutral,neutral,0.0,neutral,0.0,neutral,0
5400,neutral,neutral,0.0,neutral,0.0,neutral,0
5401,neutral,neutral,0.0,neutral,0.0,neutral,0
5402,neutral,neutral,0.0,neutral,0.0,neutral,0
5403,neutral,neutral,0.0,neutral,0.0,neutral,0
5404,neutral,neutral,0.0,neutral,0.0,neutral,0
5405,neutral,neutral,0.0,neutral,0.0,neutral,0
5406,neutral,neutral,0.0,neutral,0.0,neutral,0
5407,neutral,neutral,0.0,neutral,0.0,neutral,0
5408,neutral,neutral,0.0,neutral,0.0,neutral,0
5409,neutral,neutral,0.0,neutral,0.0,neutral,0
5410,neutral,neutral,0.0,neutral,0.0,neutral,0
5411,neutral,neutral,0.0,neutral,0.0,neutral,0
5412,neutral,neutral,0.0,neutral,0.0,neutral,0
5413,neutral,neutral,0.0,neutral,0.0,neutral,0
5414,neutral,neutral,0.0,neutral,0.0,neutral,0
5415,neutral,neutral,0.0,neutral,0.0,neutral,0
5416,neutral,neutral,0.0,neutral,0.0,neutral,0
5417,neutral,neutral,0.0,neutral,0.0,neutral,0
5418,neutral,neutral,0.0,neutral,0.0,neutral,0
5419,neutral,neutral,0.0,neutral,0.0,neutral,0
5420,neutral,neutral,0.0,neutral,0.0,neutral,0
5421,neutral,neutral,0.0,neutral,0.0,neutral,0
5422,neutral,neutral,0.0,neutral,0.0,neutral,0
5423,neutral,neutral,0.0,neutral,0.0,neutral,0
5424,neutral,neutral,0.0,neutral,0.0,neutral,0
5425,neutral,neutral,0.0,neutral,0.0,neutral,0
5426,neutral,neutral,0.0,neutral,0.0,neutral,0
5427,neutral,neutral,0.0,neutral,0.0,neutral,0
5428,neutral,neutral,0.0,neutral,0.0,neutral,0
5429,neutral,neutral,0.0,neutral,0.0,neutral,0
5430,neutral,neutral,0.0,neutral,0.0,neutral,0
5431,neutral,neutral,0.0,neutral,0.0,neutral,0
5432,neutral,neutral,0.0,neutral,0.0,neutral,0
5433,neutral,neutral,0.0,neutral,0.0,neutral,0
5434,neutral,neutral,0.0,neutral,0.0,neutral,0
5435,neutral,neutral,0.0,neutral,0.0,neutral,0
5436,neutral,neutral,0.0,neutral,0.0,neutral,0
5437,neutral,neutral,0.0,neutral,0.0,neutral,0
5438,neutral,neutral,0.0,neutral,0.0,neutral,0
5439,neutral,neutral,0.0,neutral,0.0,neutral,0
5440,neutral,neutral,0.0,neutral,0.0,neutral,0
5441,neutral,neutral,0.0,neutral,0.0,neutral,0
5442,neutral,neutral,0.0,neutral,0.0,neutral,0
5443,neutral,neutral,0.0,neutral,0.0,neutral,0
5444,neutral,neutral,0.0,neutral,0.0,neutral,0
5445,neutral,neutral,0.0,neutral,0.0,neutral,0
5446,neutral,neutral,0.0,neutral,0.0,neutral,0
5447,neutral,neutral,0.0,neutral,0.0,neutral,0
5448,neutral,neutral,0.0,neutral,0.0,neutral,0
5449,neutral,neutral,0.0,neutral,0.0,neutral,0
5450,neutral,neutral,0.0,neutral,0.0,neutral,0
5451,neutral,neutral,0.0,neutral,0.0,neutral,0
5452,neutral,neutral,0.0,neutral,0.0,neutral,0
5453,neutral,neutral,0.0,neutral,0.0,neutral,0
5454,neutral,neutral,0.0,neutral,0.0,neutral,0
5455,neutral,neutral,0.0,neutral,0.0,neutral,0
5456,neutral,neutral,0.0,neutral,0.0,neutral,0
5457,neutral,neutral,0.0,neutral,0.0,neutral,0
5458,neutral,neutral,0.0,neutral,0.0,neutral,0
5459,neutral,neutral,0.0,neutral,0.0,neutral,0
5460,neutral,neutral,0.0,neutral,0.0,neutral,0
5461,neutral,neutral,0.0,neutral,0.0,neutral,0
5462,neutral,neutral,0.0,neutral,0.0,neutral,0
5463,neutral,neutral,0.0,neutral,0.0,neutral,0
5464,neutral,neutral,0.0,neutral,0.0,neutral,0
5465,neutral,neutral,0.0,neutral,0.0,neutral,0
5466,neutral,neutral,0.0,neutral,0.0,neutral,0
5467,neutral,neutral,0.0,neutral,0.0,neutral,0
5468,neutral,neutral,0.0,neutral,0.0,neutral,0
5469,neutral,neutral,0.0,neutral,0.0,neutral,0
5470,neutral,neutral,0.0,neutral,0.0,neutral,0
5471,neutral,neutral,0.0,neutral,0.0,neutral,0
5472,neutral,neutral,0.0,neutral,0.0,neutral,0
5473,neutral,neutral,0.0,neutral,0.0,neutral,0
5474,neutral,neutral,0.0,neutral,0.0,neutral,0
5475,neutral,neutral,0.0,neutral,0.0,neutral,0
5476,neutral,neutral,0.0,neutral,0.0,neutral,0
5477,neutral,neutral,0.0,neutral,0.0,neutral,0
5478,neutral,neutral,0.0,neutral,0.0,neutral,0
5479,neutral,neutral,0.0,neutral,0.0,neutral,0
5480,neutral,neutral,0.0,neutral,0.0,neutral,0
5481,neutral,neutral,0.0,neutral,0.0,neutral,0
5482,neutral,neutral,0.0,neutral,0.0,neutral,0
5483,neutral,neutral,0.0,neutral,0.0,neutral,0
5484,neutral,neutral,0.0,neutral,0.0,neutral,0
5485,neutral,neutral,0.0,neutral,0.0,neutral,0
5486,neutral,neutral,0.0,neutral,0.0,neutral,0
5487,neutral,neutral,0.0,neutral,0.0,neutral,0
5488,neutral,neutral,0.0,neutral,0.0,neutral,0
5489,neutral,neutral,0.0,neutral,0.0,neutral,0
5490,neutral,neutral,0.0,neutral,0.0,neutral,0
5491,neutral,neutral,0.0,neutral,0.0,neutral,0
5492,neutral,neutral,0.0,neutral,0.0,neutral,0
5493,neutral,neutral,0.0,neutral,0.0,neutral,0
5494,neutral,neutral,0.0,neutral,0.0,neutral,0
5495,neutral,neutral,0.0,neutral,0.0,neutral,0
5496,neutral,neutral,0.0,neutral,0.0,neutral,0
5497,neutral,neutral,0.0,neutral,0.0,neutral,0
5498,neutral,neutral,0.0,neutral,0.0,neutral,0
5499,neutral,neutral,0.0,neutral,0.0,neutral,0
5500,neutral,neutral,0.0,neutral,0.0,neutral,0
5501,neutral,neutral,0.0,neutral,0.0,neutral,0
5502,neutral,neutral,0.0,neutral,0.0,neutral,0
5503,neutral,neutral,0.0,neutral,0.0,neutral,0
5504,neutral,neutral,0.0,neutral,0.0,neutral,0
5505,neutral,neutral,0.0,neutral,0.0,neutral,0
5506,neutral,neutral,0.0,neutral,0.0,neutral,0
5507,neutral,neutral,0.0,neutral,0.0,neutral,0
5508,neutral,neutral,0.0,neutral,0.0,neutral,0
5509,neutral,neutral,0.0,neutral,0.0,neutral,0
5510,neutral,neutral,0.0,neutral,0.0,neutral,0
5511,neutral,neutral,0.0,neutral,0.0,neutral,0
5512,neutral,neutral,0.0,neutral,0.0,neutral,0
5513,neutral,neutral,0.0,neutral,0.0,neutral,0
5514,neutral,neutral,0.0,neutral,0.0,neutral,0
5515,neutral,neutral,0.0,neutral,0.0,neutral,0
5516,neutral,neutral,0.0,neutral,0.0,neutral,0
5517,neutral,neutral,0.0,neutral,0.0,neutral,0
5518,neutral,neutral,0.0,neutral,0.0,neutral,0
5519,neutral,neutral,0.0,neutral,0.0,neutral,0
5520,neutral,neutral,0.0,neutral,0.0,neutral,0
5521,neutral,neutral,0.0,neutral,0.0,neutral,0
5522,neutral,neutral,0.0,neutral,0.0,neutral,0
5523,neutral,neutral,0.0,neutral,0.0,neutral,0
5524,neutral,neutral,0.0,neutral,0.0,neutral,0
5525,neutral,neutral,0.0,neutral,0.0,neutral,0
5526,neutral,neutral,0.0,neutral,0.0,neutral,0
5527,neutral,neutral,0.0,neutral,0.0,neutral,0
5528,neutral,neutral,0.0,neutral,0.0,neutral,0
5529,neutral,neutral,0.0,neutral,0.0,neutral,0
5530,neutral,neutral,0.0,neutral,0.0,neutral,0
5531,neutral,neutral,0.0,neutral,0.0,neutral,0
5532,neutral,neutral,0.0,neutral,0.0,neutral,0
5533,neutral,neutral,0.0,neutral,0.0,neutral,0
5534,neutral,neutral,0.0,neutral,0.0,neutral,0
5535,neutral,neutral,0.0,neutral,0.0,neutral,0
5536,neutral,neutral,0.0,neutral,0.0,neutral,0
5537,neutral,neutral,0.0,neutral,0.0,neutral,0
5538,neutral,neutral,0.0,neutral,0.0,neutral,0
5539,neutral,neutral,0.0,neutral,0.0,neutral,0
5540,neutral,neutral,0.0,neutral,0.0,neutral,0
5541,neutral,neutral,0.0,neutral,0.0,neutral,0
5542,neutral,neutral,0.0,neutral,0.0,neutral,0
5543,neutral,neutral,0.0,neutral,0.0,neutral,0
5544,neutral,neutral,0.0,neutral,0.0,neutral,0
5545,neutral,neutral,0.0,neutral,0.0,neutral,0
5546,neutral,neutral,0.0,neutral,0.0,neutral,0
5547,neutral,neutral,0.0,neutral,0.0,neutral,0
5548,neutral,neutral,0.0,neutral,0.0,neutral,0
5549,neutral,neutral,0.0,neutral,0.0,neutral,0
5550,neutral,neutral,0.0,neutral,0.0,neutral,0
5551,neutral,neutral,0.0,neutral,0.0,neutral,0
5552,neutral,neutral,0.0,neutral,0.0,neutral,0
5553,neutral,neutral,0.0,neutral,0.0,neutral,0
5554,neutral,neutral,0.0,neutral,0.0,neutral,0
5555,neutral,neutral,0.0,neutral,0.0,neutral,0
5556,neutral,neutral,0.0,neutral,0.0,neutral,0
5557,neutral,neutral,0.0,neutral,0.0,neutral,0
5558,neutral,neutral,0.0,neutral,0.0,neutral,0
5559,neutral,neutral,0.0,neutral,0.0,neutral,0
5560,neutral,neutral,0.0,neutral,0.0,neutral,0
5561,neutral,neutral,0.0,neutral,0.0,neutral,0
5562,neutral,neutral,0.0,neutral,0.0,neutral,0
5563,neutral,neutral,0.0,neutral,0.0,neutral,0
5564,neutral,neutral,0.0,neutral,0.0,neutral,0
5565,neutral,neutral,0.0,neutral,0.0,neutral,0
5566,neutral,neutral,0.0,neutral,0.0,neutral,0
5567,neutral,neutral,0.0,neutral,0.0,neutral,0
5568,neutral,neutral,0.0,neutral,0.0,neutral,0
5569,neutral,neutral,0.0,neutral,0.0,neutral,0
5570,neutral,neutral,0.0,neutral,0.0,neutral,0
5571,neutral,neutral,0.0,neutral,0.0,neutral,0
5572,neutral,neutral,0.0,neutral,0.0,neutral,0
5573,neutral,neutral,0.0,neutral,0.0,neutral,0
5574,neutral,neutral,0.0,neutral,0.0,neutral,0
5575,neutral,neutral,0.0,neutral,0.0,neutral,0
5576,neutral,neutral,0.0,neutral,0.0,neutral,0
5577,neutral,neutral,0.0,neutral,0.0,neutral,0
5578,neutral,neutral,0.0,neutral,0.0,neutral,0
5579,neutral,neutral,0.0,neutral,0.0,neutral,0
5580,neutral,neutral,0.0,neutral,0.0,neutral,0
5581,neutral,neutral,0.0,neutral,0.0,neutral,0
5582,neutral,neutral,0.0,neutral,0.0,neutral,0
5583,neutral,neutral,0.0,neutral,0.0,neutral,0
5584,neutral,neutral,0.0,neutral,0.0,neutral,0
5585,neutral,neutral,0.0,neutral,0.0,neutral,0
5586,neutral,neutral,0.0,neutral,0.0,neutral,0
5587,neutral,neutral,0.0,neutral,0.0,neutral,0
5588,neutral,neutral,0.0,neutral,0.0,neutral,0
5589,neutral,neutral,0.0,neutral,0.0,neutral,0
5590,neutral,neutral,0.0,neutral,0.0,neutral,0
5591,neutral,neutral,0.0,neutral,0.0,neutral,0
5592,neutral,neutral,0.0,neutral,0.0,neutral,0
5593,neutral,neutral,0.0,neutral,0.0,neutral,0
5594,neutral,neutral,0.0,neutral,0.0,neutral,0
5595,neutral,neutral,0.0,neutral,0.0,neutral,0
5596,neutral,neutral,0.0,neutral,0.0,neutral,0
5597,neutral,neutral,0.0,neutral,0.0,neutral,0
5598,neutral,neutral,0.0,neutral,0.0,neutral,0
5599,neutral,neutral,0.0,neutral,0.0,neutral,0
5600,neutral,neutral,0.0,neutral,0.0,neutral,0
5601,neutral,neutral,0.0,neutral,0.0,neutral,0
5602,neutral,neutral,0.0,neutral,0.0,neutral,0
5603,neutral,neutral,0.0,neutral,0.0,neutral,0
5604,neutral,neutral,0.0,neutral,0.0,neutral,0
5605,neutral,neutral,0.0,neutral,0.0,neutral,0
5606,neutral,neutral,0.0,neutral,0.0,neutral,0
5607,neutral,neutral,0.0,neutral,0.0,neutral,0
5608,neutral,neutral,0.0,neutral,0.0,neutral,0
5609,neutral,neutral,0.0,neutral,0.0,neutral,0
5610,neutral,neutral,0.0,neutral,0.0,neutral,0
5611,neutral,neutral,0.0,neutral,0.0,neutral,0
5612,neutral,neutral,0.0,neutral,0.0,neutral,0
5613,neutral,neutral,0.0,neutral,0.0,neutral,0
5614,neutral,neutral,0.0,neutral,0.0,neutral,0
5615,neutral,neutral,0.0,neutral,0.0,neutral,0
5616,neutral,neutral,0.0,neutral,0.0,neutral,0
5617,neutral,neutral,0.0,neutral,0.0,neutral,0
5618,neutral,neutral,0.0,neutral,0.0,neutral,0
5619,neutral,neutral,0.0,neutral,0.0,neutral,0
5620,neutral,neutral,0.0,neutral,0.0,neutral,0
5621,neutral,neutral,0.0,neutral,0.0,neutral,0
5622,neutral,neutral,0.0,neutral,0.0,neutral,0
5623,neutral,neutral,0.0,neutral,0.0,neutral,0
5624,neutral,neutral,0.0,neutral,0.0,neutral,0
5625,neutral,neutral,0.0,neutral,0.0,neutral,0
5626,neutral,neutral,0.0,neutral,0.0,neutral,0
5627,neutral,neutral,0.0,neutral,0.0,neutral,0
5628,neutral,neutral,0.0,neutral,0.0,neutral,0
5629,neutral,neutral,0.0,neutral,0.0,neutral,0
5630,neutral,neutral,0.0,neutral,0.0,neutral,0
5631,neutral,neutral,0.0,neutral,0.0,neutral,0
5632,neutral,neutral,0.0,neutral,0.0,neutral,0
5633,neutral,neutral,0.0,neutral,0.0,neutral,0
5634,neutral,neutral,0.0,neutral,0.0,neutral,0
5635,neutral,neutral,0.0,neutral,0.0,neutral,0
5636,neutral,neutral,0.0,neutral,0.0,neutral,0
5637,neutral,neutral,0.0,neutral,0.0,neutral,0
5638,neutral,neutral,0.0,neutral,0.0,neutral,0
5639,neutral,neutral,0.0,neutral,0.0,neutral,0
5640,neutral,neutral,0.0,neutral,0.0,neutral,0
5641,neutral,neutral,0.0,neutral,0.0,neutral,0
5642,neutral,neutral,0.0,neutral,0.0,neutral,0
5643,neutral,neutral,0.0,neutral,0.0,neutral,0
5644,neutral,neutral,0.0,neutral,0.0,neutral,0
5645,neutral,neutral,0.0,neutral,0.0,neutral,0
5646,neutral,neutral,0.0,neutral,0.0,neutral,0
5647,neutral,neutral,0.0,neutral,0.0,neutral,0
5648,neutral,neutral,0.0,neutral,0.0,neutral,0
5649,neutral,neutral,0.0,neutral,0.0,neutral,0
5650,neutral,neutral,0.0,neutral,0.0,neutral,0
5651,neutral,neutral,0.0,neutral,0.0,neutral,0
5652,neutral,neutral,0.0,neutral,0.0,neutral,0
5653,neutral,neutral,0.0,neutral,0.0,neutral,0
5654,neutral,neutral,0.0,neutral,0.0,neutral,0
5655,neutral,neutral,0.0,neutral,0.0,neutral,0
5656,neutral,neutral,0.0,neutral,0.0,neutral,0
5657,neutral,neutral,0.0,neutral,0.0,neutral,0
5658,neutral,neutral,0.0,neutral,0.0,neutral,0
5659,neutral,neutral,0.0,neutral,0.0,neutral,0
5660,neutral,neutral,0.0,neutral,0.0,neutral,0
5661,neutral,neutral,0.0,neutral,0.0,neutral,0
5662,neutral,neutral,0.0,neutral,0.0,neutral,0
5663,neutral,neutral,0.0,neutral,0.0,neutral,0
5664,neutral,neutral,0.0,neutral,0.0,neutral,0
5665,neutral,neutral,0.0,neutral,0.0,neutral,0
5666,neutral,neutral,0.0,neutral,0.0,neutral,0
5667,neutral,neutral,0.0,neutral,0.0,neutral,0
5668,neutral,neutral,0.0,neutral,0.0,neutral,0
5669,neutral,neutral,0.0,neutral,0.0,neutral,0
5670,neutral,neutral,0.0,neutral,0.0,neutral,0
5671,neutral,neutral,0.0,neutral,0.0,neutral,0
5672,neutral,neutral,0.0,neutral,0.0,neutral,0
5673,neutral,neutral,0.0,neutral,0.0,neutral,0
5674,neutral,neutral,0.0,neutral,0.0,neutral,0
5675,neutral,neutral,0.0,neutral,0.0,neutral,0
5676,neutral,neutral,0.0,neutral,0.0,neutral,0
5677,neutral,neutral,0.0,neutral,0.0,neutral,0
5678,neutral,neutral,0.0,neutral,0.0,neutral,0
5679,neutral,neutral,0.0,neutral,0.0,neutral,0
5680,neutral,neutral,0.0,neutral,0.0,neutral,0
5681,neutral,neutral,0.0,neutral,0.0,neutral,0
5682,neutral,neutral,0.0,neutral,0.0,neutral,0
5683,neutral,neutral,0.0,neutral,0.0,neutral,0
5684,neutral,neutral,0.0,neutral,0.0,neutral,0
5685,neutral,neutral,0.0,neutral,0.0,neutral,0
5686,neutral,neutral,0.0,neutral,0.0,neutral,0
5687,neutral,neutral,0.0,neutral,0.0,neutral,0
5688,neutral,neutral,0.0,neutral,0.0,neutral,0
5689,neutral,neutral,0.0,neutral,0.0,neutral,0
5690,neutral,neutral,0.0,neutral,0.0,neutral,0
5691,neutral,neutral,0.0,neutral,0.0,neutral,0
5692,neutral,neutral,0.0,neutral,0.0,neutral,0
5693,neutral,neutral,0.0,neutral,0.0,neutral,0
5694,neutral,neutral,0.0,neutral,0.0,neutral,0
5695,neutral,neutral,0.0,neutral,0.0,neutral,0
5696,neutral,neutral,0.0,neutral,0.0,neutral,0
5697,neutral,neutral,0.0,neutral,0.0,neutral,0
5698,neutral,neutral,0.0,neutral,0.0,neutral,0
5699,neutral,neutral,0.0,neutral,0.0,neutral,0
5700,neutral,neutral,0.0,neutral,0.0,neutral,0
5701,neutral,neutral,0.0,neutral,0.0,neutral,0
5702,neutral,neutral,0.0,neutral,0.0,neutral,0
5703,neutral,neutral,0.0,neutral,0.0,neutral,0
5704,neutral,neutral,0.0,neutral,0.0,neutral,0
5705,neutral,neutral,0.0,neutral,0.0,neutral,0
5706,neutral,neutral,0.0,neutral,0.0,neutral,0
5707,neutral,neutral,0.0,neutral,0.0,neutral,0
5708,neutral,neutral,0.0,neutral,0.0,neutral,0
5709,neutral,neutral,0.0,neutral,0.0,neutral,0
5710,neutral,neutral,0.0,neutral,0.0,neutral,0
5711,neutral,neutral,0.0,neutral,0.0,neutral,0
5712,neutral,neutral,0.0,neutral,0.0,neutral,0
5713,neutral,neutral,0.0,neutral,0.0,neutral,0
5714,neutral,neutral,0.0,neutral,0.0,neutral,0
5715,neutral,neutral,0.0,neutral,0.0,neutral,0
5716,neutral,neutral,0.0,neutral,0.0,neutral,0
5717,neutral,neutral,0.0,neutral,0.0,neutral,0
5718,neutral,neutral,0.0,neutral,0.0,neutral,0
5719,neutral,neutral,0.0,neutral,0.0,neutral,0
5720,neutral,neutral,0.0,neutral,0.0,neutral,0
5721,neutral,neutral,0.0,neutral,0.0,neutral,0
5722,neutral,neutral,0.0,neutral,0.0,neutral,0
5723,neutral,neutral,0.0,neutral,0.0,neutral,0
5724,neutral,neutral,0.0,neutral,0.0,neutral,0
5725,neutral,neutral,0.0,neutral,0.0,neutral,0
5726,neutral,neutral,0.0,neutral,0.0,neutral,0
5727,neutral,neutral,0.0,neutral,0.0,neutral,0
5728,neutral,neutral,0.0,neutral,0.0,neutral,0
5729,neutral,neutral,0.0,neutral,0.0,neutral,0
5730,neutral,neutral,0.0,neutral,0.0,neutral,0
5731,neutral,neutral,0.0,neutral,0.0,neutral,0
5732,neutral,neutral,0.0,neutral,0.0,neutral,0
5733,neutral,neutral,0.0,neutral,0.0,neutral,0
5734,neutral,neutral,0.0,neutral,0.0,neutral,0
5735,neutral,neutral,0.0,neutral,0.0,neutral,0
5736,neutral,neutral,0.0,neutral,0.0,neutral,0
5737,neutral,neutral,0.0,neutral,0.0,neutral,0
5738,neutral,neutral,0.0,neutral,0.0,neutral,0
5739,neutral,neutral,0.0,neutral,0.0,neutral,0
5740,neutral,neutral,0.0,neutral,0.0,neutral,0
5741,neutral,neutral,0.0,neutral,0.0,neutral,0
5742,neutral,neutral,0.0,neutral,0.0,neutral,0
5743,neutral,neutral,0.0,neutral,0.0,neutral,0
5744,neutral,neutral,0.0,neutral,0.0,neutral,0
5745,neutral,neutral,0.0,neutral,0.0,neutral,0
5746,neutral,neutral,0.0,neutral,0.0,neutral,0
5747,neutral,neutral,0.0,neutral,0.0,neutral,0
5748,neutral,neutral,0.0,neutral,0.0,neutral,0
5749,neutral,neutral,0.0,neutral,0.0,neutral,0
5750,neutral,neutral,0.0,neutral,0.0,neutral,0
5751,neutral,neutral,0.0,neutral,0.0,neutral,0
5752,neutral,neutral,0.0,neutral,0.0,neutral,0
5753,neutral,neutral,0.0,neutral,0.0,neutral,0
5754,neutral,neutral,0.0,neutral,0.0,neutral,0
5755,neutral,neutral,0.0,neutral,0.0,neutral,0
5756,neutral,neutral,0.0,neutral,0.0,neutral,0
5757,neutral,neutral,0.0,neutral,0.0,neutral,0
5758,neutral,neutral,0.0,neutral,0.0,neutral,0
5759,neutral,neutral,0.0,neutral,0.0,neutral,0
5760,neutral,neutral,0.0,neutral,0.0,neutral,0
5761,neutral,neutral,0.0,neutral,0.0,neutral,0
5762,neutral,neutral,0.0,neutral,0.0,neutral,0
5763,neutral,neutral,0.0,neutral,0.0,neutral,0
5764,neutral,neutral,0.0,neutral,0.0,neutral,0
5765,neutral,neutral,0.0,neutral,0.0,neutral,0
5766,neutral,neutral,0.0,neutral,0.0,neutral,0
5767,neutral,neutral,0.0,neutral,0.0,neutral,0
5768,neutral,neutral,0.0,neutral,0.0,neutral,0
5769,neutral,neutral,0.0,neutral,0.0,neutral,0
5770,neutral,neutral,0.0,neutral,0.0,neutral,0
5771,neutral,neutral,0.0,neutral,0.0,neutral,0
5772,neutral,neutral,0.0,neutral,0.0,neutral,0
5773,neutral,neutral,0.0,neutral,0.0,neutral,0
5774,neutral,neutral,0.0,neutral,0.0,neutral,0
5775,neutral,neutral,0.0,neutral,0.0,neutral,0
5776,neutral,neutral,0.0,neutral,0.0,neutral,0
5777,neutral,neutral,0.0,neutral,0.0,neutral,0
5778,neutral,neutral,0.0,neutral,0.0,neutral,0
5779,neutral,neutral,0.0,neutral,0.0,neutral,0
5780,neutral,neutral,0.0,neutral,0.0,neutral,0
5781,neutral,neutral,0.0,neutral,0.0,neutral,0
5782,neutral,neutral,0.0,neutral,0.0,neutral,0
5783,neutral,neutral,0.0,neutral,0.0,neutral,0
5784,neutral,neutral,0.0,neutral,0.0,neutral,0
5785,neutral,neutral,0.0,neutral,0.0,neutral,0
5786,neutral,neutral,0.0,neutral,0.0,neutral,0
5787,neutral,neutral,0.0,neutral,0.0,neutral,0
5788,neutral,neutral,0.0,neutral,0.0,neutral,0
5789,neutral,neutral,0.0,neutral,0.0,neutral,0
5790,neutral,neutral,0.0,neutral,0.0,neutral,0
5791,neutral,neutral,0.0,neutral,0.0,neutral,0
5792,neutral,neutral,0.0,neutral,0.0,neutral,0
5793,neutral,neutral,0.0,neutral,0.0,neutral,0
5794,neutral,neutral,0.0,neutral,0.0,neutral,0
5795,neutral,neutral,0.0,neutral,0.0,neutral,0
5796,neutral,neutral,0.0,neutral,0.0,neutral,0
5797,neutral,neutral,0.0,neutral,0.0,neutral,0
5798,neutral,neutral,0.0,neutral,0.0,neutral,0
5799,neutral,neutral,0.0,neutral,0.0,neutral,0
5800,neutral,neutral,0.0,neutral,0.0,neutral,0
5801,neutral,neutral,0.0,neutral,0.0,neutral,0
5802,neutral,neutral,0.0,neutral,0.0,neutral,0
5803,neutral,neutral,0.0,neutral,0.0,neutral,0
5804,neutral,neutral,0.0,neutral,0.0,neutral,0
5805,neutral,neutral,0.0,neutral,0.0,neutral,0
5806,neutral,neutral,0.0,neutral,0.0,neutral,0
5807,neutral,neutral,0.0,neutral,0.0,neutral,0
5808,neutral,neutral,0.0,neutral,0.0,neutral,0
5809,neutral,neutral,0.0,neutral,0.0,neutral,0
5810,neutral,neutral,0.0,neutral,0.0,neutral,0
5811,neutral,neutral,0.0,neutral,0.0,neutral,0
5812,neutral,neutral,0.0,neutral,0.0,neutral,0
5813,neutral,neutral,0.0,neutral,0.0,neutral,0
5814,neutral,neutral,0.0,neutral,0.0,neutral,0
5815,neutral,neutral,0.0,neutral,0.0,neutral,0
5816,neutral,neutral,0.0,neutral,0.0,neutral,0
5817,neutral,neutral,0.0,neutral,0.0,neutral,0
5818,neutral,neutral,0.0,neutral,0.0,neutral,0
5819,neutral,neutral,0.0,neutral,0.0,neutral,0
5820,neutral,neutral,0.0,neutral,0.0,neutral,0
5821,neutral,neutral,0.0,neutral,0.0,neutral,0
5822,neutral,neutral,0.0,neutral,0.0,neutral,0
5823,neutral,neutral,0.0,neutral,0.0,neutral,0
5824,neutral,neutral,0.0,neutral,0.0,neutral,0
5825,neutral,neutral,0.0,neutral,0.0,neutral,0
5826,neutral,neutral,0.0,neutral,0.0,neutral,0
5827,neutral,neutral,0.0,neutral,0.0,neutral,0
5828,neutral,neutral,0.0,neutral,0.0,neutral,0
5829,neutral,neutral,0.0,neutral,0.0,neutral,0
5830,neutral,neutral,0.0,neutral,0.0,neutral,0
5831,neutral,neutral,0.0,neutral,0.0,neutral,0
5832,neutral,neutral,0.0,neutral,0.0,neutral,0
5833,neutral,neutral,0.0,neutral,0.0,neutral,0
5834,neutral,neutral,0.0,neutral,0.0,neutral,0
5835,neutral,neutral,0.0,neutral,0.0,neutral,0
5836,neutral,neutral,0.0,neutral,0.0,neutral,0
5837,neutral,neutral,0.0,neutral,0.0,neutral,0
5838,neutral,neutral,0.0,neutral,0.0,neutral,0
5839,neutral,neutral,0.0,neutral,0.0,neutral,0
5840,neutral,neutral,0.0,neutral,0.0,neutral,0
5841,neutral,neutral,0.0,neutral,0.0,neutral,0
5842,neutral,neutral,0.0,neutral,0.0,neutral,0
5843,neutral,neutral,0.0,neutral,0.0,neutral,0
5844,neutral,neutral,0.0,neutral,0.0,neutral,0
5845,neutral,neutral,0.0,neutral,0.0,neutral,0
5846,neutral,neutral,0.0,neutral,0.0,neutral,0
5847,neutral,neutral,0.0,neutral,0.0,neutral,0
5848,neutral,neutral,0.0,neutral,0.0,neutral,0
5849,neutral,neutral,0.0,neutral,0.0,neutral,0
5850,neutral,neutral,0.0,neutral,0.0,neutral,0
5851,neutral,neutral,0.0,neutral,0.0,neutral,0
5852,neutral,neutral,0.0,neutral,0.0,neutral,0
5853,neutral,neutral,0.0,neutral,0.0,neutral,0
5854,neutral,neutral,0.0,neutral,0.0,neutral,0
5855,neutral,neutral,0.0,neutral,0.0,neutral,0
5856,neutral,neutral,0.0,neutral,0.0,neutral,0
5857,neutral,neutral,0.0,neutral,0.0,neutral,0
5858,neutral,neutral,0.0,neutral,0.0,neutral,0
5859,neutral,neutral,0.0,neutral,0.0,neutral,0
5860,neutral,neutral,0.0,neutral,0.0,neutral,0
5861,neutral,neutral,0.0,neutral,0.0,neutral,0
5862,neutral,neutral,0.0,neutral,0.0,neutral,0
5863,neutral,neutral,0.0,neutral,0.0,neutral,0
5864,neutral,neutral,0.0,neutral,0.0,neutral,0
5865,neutral,neutral,0.0,neutral,0.0,neutral,0
5866,neutral,neutral,0.0,neutral,0.0,neutral,0
5867,neutral,neutral,0.0,neutral,0.0,neutral,0
5868,neutral,neutral,0.0,neutral,0.0,neutral,0
5869,neutral,neutral,0.0,neutral,0.0,neutral,0
5870,neutral,neutral,0.0,neutral,0.0,neutral,0
5871,neutral,neutral,0.0,neutral,0.0,neutral,0
5872,neutral,neutral,0.0,neutral,0.0,neutral,0
5873,neutral,neutral,0.0,neutral,0.0,neutral,0
5874,neutral,neutral,0.0,neutral,0.0,neutral,0
5875,neutral,neutral,0.0,neutral,0.0,neutral,0
5876,neutral,neutral,0.0,neutral,0.0,neutral,0
5877,neutral,neutral,0.0,neutral,0.0,neutral,0
5878,neutral,neutral,0.0,neutral,0.0,neutral,0
5879,neutral,neutral,0.0,neutral,0.0,neutral,0
5880,neutral,neutral,0.0,neutral,0.0,neutral,0
5881,neutral,neutral,0.0,neutral,0.0,neutral,0
5882,neutral,neutral,0.0,neutral,0.0,neutral,0
5883,neutral,neutral,0.0,neutral,0.0,neutral,0
5884,neutral,neutral,0.0,neutral,0.0,neutral,0
5885,neutral,neutral,0.0,neutral,0.0,neutral,0
5886,neutral,neutral,0.0,neutral,0.0,neutral,0
5887,neutral,neutral,0.0,neutral,0.0,neutral,0
5888,neutral,neutral,0.0,neutral,0.0,neutral,0
5889,neutral,neutral,0.0,neutral,0.0,neutral,0
5890,neutral,neutral,0.0,neutral,0.0,neutral,0
5891,neutral,neutral,0.0,neutral,0.0,neutral,0
5892,neutral,neutral,0.0,neutral,0.0,neutral,0
5893,neutral,neutral,0.0,neutral,0.0,neutral,0
5894,neutral,neutral,0.0,neutral,0.0,neutral,0
5895,neutral,neutral,0.0,neutral,0.0,neutral,0
5896,neutral,neutral,0.0,neutral,0.0,neutral,0
5897,neutral,neutral,0.0,neutral,0.0,neutral,0
5898,neutral,neutral,0.0,neutral,0.0,neutral,0
5899,neutral,neutral,0.0,neutral,0.0,neutral,0
5900,neutral,neutral,0.0,neutral,0.0,neutral,0
5901,neutral,neutral,0.0,neutral,0.0,neutral,0
5902,neutral,neutral,0.0,neutral,0.0,neutral,0
5903,neutral,neutral,0.0,neutral,0.0,neutral,0
5904,neutral,neutral,0.0,neutral,0.0,neutral,0
5905,neutral,neutral,0.0,neutral,0.0,neutral,0
5906,neutral,neutral,0.0,neutral,0.0,neutral,0
5907,neutral,neutral,0.0,neutral,0.0,neutral,0
5908,neutral,neutral,0.0,neutral,0.0,neutral,0
5909,neutral,neutral,0.0,neutral,0.0,neutral,0
5910,neutral,neutral,0.0,neutral,0.0,neutral,0
5911,neutral,neutral,0.0,neutral,0.0,neutral,0
5912,neutral,neutral,0.0,neutral,0.0,neutral,0
5913,neutral,neutral,0.0,neutral,0.0,neutral,0
5914,neutral,neutral,0.0,neutral,0.0,neutral,0
5915,neutral,neutral,0.0,neutral,0.0,neutral,0
5916,neutral,neutral,0.0,neutral,0.0,neutral,0
5917,neutral,neutral,0.0,neutral,0.0,neutral,0
5918,neutral,neutral,0.0,neutral,0.0,neutral,0
5919,neutral,neutral,0.0,neutral,0.0,neutral,0
5920,neutral,neutral,0.0,neutral,0.0,neutral,0
5921,neutral,neutral,0.0,neutral,0.0,neutral,0
5922,neutral,neutral,0.0,neutral,0.0,neutral,0
5923,neutral,neutral,0.0,neutral,0.0,neutral,0
5924,neutral,neutral,0.0,neutral,0.0,neutral,0
5925,neutral,neutral,0.0,neutral,0.0,neutral,0
5926,neutral,neutral,0.0,neutral,0.0,neutral,0
5927,neutral,neutral,0.0,neutral,0.0,neutral,0
5928,neutral,neutral,0.0,neutral,0.0,neutral,0
5929,neutral,neutral,0.0,neutral,0.0,neutral,0
5930,neutral,neutral,0.0,neutral,0.0,neutral,0
5931,neutral,neutral,0.0,neutral,0.0,neutral,0
5932,neutral,neutral,0.0,neutral,0.0,neutral,0
5933,neutral,neutral,0.0,neutral,0.0,neutral,0
5934,neutral,neutral,0.0,neutral,0.0,neutral,0
5935,neutral,neutral,0.0,neutral,0.0,neutral,0
5936,neutral,neutral,0.0,neutral,0.0,neutral,0
5937,neutral,neutral,0.0,neutral,0.0,neutral,0
5938,neutral,neutral,0.0,neutral,0.0,neutral,0
5939,neutral,neutral,0.0,neutral,0.0,neutral,0
5940,neutral,neutral,0.0,neutral,0.0,neutral,0
5941,neutral,neutral,0.0,neutral,0.0,neutral,0
5942,neutral,neutral,0.0,neutral,0.0,neutral,0
5943,neutral,neutral,0.0,neutral,0.0,neutral,0
5944,neutral,neutral,0.0,neutral,0.0,neutral,0
5945,neutral,neutral,0.0,neutral,0.0,neutral,0
5946,neutral,neutral,0.0,neutral,0.0,neutral,0
5947,neutral,neutral,0.0,neutral,0.0,neutral,0
5948,neutral,neutral,0.0,neutral,0.0,neutral,0
5949,neutral,neutral,0.0,neutral,0.0,neutral,0
5950,neutral,neutral,0.0,neutral,0.0,neutral,0
5951,neutral,neutral,0.0,neutral,0.0,neutral,0
5952,neutral,neutral,0.0,neutral,0.0,neutral,0
5953,neutral,neutral,0.0,neutral,0.0,neutral,0
5954,neutral,neutral,0.0,neutral,0.0,neutral,0
5955,neutral,neutral,0.0,neutral,0.0,neutral,0
5956,neutral,neutral,0.0,neutral,0.0,neutral,0
5957,neutral,neutral,0.0,neutral,0.0,neutral,0
5958,neutral,neutral,0.0,neutral,0.0,neutral,0
5959,neutral,neutral,0.0,neutral,0.0,neutral,0
5960,neutral,neutral,0.0,neutral,0.0,neutral,0
5961,neutral,neutral,0.0,neutral,0.0,neutral,0
5962,neutral,neutral,0.0,neutral,0.0,neutral,0
5963,neutral,neutral,0.0,neutral,0.0,neutral,0
5964,neutral,neutral,0.0,neutral,0.0,neutral,0
5965,neutral,neutral,0.0,neutral,0.0,neutral,0
5966,neutral,neutral,0.0,neutral,0.0,neutral,0
5967,neutral,neutral,0.0,neutral,0.0,neutral,0
5968,neutral,neutral,0.0,neutral,0.0,neutral,0
5969,neutral,neutral,0.0,neutral,0.0,neutral,0
5970,neutral,neutral,0.0,neutral,0.0,neutral,0
5971,neutral,neutral,0.0,neutral,0.0,neutral,0
5972,neutral,neutral,0.0,neutral,0.0,neutral,0
5973,neutral,neutral,0.0,neutral,0.0,neutral,0
5974,neutral,neutral,0.0,neutral,0.0,neutral,0
5975,neutral,neutral,0.0,neutral,0.0,neutral,0
5976,neutral,neutral,0.0,neutral,0.0,neutral,0
5977,neutral,neutral,0.0,neutral,0.0,neutral,0
5978,neutral,neutral,0.0,neutral,0.0,neutral,0
5979,neutral,neutral,0.0,neutral,0.0,neutral,0
5980,neutral,neutral,0.0,neutral,0.0,neutral,0
5981,neutral,neutral,0.0,neutral,0.0,neutral,0
5982,neutral,neutral,0.0,neutral,0.0,neutral,0
5983,neutral,neutral,0.0,neutral,0.0,neutral,0
5984,neutral,neutral,0.0,neutral,0.0,neutral,0
5985,neutral,neutral,0.0,neutral,0.0,neutral,0
5986,neutral,neutral,0.0,neutral,0.0,neutral,0
5987,neutral,neutral,0.0,neutral,0.0,neutral,0
5988,neutral,neutral,0.0,neutral,0.0,neutral,0
5989,neutral,neutral,0.0,neutral,0.0,neutral,0
5990,neutral,neutral,0.0,neutral,0.0,neutral,0
5991,neutral,neutral,0.0,neutral,0.0,neutral,0
5992,neutral,neutral,0.0,neutral,0.0,neutral,0
5993,neutral,neutral,0.0,neutral,0.0,neutral,0
5994,neutral,neutral,0.0,neutral,0.0,neutral,0
5995,neutral,neutral,0.0,neutral,0.0,neutral,0
5996,neutral,neutral,0.0,neutral,0.0,neutral,0
5997,neutral,neutral,0.0,neutral,0.0,neutral,0
5998,neutral,neutral,0.0,neutral,0.0,neutral,0
5999,neutral,neutral,0.0,neutral,0.0,neutral,0
6000,neutral,neutral,0.0,neutral,0.0,neutral,0
6001,neutral,neutral,0.0,neutral,0.0,neutral,0
6002,neutral,neutral,0.0,neutral,0.0,neutral,0
6003,neutral,neutral,0.0,neutral,0.0,neutral,0
6004,neutral,neutral,0.0,neutral,0.0,neutral,0
6005,neutral,neutral,0.0,neutral,0.0,neutral,0
6006,neutral,neutral,0.0,neutral,0.0,neutral,0
6007,neutral,neutral,0.0,neutral,0.0,neutral,0
6008,neutral,neutral,0.0,neutral,0.0,neutral,0
6009,neutral,neutral,0.0,neutral,0.0,neutral,0
6010,neutral,neutral,0.0,neutral,0.0,neutral,0
6011,neutral,neutral,0.0,neutral,0.0,neutral,0
6012,neutral,neutral,0.0,neutral,0.0,neutral,0
6013,neutral,neutral,0.0,neutral,0.0,neutral,0
6014,neutral,neutral,0.0,neutral,0.0,neutral,0
6015,neutral,neutral,0.0,neutral,0.0,neutral,0
6016,neutral,neutral,0.0,neutral,0.0,neutral,0
6017,neutral,neutral,0.0,neutral,0.0,neutral,0
6018,neutral,neutral,0.0,neutral,0.0,neutral,0
6019,neutral,neutral,0.0,neutral,0.0,neutral,0
6020,neutral,neutral,0.0,neutral,0.0,neutral,0
6021,neutral,neutral,0.0,neutral,0.0,neutral,0
6022,neutral,neutral,0.0,neutral,0.0,neutral,0
6023,neutral,neutral,0.0,neutral,0.0,neutral,0
6024,neutral,neutral,0.0,neutral,0.0,neutral,0
6025,neutral,neutral,0.0,neutral,0.0,neutral,0
6026,neutral,neutral,0.0,neutral,0.0,neutral,0
6027,neutral,neutral,0.0,neutral,0.0,neutral,0
6028,neutral,neutral,0.0,neutral,0.0,neutral,0
6029,neutral,neutral,0.0,neutral,0.0,neutral,0
6030,neutral,neutral,0.0,neutral,0.0,neutral,0
6031,neutral,neutral,0.0,neutral,0.0,neutral,0
6032,neutral,neutral,0.0,neutral,0.0,neutral,0
6033,neutral,neutral,0.0,neutral,0.0,neutral,0
6034,neutral,neutral,0.0,neutral,0.0,neutral,0
6035,neutral,neutral,0.0,neutral,0.0,neutral,0
6036,neutral,neutral,0.0,neutral,0.0,neutral,0
6037,neutral,neutral,0.0,neutral,0.0,neutral,0
6038,neutral,neutral,0.0,neutral,0.0,neutral,0
6039,neutral,neutral,0.0,neutral,0.0,neutral,0
6040,neutral,neutral,0.0,neutral,0.0,neutral,0
6041,neutral,neutral,0.0,neutral,0.0,neutral,0
6042,neutral,neutral,0.0,neutral,0.0,neutral,0
6043,neutral,neutral,0.0,neutral,0.0,neutral,0
6044,neutral,neutral,0.0,neutral,0.0,neutral,0
6045,neutral,neutral,0.0,neutral,0.0,neutral,0
6046,neutral,neutral,0.0,neutral,0.0,neutral,0
6047,neutral,neutral,0.0,neutral,0.0,neutral,0
6048,neutral,neutral,0.0,neutral,0.0,neutral,0
6049,neutral,neutral,0.0,neutral,0.0,neutral,0
6050,neutral,neutral,0.0,neutral,0.0,neutral,0
6051,neutral,neutral,0.0,neutral,0.0,neutral,0
6052,neutral,neutral,0.0,neutral,0.0,neutral,0
6053,neutral,neutral,0.0,neutral,0.0,neutral,0
6054,neutral,neutral,0.0,neutral,0.0,neutral,0
6055,neutral,neutral,0.0,neutral,0.0,neutral,0
6056,neutral,neutral,0.0,neutral,0.0,neutral,0
6057,neutral,neutral,0.0,neutral,0.0,neutral,0
6058,neutral,neutral,0.0,neutral,0.0,neutral,0
6059,neutral,neutral,0.0,neutral,0.0,neutral,0
6060,neutral,neutral,0.0,neutral,0.0,neutral,0
6061,neutral,neutral,0.0,neutral,0.0,neutral,0
6062,neutral,neutral,0.0,neutral,0.0,neutral,0
6063,neutral,neutral,0.0,neutral,0.0,neutral,0
6064,neutral,neutral,0.0,neutral,0.0,neutral,0
6065,neutral,neutral,0.0,neutral,0.0,neutral,0
6066,neutral,neutral,0.0,neutral,0.0,neutral,0
6067,neutral,neutral,0.0,neutral,0.0,neutral,0
6068,neutral,neutral,0.0,neutral,0.0,neutral,0
6069,neutral,neutral,0.0,neutral,0.0,neutral,0
6070,neutral,neutral,0.0,neutral,0.0,neutral,0
6071,neutral,neutral,0.0,neutral,0.0,neutral,0
6072,neutral,neutral,0.0,neutral,0.0,neutral,0
6073,neutral,neutral,0.0,neutral,0.0,neutral,0
6074,neutral,neutral,0.0,neutral,0.0,neutral,0
6075,neutral,neutral,0.0,neutral,0.0,neutral,0
6076,neutral,neutral,0.0,neutral,0.0,neutral,0
6077,neutral,neutral,0.0,neutral,0.0,neutral,0
6078,neutral,neutral,0.0,neutral,0.0,neutral,0
6079,neutral,neutral,0.0,neutral,0.0,neutral,0
6080,neutral,neutral,0.0,neutral,0.0,neutral,0
6081,neutral,neutral,0.0,neutral,0.0,neutral,0
6082,neutral,neutral,0.0,neutral,0.0,neutral,0
6083,neutral,neutral,0.0,neutral,0.0,neutral,0
6084,neutral,neutral,0.0,neutral,0.0,neutral,0
6085,neutral,neutral,0.0,neutral,0.0,neutral,0
6086,neutral,neutral,0.0,neutral,0.0,neutral,0
6087,neutral,neutral,0.0,neutral,0.0,neutral,0
6088,neutral,neutral,0.0,neutral,0.0,neutral,0
6089,neutral,neutral,0.0,neutral,0.0,neutral,0
6090,neutral,neutral,0.0,neutral,0.0,neutral,0
6091,neutral,neutral,0.0,neutral,0.0,neutral,0
6092,neutral,neutral,0.0,neutral,0.0,neutral,0
6093,neutral,neutral,0.0,neutral,0.0,neutral,0
6094,neutral,neutral,0.0,neutral,0.0,neutral,0
6095,neutral,neutral,0.0,neutral,0.0,neutral,0
6096,neutral,neutral,0.0,neutral,0.0,neutral,0
6097,neutral,neutral,0.0,neutral,0.0,neutral,0
6098,neutral,neutral,0.0,neutral,0.0,neutral,0
6099,neutral,neutral,0.0,neutral,0.0,neutral,0
6100,neutral,neutral,0.0,neutral,0.0,neutral,0
6101,neutral,neutral,0.0,neutral,0.0,neutral,0
6102,neutral,neutral,0.0,neutral,0.0,neutral,0
6103,neutral,neutral,0.0,neutral,0.0,neutral,0
6104,neutral,neutral,0.0,neutral,0.0,neutral,0
6105,neutral,neutral,0.0,neutral,0.0,neutral,0
6106,neutral,neutral,0.0,neutral,0.0,neutral,0
6107,neutral,neutral,0.0,neutral,0.0,neutral,0
6108,neutral,neutral,0.0,neutral,0.0,neutral,0
6109,neutral,neutral,0.0,neutral,0.0,neutral,0
6110,neutral,neutral,0.0,neutral,0.0,neutral,0
6111,neutral,neutral,0.0,neutral,0.0,neutral,0
6112,neutral,neutral,0.0,neutral,0.0,neutral,0
6113,neutral,neutral,0.0,neutral,0.0,neutral,0
6114,neutral,neutral,0.0,neutral,0.0,neutral,0
6115,neutral,neutral,0.0,neutral,0.0,neutral,0
6116,neutral,neutral,0.0,neutral,0.0,neutral,0
6117,neutral,neutral,0.0,neutral,0.0,neutral,0
6118,neutral,neutral,0.0,neutral,0.0,neutral,0
6119,neutral,neutral,0.0,neutral,0.0,neutral,0
6120,neutral,neutral,0.0,neutral,0.0,neutral,0
6121,neutral,neutral,0.0,neutral,0.0,neutral,0
6122,neutral,neutral,0.0,neutral,0.0,neutral,0
6123,neutral,neutral,0.0,neutral,0.0,neutral,0
6124,neutral,neutral,0.0,neutral,0.0,neutral,0
6125,neutral,neutral,0.0,neutral,0.0,neutral,0
6126,neutral,neutral,0.0,neutral,0.0,neutral,0
6127,neutral,neutral,0.0,neutral,0.0,neutral,0
6128,neutral,neutral,0.0,neutral,0.0,neutral,0
6129,neutral,neutral,0.0,neutral,0.0,neutral,0
6130,neutral,neutral,0.0,neutral,0.0,neutral,0
6131,neutral,neutral,0.0,neutral,0.0,neutral,0
6132,neutral,neutral,0.0,neutral,0.0,neutral,0
6133,neutral,neutral,0.0,neutral,0.0,neutral,0
6134,neutral,neutral,0.0,neutral,0.0,neutral,0
6135,neutral,neutral,0.0,neutral,0.0,neutral,0
6136,neutral,neutral,0.0,neutral,0.0,neutral,0
6137,neutral,neutral,0.0,neutral,0.0,neutral,0
6138,neutral,neutral,0.0,neutral,0.0,neutral,0
6139,neutral,neutral,0.0,neutral,0.0,neutral,0
6140,neutral,neutral,0.0,neutral,0.0,neutral,0
6141,neutral,neutral,0.0,neutral,0.0,neutral,0
6142,neutral,neutral,0.0,neutral,0.0,neutral,0
6143,neutral,neutral,0.0,neutral,0.0,neutral,0
6144,neutral,neutral,0.0,neutral,0.0,neutral,0
6145,neutral,neutral,0.0,neutral,0.0,neutral,0
6146,neutral,neutral,0.0,neutral,0.0,neutral,0
6147,neutral,neutral,0.0,neutral,0.0,neutral,0
6148,neutral,neutral,0.0,neutral,0.0,neutral,0
6149,neutral,neutral,0.0,neutral,0.0,neutral,0
6150,neutral,neutral,0.0,neutral,0.0,neutral,0
6151,neutral,neutral,0.0,neutral,0.0,neutral,0
6152,neutral,neutral,0.0,neutral,0.0,neutral,0
6153,neutral,neutral,0.0,neutral,0.0,neutral,0
6154,neutral,neutral,0.0,neutral,0.0,neutral,0
6155,neutral,neutral,0.0,neutral,0.0,neutral,0
6156,neutral,neutral,0.0,neutral,0.0,neutral,0
6157,neutral,neutral,0.0,neutral,0.0,neutral,0
6158,neutral,neutral,0.0,neutral,0.0,neutral,0
6159,neutral,neutral,0.0,neutral,0.0,neutral,0
6160,neutral,neutral,0.0,neutral,0.0,neutral,0
6161,neutral,neutral,0.0,neutral,0.0,neutral,0
6162,neutral,neutral,0.0,neutral,0.0,neutral,0
6163,neutral,neutral,0.0,neutral,0.0,neutral,0
6164,neutral,neutral,0.0,neutral,0.0,neutral,0
6165,neutral,neutral,0.0,neutral,0.0,neutral,0
6166,neutral,neutral,0.0,neutral,0.0,neutral,0
6167,neutral,neutral,0.0,neutral,0.0,neutral,0
6168,neutral,neutral,0.0,neutral,0.0,neutral,0
6169,neutral,neutral,0.0,neutral,0.0,neutral,0
6170,neutral,neutral,0.0,neutral,0.0,neutral,0
6171,neutral,neutral,0.0,neutral,0.0,neutral,0
6172,neutral,neutral,0.0,neutral,0.0,neutral,0
6173,neutral,neutral,0.0,neutral,0.0,neutral,0
6174,neutral,neutral,0.0,neutral,0.0,neutral,0
6175,neutral,neutral,0.0,neutral,0.0,neutral,0
6176,neutral,neutral,0.0,neutral,0.0,neutral,0
6177,neutral,neutral,0.0,neutral,0.0,neutral,0
6178,neutral,neutral,0.0,neutral,0.0,neutral,0
6179,neutral,neutral,0.0,neutral,0.0,neutral,0
6180,neutral,neutral,0.0,neutral,0.0,neutral,0
6181,neutral,neutral,0.0,neutral,0.0,neutral,0
6182,neutral,neutral,0.0,neutral,0.0,neutral,0
6183,neutral,neutral,0.0,neutral,0.0,neutral,0
6184,neutral,neutral,0.0,neutral,0.0,neutral,0
6185,neutral,neutral,0.0,neutral,0.0,neutral,0
6186,neutral,neutral,0.0,neutral,0.0,neutral,0
6187,neutral,neutral,0.0,neutral,0.0,neutral,0
6188,neutral,neutral,0.0,neutral,0.0,neutral,0
6189,neutral,neutral,0.0,neutral,0.0,neutral,0
6190,neutral,neutral,0.0,neutral,0.0,neutral,0
6191,neutral,neutral,0.0,neutral,0.0,neutral,0
6192,neutral,neutral,0.0,neutral,0.0,neutral,0
6193,neutral,neutral,0.0,neutral,0.0,neutral,0
6194,neutral,neutral,0.0,neutral,0.0,neutral,0
6195,neutral,neutral,0.0,neutral,0.0,neutral,0
6196,neutral,neutral,0.0,neutral,0.0,neutral,0
6197,neutral,neutral,0.0,neutral,0.0,neutral,0
6198,neutral,neutral,0.0,neutral,0.0,neutral,0
6199,neutral,neutral,0.0,neutral,0.0,neutral,0
6200,neutral,neutral,0.0,neutral,0.0,neutral,0
6201,neutral,neutral,0.0,neutral,0.0,neutral,0
6202,neutral,neutral,0.0,neutral,0.0,neutral,0
6203,neutral,neutral,0.0,neutral,0.0,neutral,0
6204,neutral,neutral,0.0,neutral,0.0,neutral,0
6205,neutral,neutral,0.0,neutral,0.0,neutral,0
6206,neutral,neutral,0.0,neutral,0.0,neutral,0
6207,neutral,neutral,0.0,neutral,0.0,neutral,0
6208,neutral,neutral,0.0,neutral,0.0,neutral,0
6209,neutral,neutral,0.0,neutral,0.0,neutral,0
6210,neutral,neutral,0.0,neutral,0.0,neutral,0
6211,neutral,neutral,0.0,neutral,0.0,neutral,0
6212,neutral,neutral,0.0,neutral,0.0,neutral,0
6213,neutral,neutral,0.0,neutral,0.0,neutral,0
6214,neutral,neutral,0.0,neutral,0.0,neutral,0
6215,neutral,neutral,0.0,neutral,0.0,neutral,0
6216,neutral,neutral,0.0,neutral,0.0,neutral,0
6217,neutral,neutral,0.0,neutral,0.0,neutral,0
6218,neutral,neutral,0.0,neutral,0.0,neutral,0
6219,neutral,neutral,0.0,neutral,0.0,neutral,0
6220,neutral,neutral,0.0,neutral,0.0,neutral,0
6221,neutral,neutral,0.0,neutral,0.0,neutral,0
6222,neutral,neutral,0.0,neutral,0.0,neutral,0
6223,neutral,neutral,0.0,neutral,0.0,neutral,0
6224,neutral,neutral,0.0,neutral,0.0,neutral,0
6225,neutral,neutral,0.0,neutral,0.0,neutral,0
6226,neutral,neutral,0.0,neutral,0.0,neutral,0
6227,neutral,neutral,0.0,neutral,0.0,neutral,0
6228,neutral,neutral,0.0,neutral,0.0,neutral,0
6229,neutral,neutral,0.0,neutral,0.0,neutral,0
6230,neutral,neutral,0.0,neutral,0.0,neutral,0
6231,neutral,neutral,0.0,neutral,0.0,neutral,0
6232,neutral,neutral,0.0,neutral,0.0,neutral,0
6233,neutral,neutral,0.0,neutral,0.0,neutral,0
6234,neutral,neutral,0.0,neutral,0.0,neutral,0
6235,neutral,neutral,0.0,neutral,0.0,neutral,0
6236,neutral,neutral,0.0,neutral,0.0,neutral,0
6237,neutral,neutral,0.0,neutral,0.0,neutral,0
6238,neutral,neutral,0.0,neutral,0.0,neutral,0
6239,neutral,neutral,0.0,neutral,0.0,neutral,0
6240,neutral,neutral,0.0,neutral,0.0,neutral,0
6241,neutral,neutral,0.0,neutral,0.0,neutral,0
6242,neutral,neutral,0.0,neutral,0.0,neutral,0
6243,neutral,neutral,0.0,neutral,0.0,neutral,0
6244,neutral,neutral,0.0,neutral,0.0,neutral,0
6245,neutral,neutral,0.0,neutral,0.0,neutral,0
6246,neutral,neutral,0.0,neutral,0.0,neutral,0
6247,neutral,neutral,0.0,neutral,0.0,neutral,0
6248,neutral,neutral,0.0,neutral,0.0,neutral,0
6249,neutral,neutral,0.0,neutral,0.0,neutral,0
6250,neutral,neutral,0.0,neutral,0.0,neutral,0
6251,neutral,neutral,0.0,neutral,0.0,neutral,0
6252,neutral,neutral,0.0,neutral,0.0,neutral,0
6253,neutral,neutral,0.0,neutral,0.0,neutral,0
6254,neutral,neutral,0.0,neutral,0.0,neutral,0
6255,neutral,neutral,0.0,neutral,0.0,neutral,0
6256,neutral,neutral,0.0,neutral,0.0,neutral,0
6257,neutral,neutral,0.0,neutral,0.0,neutral,0
6258,neutral,neutral,0.0,neutral,0.0,neutral,0
6259,neutral,neutral,0.0,neutral,0.0,neutral,0
6260,neutral,neutral,0.0,neutral,0.0,neutral,0
6261,neutral,neutral,0.0,neutral,0.0,neutral,0
6262,neutral,neutral,0.0,neutral,0.0,neutral,0
6263,neutral,neutral,0.0,neutral,0.0,neutral,0
6264,neutral,neutral,0.0,neutral,0.0,neutral,0
6265,neutral,neutral,0.0,neutral,0.0,neutral,0
6266,neutral,neutral,0.0,neutral,0.0,neutral,0
6267,neutral,neutral,0.0,neutral,0.0,neutral,0
6268,neutral,neutral,0.0,neutral,0.0,neutral,0
6269,neutral,neutral,0.0,neutral,0.0,neutral,0
6270,neutral,neutral,0.0,neutral,0.0,neutral,0
6271,neutral,neutral,0.0,neutral,0.0,neutral,0
6272,neutral,neutral,0.0,neutral,0.0,neutral,0
6273,neutral,neutral,0.0,neutral,0.0,neutral,0
6274,neutral,neutral,0.0,neutral,0.0,neutral,0
6275,neutral,neutral,0.0,neutral,0.0,neutral,0
6276,neutral,neutral,0.0,neutral,0.0,neutral,0
6277,neutral,neutral,0.0,neutral,0.0,neutral,0
6278,neutral,neutral,0.0,neutral,0.0,neutral,0
6279,neutral,neutral,0.0,neutral,0.0,neutral,0
6280,neutral,neutral,0.0,neutral,0.0,neutral,0
6281,neutral,neutral,0.0,neutral,0.0,neutral,0
6282,neutral,neutral,0.0,neutral,0.0,neutral,0
6283,neutral,neutral,0.0,neutral,0.0,neutral,0
6284,neutral,neutral,0.0,neutral,0.0,neutral,0
6285,neutral,neutral,0.0,neutral,0.0,neutral,0
6286,neutral,neutral,0.0,neutral,0.0,neutral,0
6287,neutral,neutral,0.0,neutral,0.0,neutral,0
6288,neutral,neutral,0.0,neutral,0.0,neutral,0
6289,neutral,neutral,0.0,neutral,0.0,neutral,0
6290,neutral,neutral,0.0,neutral,0.0,neutral,0
6291,neutral,neutral,0.0,neutral,0.0,neutral,0
6292,neutral,neutral,0.0,neutral,0.0,neutral,0
6293,neutral,neutral,0.0,neutral,0.0,neutral,0
6294,neutral,neutral,0.0,neutral,0.0,neutral,0
6295,neutral,neutral,0.0,neutral,0.0,neutral,0
6296,neutral,neutral,0.0,neutral,0.0,neutral,0
6297,neutral,neutral,0.0,neutral,0.0,neutral,0
6298,neutral,neutral,0.0,neutral,0.0,neutral,0
6299,neutral,neutral,0.0,neutral,0.0,neutral,0
6300,neutral,neutral,0.0,neutral,0.0,neutral,0
6301,neutral,neutral,0.0,neutral,0.0,neutral,0
6302,neutral,neutral,0.0,neutral,0.0,neutral,0
6303,neutral,neutral,0.0,neutral,0.0,neutral,0
6304,neutral,neutral,0.0,neutral,0.0,neutral,0
6305,neutral,neutral,0.0,neutral,0.0,neutral,0
6306,neutral,neutral,0.0,neutral,0.0,neutral,0
6307,neutral,neutral,0.0,neutral,0.0,neutral,0
6308,neutral,neutral,0.0,neutral,0.0,neutral,0
6309,neutral,neutral,0.0,neutral,0.0,neutral,0
6310,neutral,neutral,0.0,neutral,0.0,neutral,0
6311,neutral,neutral,0.0,neutral,0.0,neutral,0
6312,neutral,neutral,0.0,neutral,0.0,neutral,0
6313,neutral,neutral,0.0,neutral,0.0,neutral,0
6314,neutral,neutral,0.0,neutral,0.0,neutral,0
6315,neutral,neutral,0.0,neutral,0.0,neutral,0
6316,neutral,neutral,0.0,neutral,0.0,neutral,0
6317,neutral,neutral,0.0,neutral,0.0,neutral,0
6318,neutral,neutral,0.0,neutral,0.0,neutral,0
6319,neutral,neutral,0.0,neutral,0.0,neutral,0
6320,neutral,neutral,0.0,neutral,0.0,neutral,0
6321,neutral,neutral,0.0,neutral,0.0,neutral,0
6322,neutral,neutral,0.0,neutral,0.0,neutral,0
6323,neutral,neutral,0.0,neutral,0.0,neutral,0
6324,neutral,neutral,0.0,neutral,0.0,neutral,0
6325,neutral,neutral,0.0,neutral,0.0,neutral,0
6326,neutral,neutral,0.0,neutral,0.0,neutral,0
6327,neutral,neutral,0.0,neutral,0.0,neutral,0
6328,neutral,neutral,0.0,neutral,0.0,neutral,0
6329,neutral,neutral,0.0,neutral,0.0,neutral,0
6330,neutral,neutral,0.0,neutral,0.0,neutral,0
6331,neutral,neutral,0.0,neutral,0.0,neutral,0
6332,neutral,neutral,0.0,neutral,0.0,neutral,0
6333,neutral,neutral,0.0,neutral,0.0,neutral,0
6334,neutral,neutral,0.0,neutral,0.0,neutral,0
6335,neutral,neutral,0.0,neutral,0.0,neutral,0
6336,neutral,neutral,0.0,neutral,0.0,neutral,0
6337,neutral,neutral,0.0,neutral,0.0,neutral,0
6338,neutral,neutral,0.0,neutral,0.0,neutral,0
6339,neutral,neutral,0.0,neutral,0.0,neutral,0
6340,neutral,neutral,0.0,neutral,0.0,neutral,0
6341,neutral,neutral,0.0,neutral,0.0,neutral,0
6342,neutral,neutral,0.0,neutral,0.0,neutral,0
6343,neutral,neutral,0.0,neutral,0.0,neutral,0
6344,neutral,neutral,0.0,neutral,0.0,neutral,0
6345,neutral,neutral,0.0,neutral,0.0,neutral,0
6346,neutral,neutral,0.0,neutral,0.0,neutral,0
6347,neutral,neutral,0.0,neutral,0.0,neutral,0
6348,neutral,neutral,0.0,neutral,0.0,neutral,0
6349,neutral,neutral,0.0,neutral,0.0,neutral,0
6350,neutral,neutral,0.0,neutral,0.0,neutral,0
6351,neutral,neutral,0.0,neutral,0.0,neutral,0
6352,neutral,neutral,0.0,neutral,0.0,neutral,0
6353,neutral,neutral,0.0,neutral,0.0,neutral,0
6354,neutral,neutral,0.0,neutral,0.0,neutral,0
6355,neutral,neutral,0.0,neutral,0.0,neutral,0
6356,neutral,neutral,0.0,neutral,0.0,neutral,0
6357,neutral,neutral,0.0,neutral,0.0,neutral,0
6358,neutral,neutral,0.0,neutral,0.0,neutral,0
6359,neutral,neutral,0.0,neutral,0.0,neutral,0
6360,neutral,neutral,0.0,neutral,0.0,neutral,0
6361,neutral,neutral,0.0,neutral,0.0,neutral,0
6362,neutral,neutral,0.0,neutral,0.0,neutral,0
6363,neutral,neutral,0.0,neutral,0.0,neutral,0
6364,neutral,neutral,0.0,neutral,0.0,neutral,0
6365,neutral,neutral,0.0,neutral,0.0,neutral,0
6366,neutral,neutral,0.0,neutral,0.0,neutral,0
6367,neutral,neutral,0.0,neutral,0.0,neutral,0
6368,neutral,neutral,0.0,neutral,0.0,neutral,0
6369,neutral,neutral,0.0,neutral,0.0,neutral,0
6370,neutral,neutral,0.0,neutral,0.0,neutral,0
6371,neutral,neutral,0.0,neutral,0.0,neutral,0
6372,neutral,neutral,0.0,neutral,0.0,neutral,0
6373,neutral,neutral,0.0,neutral,0.0,neutral,0
6374,neutral,neutral,0.0,neutral,0.0,neutral,0
6375,neutral,neutral,0.0,neutral,0.0,neutral,0
6376,neutral,neutral,0.0,neutral,0.0,neutral,0
6377,neutral,neutral,0.0,neutral,0.0,neutral,0
6378,neutral,neutral,0.0,neutral,0.0,neutral,0
6379,neutral,neutral,0.0,neutral,0.0,neutral,0
6380,neutral,neutral,0.0,neutral,0.0,neutral,0
6381,neutral,neutral,0.0,neutral,0.0,neutral,0
6382,neutral,neutral,0.0,neutral,0.0,neutral,0
6383,neutral,neutral,0.0,neutral,0.0,neutral,0
6384,neutral,neutral,0.0,neutral,0.0,neutral,0
6385,neutral,neutral,0.0,neutral,0.0,neutral,0
6386,neutral,neutral,0.0,neutral,0.0,neutral,0
6387,neutral,neutral,0.0,neutral,0.0,neutral,0
6388,neutral,neutral,0.0,neutral,0.0,neutral,0
6389,neutral,neutral,0.0,neutral,0.0,neutral,0
6390,neutral,neutral,0.0,neutral,0.0,neutral,0
6391,neutral,neutral,0.0,neutral,0.0,neutral,0
6392,neutral,neutral,0.0,neutral,0.0,neutral,0
6393,neutral,neutral,0.0,neutral,0.0,neutral,0
6394,neutral,neutral,0.0,neutral,0.0,neutral,0
6395,neutral,neutral,0.0,neutral,0.0,neutral,0
6396,neutral,neutral,0.0,neutral,0.0,neutral,0
6397,neutral,neutral,0.0,neutral,0.0,neutral,0
6398,neutral,neutral,0.0,neutral,0.0,neutral,0
6399,neutral,neutral,0.0,neutral,0.0,neutral,0
6400,neutral,neutral,0.0,neutral,0.0,neutral,0
6401,neutral,neutral,0.0,neutral,0.0,neutral,0
6402,neutral,neutral,0.0,neutral,0.0,neutral,0
6403,neutral,neutral,0.0,neutral,0.0,neutral,0
6404,neutral,neutral,0.0,neutral,0.0,neutral,0
6405,neutral,neutral,0.0,neutral,0.0,neutral,0
6406,neutral,neutral,0.0,neutral,0.0,neutral,0
6407,neutral,neutral,0.0,neutral,0.0,neutral,0
6408,neutral,neutral,0.0,neutral,0.0,neutral,0
6409,neutral,neutral,0.0,neutral,0.0,neutral,0
6410,neutral,neutral,0.0,neutral,0.0,neutral,0
6411,neutral,neutral,0.0,neutral,0.0,neutral,0
6412,neutral,neutral,0.0,neutral,0.0,neutral,0
6413,neutral,neutral,0.0,neutral,0.0,neutral,0
6414,neutral,neutral,0.0,neutral,0.0,neutral,0
6415,neutral,neutral,0.0,neutral,0.0,neutral,0
6416,neutral,neutral,0.0,neutral,0.0,neutral,0
6417,neutral,neutral,0.0,neutral,0.0,neutral,0
6418,neutral,neutral,0.0,neutral,0.0,neutral,0
6419,neutral,neutral,0.0,neutral,0.0,neutral,0
6420,neutral,neutral,0.0,neutral,0.0,neutral,0
6421,neutral,neutral,0.0,neutral,0.0,neutral,0
6422,neutral,neutral,0.0,neutral,0.0,neutral,0
6423,neutral,neutral,0.0,neutral,0.0,neutral,0
6424,neutral,neutral,0.0,neutral,0.0,neutral,0
6425,neutral,neutral,0.0,neutral,0.0,neutral,0
6426,neutral,neutral,0.0,neutral,0.0,neutral,0
6427,neutral,neutral,0.0,neutral,0.0,neutral,0
6428,neutral,neutral,0.0,neutral,0.0,neutral,0
6429,neutral,neutral,0.0,neutral,0.0,neutral,0
6430,neutral,neutral,0.0,neutral,0.0,neutral,0
6431,neutral,neutral,0.0,neutral,0.0,neutral,0
6432,neutral,neutral,0.0,neutral,0.0,neutral,0
6433,neutral,neutral,0.0,neutral,0.0,neutral,0
6434,neutral,neutral,0.0,neutral,0.0,neutral,0
6435,neutral,neutral,0.0,neutral,0.0,neutral,0
6436,neutral,neutral,0.0,neutral,0.0,neutral,0
6437,neutral,neutral,0.0,neutral,0.0,neutral,0
6438,neutral,neutral,0.0,neutral,0.0,neutral,0
6439,neutral,neutral,0.0,neutral,0.0,neutral,0
6440,neutral,neutral,0.0,neutral,0.0,neutral,0
6441,neutral,neutral,0.0,neutral,0.0,neutral,0
6442,neutral,neutral,0.0,neutral,0.0,neutral,0
6443,neutral,neutral,0.0,neutral,0.0,neutral,0
6444,neutral,neutral,0.0,neutral,0.0,neutral,0
6445,neutral,neutral,0.0,neutral,0.0,neutral,0
6446,neutral,neutral,0.0,neutral,0.0,neutral,0
6447,neutral,neutral,0.0,neutral,0.0,neutral,0
6448,neutral,neutral,0.0,neutral,0.0,neutral,0
6449,neutral,neutral,0.0,neutral,0.0,neutral,0
6450,neutral,neutral,0.0,neutral,0.0,neutral,0
6451,neutral,neutral,0.0,neutral,0.0,neutral,0
6452,neutral,neutral,0.0,neutral,0.0,neutral,0
6453,neutral,neutral,0.0,neutral,0.0,neutral,0
6454,neutral,neutral,0.0,neutral,0.0,neutral,0
6455,neutral,neutral,0.0,neutral,0.0,neutral,0
6456,neutral,neutral,0.0,neutral,0.0,neutral,0
6457,neutral,neutral,0.0,neutral,0.0,neutral,0
6458,neutral,neutral,0.0,neutral,0.0,neutral,0
6459,neutral,neutral,0.0,neutral,0.0,neutral,0
6460,neutral,neutral,0.0,neutral,0.0,neutral,0
6461,neutral,neutral,0.0,neutral,0.0,neutral,0
6462,neutral,neutral,0.0,neutral,0.0,neutral,0
6463,neutral,neutral,0.0,neutral,0.0,neutral,0
6464,neutral,neutral,0.0,neutral,0.0,neutral,0
6465,neutral,neutral,0.0,neutral,0.0,neutral,0
6466,neutral,neutral,0.0,neutral,0.0,neutral,0
6467,neutral,neutral,0.0,neutral,0.0,neutral,0
6468,neutral,neutral,0.0,neutral,0.0,neutral,0
6469,neutral,neutral,0.0,neutral,0.0,neutral,0
6470,neutral,neutral,0.0,neutral,0.0,neutral,0
6471,neutral,neutral,0.0,neutral,0.0,neutral,0
6472,neutral,neutral,0.0,neutral,0.0,neutral,0
6473,neutral,neutral,0.0,neutral,0.0,neutral,0
6474,neutral,neutral,0.0,neutral,0.0,neutral,0
6475,neutral,neutral,0.0,neutral,0.0,neutral,0
6476,neutral,neutral,0.0,neutral,0.0,neutral,0
6477,neutral,neutral,0.0,neutral,0.0,neutral,0
6478,neutral,neutral,0.0,neutral,0.0,neutral,0
6479,neutral,neutral,0.0,neutral,0.0,neutral,0
6480,neutral,neutral,0.0,neutral,0.0,neutral,0
6481,neutral,neutral,0.0,neutral,0.0,neutral,0
6482,neutral,neutral,0.0,neutral,0.0,neutral,0
6483,neutral,neutral,0.0,neutral,0.0,neutral,0
6484,neutral,neutral,0.0,neutral,0.0,neutral,0
6485,neutral,neutral,0.0,neutral,0.0,neutral,0
6486,neutral,neutral,0.0,neutral,0.0,neutral,0
6487,neutral,neutral,0.0,neutral,0.0,neutral,0
6488,neutral,neutral,0.0,neutral,0.0,neutral,0
6489,neutral,neutral,0.0,neutral,0.0,neutral,0
6490,neutral,neutral,0.0,neutral,0.0,neutral,0
6491,neutral,neutral,0.0,neutral,0.0,neutral,0
6492,neutral,neutral,0.0,neutral,0.0,neutral,0
6493,neutral,neutral,0.0,neutral,0.0,neutral,0
6494,neutral,neutral,0.0,neutral,0.0,neutral,0
6495,neutral,neutral,0.0,neutral,0.0,neutral,0
6496,neutral,neutral,0.0,neutral,0.0,neutral,0
6497,neutral,neutral,0.0,neutral,0.0,neutral,0
6498,neutral,neutral,0.0,neutral,0.0,neutral,0
6499,neutral,neutral,0.0,neutral,0.0,neutral,0
6500,neutral,neutral,0.0,neutral,0.0,neutral,0
6501,neutral,neutral,0.0,neutral,0.0,neutral,0
6502,neutral,neutral,0.0,neutral,0.0,neutral,0
6503,neutral,neutral,0.0,neutral,0.0,neutral,0
6504,neutral,neutral,0.0,neutral,0.0,neutral,0
6505,neutral,neutral,0.0,neutral,0.0,neutral,0
6506,neutral,neutral,0.0,neutral,0.0,neutral,0
6507,neutral,neutral,0.0,neutral,0.0,neutral,0
6508,neutral,neutral,0.0,neutral,0.0,neutral,0
6509,neutral,neutral,0.0,neutral,0.0,neutral,0
6510,neutral,neutral,0.0,neutral,0.0,neutral,0
6511,neutral,neutral,0.0,neutral,0.0,neutral,0
6512,neutral,neutral,0.0,neutral,0.0,neutral,0
6513,neutral,neutral,0.0,neutral,0.0,neutral,0
6514,neutral,neutral,0.0,neutral,0.0,neutral,0
6515,neutral,neutral,0.0,neutral,0.0,neutral,0
6516,neutral,neutral,0.0,neutral,0.0,neutral,0
6517,neutral,neutral,0.0,neutral,0.0,neutral,0
6518,neutral,neutral,0.0,neutral,0.0,neutral,0
6519,neutral,neutral,0.0,neutral,0.0,neutral,0
6520,neutral,neutral,0.0,neutral,0.0,neutral,0
6521,neutral,neutral,0.0,neutral,0.0,neutral,0
6522,neutral,neutral,0.0,neutral,0.0,neutral,0
6523,neutral,neutral,0.0,neutral,0.0,neutral,0
6524,neutral,neutral,0.0,neutral,0.0,neutral,0
6525,neutral,neutral,0.0,neutral,0.0,neutral,0
6526,neutral,neutral,0.0,neutral,0.0,neutral,0
6527,neutral,neutral,0.0,neutral,0.0,neutral,0
6528,neutral,neutral,0.0,neutral,0.0,neutral,0
6529,neutral,neutral,0.0,neutral,0.0,neutral,0
6530,neutral,neutral,0.0,neutral,0.0,neutral,0
6531,neutral,neutral,0.0,neutral,0.0,neutral,0
6532,neutral,neutral,0.0,neutral,0.0,neutral,0
6533,neutral,neutral,0.0,neutral,0.0,neutral,0
6534,neutral,neutral,0.0,neutral,0.0,neutral,0
6535,neutral,neutral,0.0,neutral,0.0,neutral,0
6536,neutral,neutral,0.0,neutral,0.0,neutral,0
6537,neutral,neutral,0.0,neutral,0.0,neutral,0
6538,neutral,neutral,0.0,neutral,0.0,neutral,0
6539,neutral,neutral,0.0,neutral,0.0,neutral,0
6540,neutral,neutral,0.0,neutral,0.0,neutral,0
6541,neutral,neutral,0.0,neutral,0.0,neutral,0
6542,neutral,neutral,0.0,neutral,0.0,neutral,0
6543,neutral,neutral,0.0,neutral,0.0,neutral,0
6544,neutral,neutral,0.0,neutral,0.0,neutral,0
6545,neutral,neutral,0.0,neutral,0.0,neutral,0
6546,neutral,neutral,0.0,neutral,0.0,neutral,0
6547,neutral,neutral,0.0,neutral,0.0,neutral,0
6548,neutral,neutral,0.0,neutral,0.0,neutral,0
6549,neutral,neutral,0.0,neutral,0.0,neutral,0
6550,neutral,neutral,0.0,neutral,0.0,neutral,0
6551,neutral,neutral,0.0,neutral,0.0,neutral,0
6552,neutral,neutral,0.0,neutral,0.0,neutral,0
6553,neutral,neutral,0.0,neutral,0.0,neutral,0
6554,neutral,neutral,0.0,neutral,0.0,neutral,0
6555,neutral,neutral,0.0,neutral,0.0,neutral,0
6556,neutral,neutral,0.0,neutral,0.0,neutral,0
6557,neutral,neutral,0.0,neutral,0.0,neutral,0
6558,neutral,neutral,0.0,neutral,0.0,neutral,0
6559,neutral,neutral,0.0,neutral,0.0,neutral,0
6560,neutral,neutral,0.0,neutral,0.0,neutral,0
6561,neutral,neutral,0.0,neutral,0.0,neutral,0
6562,neutral,neutral,0.0,neutral,0.0,neutral,0
6563,neutral,neutral,0.0,neutral,0.0,neutral,0
6564,neutral,neutral,0.0,neutral,0.0,neutral,0
6565,neutral,neutral,0.0,neutral,0.0,neutral,0
6566,neutral,neutral,0.0,neutral,0.0,neutral,0
6567,neutral,neutral,0.0,neutral,0.0,neutral,0
6568,neutral,neutral,0.0,neutral,0.0,neutral,0
6569,neutral,neutral,0.0,neutral,0.0,neutral,0
6570,neutral,neutral,0.0,neutral,0.0,neutral,0
6571,neutral,neutral,0.0,neutral,0.0,neutral,0
6572,neutral,neutral,0.0,neutral,0.0,neutral,0
6573,neutral,neutral,0.0,neutral,0.0,neutral,0
6574,neutral,neutral,0.0,neutral,0.0,neutral,0
6575,neutral,neutral,0.0,neutral,0.0,neutral,0
6576,neutral,neutral,0.0,neutral,0.0,neutral,0
6577,neutral,neutral,0.0,neutral,0.0,neutral,0
6578,neutral,neutral,0.0,neutral,0.0,neutral,0
6579,neutral,neutral,0.0,neutral,0.0,neutral,0
6580,neutral,neutral,0.0,neutral,0.0,neutral,0
6581,neutral,neutral,0.0,neutral,0.0,neutral,0
6582,neutral,neutral,0.0,neutral,0.0,neutral,0
6583,neutral,neutral,0.0,neutral,0.0,neutral,0
6584,neutral,neutral,0.0,neutral,0.0,neutral,0
6585,neutral,neutral,0.0,neutral,0.0,neutral,0
6586,neutral,neutral,0.0,neutral,0.0,neutral,0
6587,neutral,neutral,0.0,neutral,0.0,neutral,0
6588,neutral,neutral,0.0,neutral,0.0,neutral,0
6589,neutral,neutral,0.0,neutral,0.0,neutral,0
6590,neutral,neutral,0.0,neutral,0.0,neutral,0
6591,neutral,neutral,0.0,neutral,0.0,neutral,0
6592,neutral,neutral,0.0,neutral,0.0,neutral,0
6593,neutral,neutral,0.0,neutral,0.0,neutral,0
6594,neutral,neutral,0.0,neutral,0.0,neutral,0
6595,neutral,neutral,0.0,neutral,0.0,neutral,0
6596,neutral,neutral,0.0,neutral,0.0,neutral,0
6597,neutral,neutral,0.0,neutral,0.0,neutral,0
6598,neutral,neutral,0.0,neutral,0.0,neutral,0
6599,neutral,neutral,0.0,neutral,0.0,neutral,0
6600,neutral,neutral,0.0,neutral,0.0,neutral,0
6601,neutral,neutral,0.0,neutral,0.0,neutral,0
6602,neutral,neutral,0.0,neutral,0.0,neutral,0
6603,neutral,neutral,0.0,neutral,0.0,neutral,0
6604,neutral,neutral,0.0,neutral,0.0,neutral,0
6605,neutral,neutral,0.0,neutral,0.0,neutral,0
6606,neutral,neutral,0.0,neutral,0.0,neutral,0
6607,neutral,neutral,0.0,neutral,0.0,neutral,0
6608,neutral,neutral,0.0,neutral,0.0,neutral,0
6609,neutral,neutral,0.0,neutral,0.0,neutral,0
6610,neutral,neutral,0.0,neutral,0.0,neutral,0
6611,neutral,neutral,0.0,neutral,0.0,neutral,0
6612,neutral,neutral,0.0,neutral,0.0,neutral,0
6613,neutral,neutral,0.0,neutral,0.0,neutral,0
6614,neutral,neutral,0.0,neutral,0.0,neutral,0
6615,neutral,neutral,0.0,neutral,0.0,neutral,0
6616,neutral,neutral,0.0,neutral,0.0,neutral,0
6617,neutral,neutral,0.0,neutral,0.0,neutral,0
6618,neutral,neutral,0.0,neutral,0.0,neutral,0
6619,neutral,neutral,0.0,neutral,0.0,neutral,0
6620,neutral,neutral,0.0,neutral,0.0,neutral,0
6621,neutral,neutral,0.0,neutral,0.0,neutral,0
6622,neutral,neutral,0.0,neutral,0.0,neutral,0
6623,neutral,neutral,0.0,neutral,0.0,neutral,0
6624,neutral,neutral,0.0,neutral,0.0,neutral,0
6625,neutral,neutral,0.0,neutral,0.0,neutral,0
6626,neutral,neutral,0.0,neutral,0.0,neutral,0
6627,neutral,neutral,0.0,neutral,0.0,neutral,0
6628,neutral,neutral,0.0,neutral,0.0,neutral,0
6629,neutral,neutral,0.0,neutral,0.0,neutral,0
6630,neutral,neutral,0.0,neutral,0.0,neutral,0
6631,neutral,neutral,0.0,neutral,0.0,neutral,0
6632,neutral,neutral,0.0,neutral,0.0,neutral,0
6633,neutral,neutral,0.0,neutral,0.0,neutral,0
6634,neutral,neutral,0.0,neutral,0.0,neutral,0
6635,neutral,neutral,0.0,neutral,0.0,neutral,0
6636,neutral,neutral,0.0,neutral,0.0,neutral,0
6637,neutral,neutral,0.0,neutral,0.0,neutral,0
6638,neutral,neutral,0.0,neutral,0.0,neutral,0
6639,neutral,neutral,0.0,neutral,0.0,neutral,0
6640,neutral,neutral,0.0,neutral,0.0,neutral,0
6641,neutral,neutral,0.0,neutral,0.0,neutral,0
6642,neutral,neutral,0.0,neutral,0.0,neutral,0
6643,neutral,neutral,0.0,neutral,0.0,neutral,0
6644,neutral,neutral,0.0,neutral,0.0,neutral,0
6645,neutral,neutral,0.0,neutral,0.0,neutral,0
6646,neutral,neutral,0.0,neutral,0.0,neutral,0
6647,neutral,neutral,0.0,neutral,0.0,neutral,0
6648,neutral,neutral,0.0,neutral,0.0,neutral,0
6649,neutral,neutral,0.0,neutral,0.0,neutral,0
6650,neutral,neutral,0.0,neutral,0.0,neutral,0
6651,neutral,neutral,0.0,neutral,0.0,neutral,0
6652,neutral,neutral,0.0,neutral,0.0,neutral,0
6653,neutral,neutral,0.0,neutral,0.0,neutral,0
6654,neutral,neutral,0.0,neutral,0.0,neutral,0
6655,neutral,neutral,0.0,neutral,0.0,neutral,0
6656,neutral,neutral,0.0,neutral,0.0,neutral,0
6657,neutral,neutral,0.0,neutral,0.0,neutral,0
6658,neutral,neutral,0.0,neutral,0.0,neutral,0
6659,neutral,neutral,0.0,neutral,0.0,neutral,0
6660,neutral,neutral,0.0,neutral,0.0,neutral,0
6661,neutral,neutral,0.0,neutral,0.0,neutral,0
6662,neutral,neutral,0.0,neutral,0.0,neutral,0
6663,neutral,neutral,0.0,neutral,0.0,neutral,0
6664,neutral,neutral,0.0,neutral,0.0,neutral,0
6665,neutral,neutral,0.0,neutral,0.0,neutral,0
6666,neutral,neutral,0.0,neutral,0.0,neutral,0
6667,neutral,neutral,0.0,neutral,0.0,neutral,0
6668,neutral,neutral,0.0,neutral,0.0,neutral,0
6669,neutral,neutral,0.0,neutral,0.0,neutral,0
6670,neutral,neutral,0.0,neutral,0.0,neutral,0
6671,neutral,neutral,0.0,neutral,0.0,neutral,0
6672,neutral,neutral,0.0,neutral,0.0,neutral,0
6673,neutral,neutral,0.0,neutral,0.0,neutral,0
6674,neutral,neutral,0.0,neutral,0.0,neutral,0
6675,neutral,neutral,0.0,neutral,0.0,neutral,0
6676,neutral,neutral,0.0,neutral,0.0,neutral,0
6677,neutral,neutral,0.0,neutral,0.0,neutral,0
6678,neutral,neutral,0.0,neutral,0.0,neutral,0
6679,neutral,neutral,0.0,neutral,0.0,neutral,0
6680,neutral,neutral,0.0,neutral,0.0,neutral,0
6681,neutral,neutral,0.0,neutral,0.0,neutral,0
6682,neutral,neutral,0.0,neutral,0.0,neutral,0
6683,neutral,neutral,0.0,neutral,0.0,neutral,0
6684,neutral,neutral,0.0,neutral,0.0,neutral,0
6685,neutral,neutral,0.0,neutral,0.0,neutral,0
6686,neutral,neutral,0.0,neutral,0.0,neutral,0
6687,neutral,neutral,0.0,neutral,0.0,neutral,0
6688,neutral,neutral,0.0,neutral,0.0,neutral,0
6689,neutral,neutral,0.0,neutral,0.0,neutral,0
6690,neutral,neutral,0.0,neutral,0.0,neutral,0
6691,neutral,neutral,0.0,neutral,0.0,neutral,0
6692,neutral,neutral,0.0,neutral,0.0,neutral,0
6693,neutral,neutral,0.0,neutral,0.0,neutral,0
6694,neutral,neutral,0.0,neutral,0.0,neutral,0
6695,neutral,neutral,0.0,neutral,0.0,neutral,0
6696,neutral,neutral,0.0,neutral,0.0,neutral,0
6697,neutral,neutral,0.0,neutral,0.0,neutral,0
6698,neutral,neutral,0.0,neutral,0.0,neutral,0
6699,neutral,neutral,0.0,neutral,0.0,neutral,0
6700,neutral,neutral,0.0,neutral,0.0,neutral,0
6701,neutral,neutral,0.0,neutral,0.0,neutral,0
6702,neutral,neutral,0.0,neutral,0.0,neutral,0
6703,neutral,neutral,0.0,neutral,0.0,neutral,0
6704,neutral,neutral,0.0,neutral,0.0,neutral,0
6705,neutral,neutral,0.0,neutral,0.0,neutral,0
6706,neutral,neutral,0.0,neutral,0.0,neutral,0
6707,neutral,neutral,0.0,neutral,0.0,neutral,0
6708,neutral,neutral,0.0,neutral,0.0,neutral,0
6709,neutral,neutral,0.0,neutral,0.0,neutral,0
6710,neutral,neutral,0.0,neutral,0.0,neutral,0
6711,neutral,neutral,0.0,neutral,0.0,neutral,0
6712,neutral,neutral,0.0,neutral,0.0,neutral,0
6713,neutral,neutral,0.0,neutral,0.0,neutral,0
6714,neutral,neutral,0.0,neutral,0.0,neutral,0
6715,neutral,neutral,0.0,neutral,0.0,neutral,0
6716,neutral,neutral,0.0,neutral,0.0,neutral,0
6717,neutral,neutral,0.0,neutral,0.0,neutral,0
6718,neutral,neutral,0.0,neutral,0.0,neutral,0
6719,neutral,neutral,0.0,neutral,0.0,neutral,0
6720,neutral,neutral,0.0,neutral,0.0,neutral,0
6721,neutral,neutral,0.0,neutral,0.0,neutral,0
6722,neutral,neutral,0.0,neutral,0.0,neutral,0
6723,neutral,neutral,0.0,neutral,0.0,neutral,0
6724,neutral,neutral,0.0,neutral,0.0,neutral,0
6725,neutral,neutral,0.0,neutral,0.0,neutral,0
6726,neutral,neutral,0.0,neutral,0.0,neutral,0
6727,neutral,neutral,0.0,neutral,0.0,neutral,0
6728,neutral,neutral,0.0,neutral,0.0,neutral,0
6729,neutral,neutral,0.0,neutral,0.0,neutral,0
6730,neutral,neutral,0.0,neutral,0.0,neutral,0
6731,neutral,neutral,0.0,neutral,0.0,neutral,0
6732,neutral,neutral,0.0,neutral,0.0,neutral,0
6733,neutral,neutral,0.0,neutral,0.0,neutral,0
6734,neutral,neutral,0.0,neutral,0.0,neutral,0
6735,neutral,neutral,0.0,neutral,0.0,neutral,0
6736,neutral,neutral,0.0,neutral,0.0,neutral,0
6737,neutral,neutral,0.0,neutral,0.0,neutral,0
6738,neutral,neutral,0.0,neutral,0.0,neutral,0
6739,neutral,neutral,0.0,neutral,0.0,neutral,0
6740,neutral,neutral,0.0,neutral,0.0,neutral,0
6741,neutral,neutral,0.0,neutral,0.0,neutral,0
6742,neutral,neutral,0.0,neutral,0.0,neutral,0
6743,neutral,neutral,0.0,neutral,0.0,neutral,0
6744,neutral,neutral,0.0,neutral,0.0,neutral,0
6745,neutral,neutral,0.0,neutral,0.0,neutral,0
6746,neutral,neutral,0.0,neutral,0.0,neutral,0
6747,neutral,neutral,0.0,neutral,0.0,neutral,0
6748,neutral,neutral,0.0,neutral,0.0,neutral,0
6749,neutral,neutral,0.0,neutral,0.0,neutral,0
6750,neutral,neutral,0.0,neutral,0.0,neutral,0
6751,neutral,neutral,0.0,neutral,0.0,neutral,0
6752,neutral,neutral,0.0,neutral,0.0,neutral,0
6753,neutral,neutral,0.0,neutral,0.0,neutral,0
6754,neutral,neutral,0.0,neutral,0.0,neutral,0
6755,neutral,neutral,0.0,neutral,0.0,neutral,0
6756,neutral,neutral,0.0,neutral,0.0,neutral,0
6757,neutral,neutral,0.0,neutral,0.0,neutral,0
6758,neutral,neutral,0.0,neutral,0.0,neutral,0
6759,neutral,neutral,0.0,neutral,0.0,neutral,0
6760,neutral,neutral,0.0,neutral,0.0,neutral,0
6761,neutral,neutral,0.0,neutral,0.0,neutral,0
6762,neutral,neutral,0.0,neutral,0.0,neutral,0
6763,neutral,neutral,0.0,neutral,0.0,neutral,0
6764,neutral,neutral,0.0,neutral,0.0,neutral,0
6765,neutral,neutral,0.0,neutral,0.0,neutral,0
6766,neutral,neutral,0.0,neutral,0.0,neutral,0
6767,neutral,neutral,0.0,neutral,0.0,neutral,0
6768,neutral,neutral,0.0,neutral,0.0,neutral,0
6769,neutral,neutral,0.0,neutral,0.0,neutral,0
6770,neutral,neutral,0.0,neutral,0.0,neutral,0
6771,neutral,neutral,0.0,neutral,0.0,neutral,0
6772,neutral,neutral,0.0,neutral,0.0,neutral,0
6773,neutral,neutral,0.0,neutral,0.0,neutral,0
6774,neutral,neutral,0.0,neutral,0.0,neutral,0
6775,neutral,neutral,0.0,neutral,0.0,neutral,0
6776,neutral,neutral,0.0,neutral,0.0,neutral,0
6777,neutral,neutral,0.0,neutral,0.0,neutral,0
6778,neutral,neutral,0.0,neutral,0.0,neutral,0
6779,neutral,neutral,0.0,neutral,0.0,neutral,0
6780,neutral,neutral,0.0,neutral,0.0,neutral,0
6781,neutral,neutral,0.0,neutral,0.0,neutral,0
6782,neutral,neutral,0.0,neutral,0.0,neutral,0
6783,neutral,neutral,0.0,neutral,0.0,neutral,0
6784,neutral,neutral,0.0,neutral,0.0,neutral,0
6785,neutral,neutral,0.0,neutral,0.0,neutral,0
6786,neutral,neutral,0.0,neutral,0.0,neutral,0
6787,neutral,neutral,0.0,neutral,0.0,neutral,0
6788,neutral,neutral,0.0,neutral,0.0,neutral,0
6789,neutral,neutral,0.0,neutral,0.0,neutral,0
6790,neutral,neutral,0.0,neutral,0.0,neutral,0
6791,neutral,neutral,0.0,neutral,0.0,neutral,0
6792,neutral,neutral,0.0,neutral,0.0,neutral,0
6793,neutral,neutral,0.0,neutral,0.0,neutral,0
6794,neutral,neutral,0.0,neutral,0.0,neutral,0
6795,neutral,neutral,0.0,neutral,0.0,neutral,0
6796,neutral,neutral,0.0,neutral,0.0,neutral,0
6797,neutral,neutral,0.0,neutral,0.0,neutral,0
6798,neutral,neutral,0.0,neutral,0.0,neutral,0
6799,neutral,neutral,0.0,neutral,0.0,neutral,0
6800,neutral,neutral,0.0,neutral,0.0,neutral,0
6801,neutral,neutral,0.0,neutral,0.0,neutral,0
6802,neutral,neutral,0.0,neutral,0.0,neutral,0
6803,neutral,neutral,0.0,neutral,0.0,neutral,0
6804,neutral,neutral,0.0,neutral,0.0,neutral,0
6805,neutral,neutral,0.0,neutral,0.0,neutral,0
6806,neutral,neutral,0.0,neutral,0.0,neutral,0
6807,neutral,neutral,0.0,neutral,0.0,neutral,0
6808,neutral,neutral,0.0,neutral,0.0,neutral,0
6809,neutral,neutral,0.0,neutral,0.0,neutral,0
6810,neutral,neutral,0.0,neutral,0.0,neutral,0
6811,neutral,neutral,0.0,neutral,0.0,neutral,0
6812,neutral,neutral,0.0,neutral,0.0,neutral,0
6813,neutral,neutral,0.0,neutral,0.0,neutral,0
6814,neutral,neutral,0.0,neutral,0.0,neutral,0
6815,neutral,neutral,0.0,neutral,0.0,neutral,0
6816,neutral,neutral,0.0,neutral,0.0,neutral,0
6817,neutral,neutral,0.0,neutral,0.0,neutral,0
6818,neutral,neutral,0.0,neutral,0.0,neutral,0
6819,neutral,neutral,0.0,neutral,0.0,neutral,0
6820,neutral,neutral,0.0,neutral,0.0,neutral,0
6821,neutral,neutral,0.0,neutral,0.0,neutral,0
6822,neutral,neutral,0.0,neutral,0.0,neutral,0
6823,neutral,neutral,0.0,neutral,0.0,neutral,0
6824,neutral,neutral,0.0,neutral,0.0,neutral,0
6825,neutral,neutral,0.0,neutral,0.0,neutral,0
6826,neutral,neutral,0.0,neutral,0.0,neutral,0
6827,neutral,neutral,0.0,neutral,0.0,neutral,0
6828,neutral,neutral,0.0,neutral,0.0,neutral,0
6829,neutral,neutral,0.0,neutral,0.0,neutral,0
6830,neutral,neutral,0.0,neutral,0.0,neutral,0
6831,neutral,neutral,0.0,neutral,0.0,neutral,0
6832,neutral,neutral,0.0,neutral,0.0,neutral,0
6833,neutral,neutral,0.0,neutral,0.0,neutral,0
6834,neutral,neutral,0.0,neutral,0.0,neutral,0
6835,neutral,neutral,0.0,neutral,0.0,neutral,0
6836,neutral,neutral,0.0,neutral,0.0,neutral,0
6837,neutral,neutral,0.0,neutral,0.0,neutral,0
6838,neutral,neutral,0.0,neutral,0.0,neutral,0
6839,neutral,neutral,0.0,neutral,0.0,neutral,0
6840,neutral,neutral,0.0,neutral,0.0,neutral,0
6841,neutral,neutral,0.0,neutral,0.0,neutral,0
6842,neutral,neutral,0.0,neutral,0.0,neutral,0
6843,neutral,neutral,0.0,neutral,0.0,neutral,0
6844,neutral,neutral,0.0,neutral,0.0,neutral,0
6845,neutral,neutral,0.0,neutral,0.0,neutral,0
6846,neutral,neutral,0.0,neutral,0.0,neutral,0
6847,neutral,neutral,0.0,neutral,0.0,neutral,0
6848,neutral,neutral,0.0,neutral,0.0,neutral,0
6849,neutral,neutral,0.0,neutral,0.0,neutral,0
6850,neutral,neutral,0.0,neutral,0.0,neutral,0
6851,neutral,neutral,0.0,neutral,0.0,neutral,0
6852,neutral,neutral,0.0,neutral,0.0,neutral,0
6853,neutral,neutral,0.0,neutral,0.0,neutral,0
6854,neutral,neutral,0.0,neutral,0.0,neutral,0
6855,neutral,neutral,0.0,neutral,0.0,neutral,0
6856,neutral,neutral,0.0,neutral,0.0,neutral,0
6857,neutral,neutral,0.0,neutral,0.0,neutral,0
6858,neutral,neutral,0.0,neutral,0.0,neutral,0
6859,neutral,neutral,0.0,neutral,0.0,neutral,0
6860,neutral,neutral,0.0,neutral,0.0,neutral,0
6861,neutral,neutral,0.0,neutral,0.0,neutral,0
6862,neutral,neutral,0.0,neutral,0.0,neutral,0
6863,neutral,neutral,0.0,neutral,0.0,neutral,0
6864,neutral,neutral,0.0,neutral,0.0,neutral,0
6865,neutral,neutral,0.0,neutral,0.0,neutral,0
6866,neutral,neutral,0.0,neutral,0.0,neutral,0
6867,neutral,neutral,0.0,neutral,0.0,neutral,0
6868,neutral,neutral,0.0,neutral,0.0,neutral,0
6869,neutral,neutral,0.0,neutral,0.0,neutral,0
6870,neutral,neutral,0.0,neutral,0.0,neutral,0
6871,neutral,neutral,0.0,neutral,0.0,neutral,0
6872,neutral,neutral,0.0,neutral,0.0,neutral,0
6873,neutral,neutral,0.0,neutral,0.0,neutral,0
6874,neutral,neutral,0.0,neutral,0.0,neutral,0
6875,neutral,neutral,0.0,neutral,0.0,neutral,0
6876,neutral,neutral,0.0,neutral,0.0,neutral,0
6877,neutral,neutral,0.0,neutral,0.0,neutral,0
6878,neutral,neutral,0.0,neutral,0.0,neutral,0
6879,neutral,neutral,0.0,neutral,0.0,neutral,0
6880,neutral,neutral,0.0,neutral,0.0,neutral,0
6881,neutral,neutral,0.0,neutral,0.0,neutral,0
6882,neutral,neutral,0.0,neutral,0.0,neutral,0
6883,neutral,neutral,0.0,neutral,0.0,neutral,0
6884,neutral,neutral,0.0,neutral,0.0,neutral,0
6885,neutral,neutral,0.0,neutral,0.0,neutral,0
6886,neutral,neutral,0.0,neutral,0.0,neutral,0
6887,neutral,neutral,0.0,neutral,0.0,neutral,0
6888,neutral,neutral,0.0,neutral,0.0,neutral,0
6889,neutral,neutral,0.0,neutral,0.0,neutral,0
6890,neutral,neutral,0.0,neutral,0.0,neutral,0
6891,neutral,neutral,0.0,neutral,0.0,neutral,0
6892,neutral,neutral,0.0,neutral,0.0,neutral,0
6893,neutral,neutral,0.0,neutral,0.0,neutral,0
6894,neutral,neutral,0.0,neutral,0.0,neutral,0
6895,neutral,neutral,0.0,neutral,0.0,neutral,0
6896,neutral,neutral,0.0,neutral,0.0,neutral,0
6897,neutral,neutral,0.0,neutral,0.0,neutral,0
6898,neutral,neutral,0.0,neutral,0.0,neutral,0
6899,neutral,neutral,0.0,neutral,0.0,neutral,0
6900,neutral,neutral,0.0,neutral,0.0,neutral,0
6901,neutral,neutral,0.0,neutral,0.0,neutral,0
6902,neutral,neutral,0.0,neutral,0.0,neutral,0
6903,neutral,neutral,0.0,neutral,0.0,neutral,0
6904,neutral,neutral,0.0,neutral,0.0,neutral,0
6905,neutral,neutral,0.0,neutral,0.0,neutral,0
6906,neutral,neutral,0.0,neutral,0.0,neutral,0
6907,neutral,neutral,0.0,neutral,0.0,neutral,0
6908,neutral,neutral,0.0,neutral,0.0,neutral,0
6909,neutral,neutral,0.0,neutral,0.0,neutral,0
6910,neutral,neutral,0.0,neutral,0.0,neutral,0
6911,neutral,neutral,0.0,neutral,0.0,neutral,0
6912,neutral,neutral,0.0,neutral,0.0,neutral,0
6913,neutral,neutral,0.0,neutral,0.0,neutral,0
6914,neutral,neutral,0.0,neutral,0.0,neutral,0
6915,neutral,neutral,0.0,neutral,0.0,neutral,0
6916,neutral,neutral,0.0,neutral,0.0,neutral,0
6917,neutral,neutral,0.0,neutral,0.0,neutral,0
6918,neutral,neutral,0.0,neutral,0.0,neutral,0
6919,neutral,neutral,0.0,neutral,0.0,neutral,0
6920,neutral,neutral,0.0,neutral,0.0,neutral,0
6921,neutral,neutral,0.0,neutral,0.0,neutral,0
6922,neutral,neutral,0.0,neutral,0.0,neutral,0
6923,neutral,neutral,0.0,neutral,0.0,neutral,0
6924,neutral,neutral,0.0,neutral,0.0,neutral,0
6925,neutral,neutral,0.0,neutral,0.0,neutral,0
6926,neutral,neutral,0.0,neutral,0.0,neutral,0
6927,neutral,neutral,0.0,neutral,0.0,neutral,0
6928,neutral,neutral,0.0,neutral,0.0,neutral,0
6929,neutral,neutral,0.0,neutral,0.0,neutral,0
6930,neutral,neutral,0.0,neutral,0.0,neutral,0
6931,neutral,neutral,0.0,neutral,0.0,neutral,0
6932,neutral,neutral,0.0,neutral,0.0,neutral,0
6933,neutral,neutral,0.0,neutral,0.0,neutral,0
6934,neutral,neutral,0.0,neutral,0.0,neutral,0
6935,neutral,neutral,0.0,neutral,0.0,neutral,0
6936,neutral,neutral,0.0,neutral,0.0,neutral,0
6937,neutral,neutral,0.0,neutral,0.0,neutral,0
6938,neutral,neutral,0.0,neutral,0.0,neutral,0
6939,neutral,neutral,0.0,neutral,0.0,neutral,0
6940,neutral,neutral,0.0,neutral,0.0,neutral,0
6941,neutral,neutral,0.0,neutral,0.0,neutral,0
6942,neutral,neutral,0.0,neutral,0.0,neutral,0
6943,neutral,neutral,0.0,neutral,0.0,neutral,0
6944,neutral,neutral,0.0,neutral,0.0,neutral,0
6945,neutral,neutral,0.0,neutral,0.0,neutral,0
6946,neutral,neutral,0.0,neutral,0.0,neutral,0
6947,neutral,neutral,0.0,neutral,0.0,neutral,0
6948,neutral,neutral,0.0,neutral,0.0,neutral,0
6949,neutral,neutral,0.0,neutral,0.0,neutral,0
6950,neutral,neutral,0.0,neutral,0.0,neutral,0
6951,neutral,neutral,0.0,neutral,0.0,neutral,0
6952,neutral,neutral,0.0,neutral,0.0,neutral,0
6953,neutral,neutral,0.0,neutral,0.0,neutral,0
6954,neutral,neutral,0.0,neutral,0.0,neutral,0
6955,neutral,neutral,0.0,neutral,0.0,neutral,0
6956,neutral,neutral,0.0,neutral,0.0,neutral,0
6957,neutral,neutral,0.0,neutral,0.0,neutral,0
6958,neutral,neutral,0.0,neutral,0.0,neutral,0
6959,neutral,neutral,0.0,neutral,0.0,neutral,0
6960,neutral,neutral,0.0,neutral,0.0,neutral,0
6961,neutral,neutral,0.0,neutral,0.0,neutral,0
6962,neutral,neutral,0.0,neutral,0.0,neutral,0
6963,neutral,neutral,0.0,neutral,0.0,neutral,0
6964,neutral,neutral,0.0,neutral,0.0,neutral,0
6965,neutral,neutral,0.0,neutral,0.0,neutral,0
6966,neutral,neutral,0.0,neutral,0.0,neutral,0
6967,neutral,neutral,0.0,neutral,0.0,neutral,0
6968,neutral,neutral,0.0,neutral,0.0,neutral,0
6969,neutral,neutral,0.0,neutral,0.0,neutral,0
6970,neutral,neutral,0.0,neutral,0.0,neutral,0
6971,neutral,neutral,0.0,neutral,0.0,neutral,0
6972,neutral,neutral,0.0,neutral,0.0,neutral,0
6973,neutral,neutral,0.0,neutral,0.0,neutral,0
6974,neutral,neutral,0.0,neutral,0.0,neutral,0
6975,neutral,neutral,0.0,neutral,0.0,neutral,0
6976,neutral,neutral,0.0,neutral,0.0,neutral,0
6977,neutral,neutral,0.0,neutral,0.0,neutral,0
6978,neutral,neutral,0.0,neutral,0.0,neutral,0
6979,neutral,neutral,0.0,neutral,0.0,neutral,0
6980,neutral,neutral,0.0,neutral,0.0,neutral,0
6981,neutral,neutral,0.0,neutral,0.0,neutral,0
6982,neutral,neutral,0.0,neutral,0.0,neutral,0
6983,neutral,neutral,0.0,neutral,0.0,neutral,0
6984,neutral,neutral,0.0,neutral,0.0,neutral,0
6985,neutral,neutral,0.0,neutral,0.0,neutral,0
6986,neutral,neutral,0.0,neutral,0.0,neutral,0
6987,neutral,neutral,0.0,neutral,0.0,neutral,0
6988,neutral,neutral,0.0,neutral,0.0,neutral,0
6989,neutral,neutral,0.0,neutral,0.0,neutral,0
6990,neutral,neutral,0.0,neutral,0.0,neutral,0
6991,neutral,neutral,0.0,neutral,0.0,neutral,0
6992,neutral,neutral,0.0,neutral,0.0,neutral,0
6993,neutral,neutral,0.0,neutral,0.0,neutral,0
6994,neutral,neutral,0.0,neutral,0.0,neutral,0
6995,neutral,neutral,0.0,neutral,0.0,neutral,0
6996,neutral,neutral,0.0,neutral,0.0,neutral,0
6997,neutral,neutral,0.0,neutral,0.0,neutral,0
6998,neutral,neutral,0.0,neutral,0.0,neutral,0
6999,neutral,neutral,0.0,neutral,0.0,neutral,0
7000,neutral,neutral,0.0,neutral,0.0,neutral,0
7001,neutral,neutral,0.0,neutral,0.0,neutral,0
7002,neutral,neutral,0.0,neutral,0.0,neutral,0
7003,neutral,neutral,0.0,neutral,0.0,neutral,0
7004,neutral,neutral,0.0,neutral,0.0,neutral,0
7005,neutral,neutral,0.0,neutral,0.0,neutral,0
7006,neutral,neutral,0.0,neutral,0.0,neutral,0
7007,neutral,neutral,0.0,neutral,0.0,neutral,0
7008,neutral,neutral,0.0,neutral,0.0,neutral,0
7009,neutral,neutral,0.0,neutral,0.0,neutral,0
7010,neutral,neutral,0.0,neutral,0.0,neutral,0
7011,neutral,neutral,0.0,neutral,0.0,neutral,0
7012,neutral,neutral,0.0,neutral,0.0,neutral,0
7013,neutral,neutral,0.0,neutral,0.0,neutral,0
7014,neutral,neutral,0.0,neutral,0.0,neutral,0
7015,neutral,neutral,0.0,neutral,0.0,neutral,0
7016,neutral,neutral,0.0,neutral,0.0,neutral,0
7017,neutral,neutral,0.0,neutral,0.0,neutral,0
7018,neutral,neutral,0.0,neutral,0.0,neutral,0
7019,neutral,neutral,0.0,neutral,0.0,neutral,0
7020,neutral,neutral,0.0,neutral,0.0,neutral,0
7021,neutral,neutral,0.0,neutral,0.0,neutral,0
7022,neutral,neutral,0.0,neutral,0.0,neutral,0
7023,neutral,neutral,0.0,neutral,0.0,neutral,0
7024,neutral,neutral,0.0,neutral,0.0,neutral,0
7025,neutral,neutral,0.0,neutral,0.0,neutral,0
7026,neutral,neutral,0.0,neutral,0.0,neutral,0
7027,neutral,neutral,0.0,neutral,0.0,neutral,0
7028,neutral,neutral,0.0,neutral,0.0,neutral,0
7029,neutral,neutral,0.0,neutral,0.0,neutral,0
7030,neutral,neutral,0.0,neutral,0.0,neutral,0
7031,neutral,neutral,0.0,neutral,0.0,neutral,0
7032,neutral,neutral,0.0,neutral,0.0,neutral,0
7033,neutral,neutral,0.0,neutral,0.0,neutral,0
7034,neutral,neutral,0.0,neutral,0.0,neutral,0
7035,neutral,neutral,0.0,neutral,0.0,neutral,0
7036,neutral,neutral,0.0,neutral,0.0,neutral,0
7037,neutral,neutral,0.0,neutral,0.0,neutral,0
7038,neutral,neutral,0.0,neutral,0.0,neutral,0
7039,neutral,neutral,0.0,neutral,0.0,neutral,0
7040,neutral,neutral,0.0,neutral,0.0,neutral,0
7041,neutral,neutral,0.0,neutral,0.0,neutral,0
7042,neutral,neutral,0.0,neutral,0.0,neutral,0
7043,neutral,neutral,0.0,neutral,0.0,neutral,0
7044,neutral,neutral,0.0,neutral,0.0,neutral,0
7045,neutral,neutral,0.0,neutral,0.0,neutral,0
7046,neutral,neutral,0.0,neutral,0.0,neutral,0
7047,neutral,neutral,0.0,neutral,0.0,neutral,0
7048,neutral,neutral,0.0,neutral,0.0,neutral,0
7049,neutral,neutral,0.0,neutral,0.0,neutral,0
7050,neutral,neutral,0.0,neutral,0.0,neutral,0
7051,neutral,neutral,0.0,neutral,0.0,neutral,0
7052,neutral,neutral,0.0,neutral,0.0,neutral,0
7053,neutral,neutral,0.0,neutral,0.0,neutral,0
7054,neutral,neutral,0.0,neutral,0.0,neutral,0
7055,neutral,neutral,0.0,neutral,0.0,neutral,0
7056,neutral,neutral,0.0,neutral,0.0,neutral,0
7057,neutral,neutral,0.0,neutral,0.0,neutral,0
7058,neutral,neutral,0.0,neutral,0.0,neutral,0
7059,neutral,neutral,0.0,neutral,0.0,neutral,0
7060,neutral,neutral,0.0,neutral,0.0,neutral,0
7061,neutral,neutral,0.0,neutral,0.0,neutral,0
7062,neutral,neutral,0.0,neutral,0.0,neutral,0
7063,neutral,neutral,0.0,neutral,0.0,neutral,0
7064,neutral,neutral,0.0,neutral,0.0,neutral,0
7065,neutral,neutral,0.0,neutral,0.0,neutral,0
7066,neutral,neutral,0.0,neutral,0.0,neutral,0
7067,neutral,neutral,0.0,neutral,0.0,neutral,0
7068,neutral,neutral,0.0,neutral,0.0,neutral,0
7069,neutral,neutral,0.0,neutral,0.0,neutral,0
7070,neutral,neutral,0.0,neutral,0.0,neutral,0
7071,neutral,neutral,0.0,neutral,0.0,neutral,0
7072,neutral,neutral,0.0,neutral,0.0,neutral,0
7073,neutral,neutral,0.0,neutral,0.0,neutral,0
7074,neutral,neutral,0.0,neutral,0.0,neutral,0
7075,neutral,neutral,0.0,neutral,0.0,neutral,0
7076,neutral,neutral,0.0,neutral,0.0,neutral,0
7077,neutral,neutral,0.0,neutral,0.0,neutral,0
7078,neutral,neutral,0.0,neutral,0.0,neutral,0
7079,neutral,neutral,0.0,neutral,0.0,neutral,0
7080,neutral,neutral,0.0,neutral,0.0,neutral,0
7081,neutral,neutral,0.0,neutral,0.0,neutral,0
7082,neutral,neutral,0.0,neutral,0.0,neutral,0
7083,neutral,neutral,0.0,neutral,0.0,neutral,0
7084,neutral,neutral,0.0,neutral,0.0,neutral,0
7085,neutral,neutral,0.0,neutral,0.0,neutral,0
7086,neutral,neutral,0.0,neutral,0.0,neutral,0
7087,neutral,neutral,0.0,neutral,0.0,neutral,0
7088,neutral,neutral,0.0,neutral,0.0,neutral,0
7089,neutral,neutral,0.0,neutral,0.0,neutral,0
7090,neutral,neutral,0.0,neutral,0.0,neutral,0
7091,neutral,neutral,0.0,neutral,0.0,neutral,0
7092,neutral,neutral,0.0,neutral,0.0,neutral,0
7093,neutral,neutral,0.0,neutral,0.0,neutral,0
7094,neutral,neutral,0.0,neutral,0.0,neutral,0
7095,neutral,neutral,0.0,neutral,0.0,neutral,0
7096,neutral,neutral,0.0,neutral,0.0,neutral,0
7097,neutral,neutral,0.0,neutral,0.0,neutral,0
7098,neutral,neutral,0.0,neutral,0.0,neutral,0
7099,neutral,neutral,0.0,neutral,0.0,neutral,0
7100,neutral,neutral,0.0,neutral,0.0,neutral,0
7101,neutral,neutral,0.0,neutral,0.0,neutral,0
7102,neutral,neutral,0.0,neutral,0.0,neutral,0
7103,neutral,neutral,0.0,neutral,0.0,neutral,0
7104,neutral,neutral,0.0,neutral,0.0,neutral,0
7105,neutral,neutral,0.0,neutral,0.0,neutral,0
7106,neutral,neutral,0.0,neutral,0.0,neutral,0
7107,neutral,neutral,0.0,neutral,0.0,neutral,0
7108,neutral,neutral,0.0,neutral,0.0,neutral,0
7109,neutral,neutral,0.0,neutral,0.0,neutral,0
7110,neutral,neutral,0.0,neutral,0.0,neutral,0
7111,neutral,neutral,0.0,neutral,0.0,neutral,0
7112,neutral,neutral,0.0,neutral,0.0,neutral,0
7113,neutral,neutral,0.0,neutral,0.0,neutral,0
7114,neutral,neutral,0.0,neutral,0.0,neutral,0
7115,neutral,neutral,0.0,neutral,0.0,neutral,0
7116,neutral,neutral,0.0,neutral,0.0,neutral,0
7117,neutral,neutral,0.0,neutral,0.0,neutral,0
7118,neutral,neutral,0.0,neutral,0.0,neutral,0
7119,neutral,neutral,0.0,neutral,0.0,neutral,0
7120,neutral,neutral,0.0,neutral,0.0,neutral,0
7121,neutral,neutral,0.0,neutral,0.0,neutral,0
7122,neutral,neutral,0.0,neutral,0.0,neutral,0
7123,neutral,neutral,0.0,neutral,0.0,neutral,0
7124,neutral,neutral,0.0,neutral,0.0,neutral,0
7125,neutral,neutral,0.0,neutral,0.0,neutral,0
7126,neutral,neutral,0.0,neutral,0.0,neutral,0
7127,neutral,neutral,0.0,neutral,0.0,neutral,0
7128,neutral,neutral,0.0,neutral,0.0,neutral,0
7129,neutral,neutral,0.0,neutral,0.0,neutral,0
7130,neutral,neutral,0.0,neutral,0.0,neutral,0
7131,neutral,neutral,0.0,neutral,0.0,neutral,0
7132,neutral,neutral,0.0,neutral,0.0,neutral,0
7133,neutral,neutral,0.0,neutral,0.0,neutral,0
7134,neutral,neutral,0.0,neutral,0.0,neutral,0
7135,neutral,neutral,0.0,neutral,0.0,neutral,0
7136,neutral,neutral,0.0,neutral,0.0,neutral,0
7137,neutral,neutral,0.0,neutral,0.0,neutral,0
7138,neutral,neutral,0.0,neutral,0.0,neutral,0
7139,neutral,neutral,0.0,neutral,0.0,neutral,0
7140,neutral,neutral,0.0,neutral,0.0,neutral,0
7141,neutral,neutral,0.0,neutral,0.0,neutral,0
7142,neutral,neutral,0.0,neutral,0.0,neutral,0
7143,neutral,neutral,0.0,neutral,0.0,neutral,0
7144,neutral,neutral,0.0,neutral,0.0,neutral,0
7145,neutral,neutral,0.0,neutral,0.0,neutral,0
7146,neutral,neutral,0.0,neutral,0.0,neutral,0
7147,neutral,neutral,0.0,neutral,0.0,neutral,0
7148,neutral,neutral,0.0,neutral,0.0,neutral,0
7149,neutral,neutral,0.0,neutral,0.0,neutral,0
7150,neutral,neutral,0.0,neutral,0.0,neutral,0
7151,neutral,neutral,0.0,neutral,0.0,neutral,0
7152,neutral,neutral,0.0,neutral,0.0,neutral,0
7153,neutral,neutral,0.0,neutral,0.0,neutral,0
7154,neutral,neutral,0.0,neutral,0.0,neutral,0
7155,neutral,neutral,0.0,neutral,0.0,neutral,0
7156,neutral,neutral,0.0,neutral,0.0,neutral,0
7157,neutral,neutral,0.0,neutral,0.0,neutral,0
7158,neutral,neutral,0.0,neutral,0.0,neutral,0
7159,neutral,neutral,0.0,neutral,0.0,neutral,0
7160,neutral,neutral,0.0,neutral,0.0,neutral,0
7161,neutral,neutral,0.0,neutral,0.0,neutral,0
7162,neutral,neutral,0.0,neutral,0.0,neutral,0
7163,neutral,neutral,0.0,neutral,0.0,neutral,0
7164,neutral,neutral,0.0,neutral,0.0,neutral,0
7165,neutral,neutral,0.0,neutral,0.0,neutral,0
7166,neutral,neutral,0.0,neutral,0.0,neutral,0
7167,neutral,neutral,0.0,neutral,0.0,neutral,0
7168,neutral,neutral,0.0,neutral,0.0,neutral,0
7169,neutral,neutral,0.0,neutral,0.0,neutral,0
7170,neutral,neutral,0.0,neutral,0.0,neutral,0
7171,neutral,neutral,0.0,neutral,0.0,neutral,0
7172,neutral,neutral,0.0,neutral,0.0,neutral,0
7173,neutral,neutral,0.0,neutral,0.0,neutral,0
7174,neutral,neutral,0.0,neutral,0.0,neutral,0
7175,neutral,neutral,0.0,neutral,0.0,neutral,0
7176,neutral,neutral,0.0,neutral,0.0,neutral,0
7177,neutral,neutral,0.0,neutral,0.0,neutral,0
7178,neutral,neutral,0.0,neutral,0.0,neutral,0
7179,neutral,neutral,0.0,neutral,0.0,neutral,0
7180,neutral,neutral,0.0,neutral,0.0,neutral,0
7181,neutral,neutral,0.0,neutral,0.0,neutral,0
7182,neutral,neutral,0.0,neutral,0.0,neutral,0
7183,neutral,neutral,0.0,neutral,0.0,neutral,0
7184,neutral,neutral,0.0,neutral,0.0,neutral,0
7185,neutral,neutral,0.0,neutral,0.0,neutral,0
7186,neutral,neutral,0.0,neutral,0.0,neutral,0
7187,neutral,neutral,0.0,neutral,0.0,neutral,0
7188,neutral,neutral,0.0,neutral,0.0,neutral,0
7189,neutral,neutral,0.0,neutral,0.0,neutral,0
7190,neutral,neutral,0.0,neutral,0.0,neutral,0
7191,neutral,neutral,0.0,neutral,0.0,neutral,0
7192,neutral,neutral,0.0,neutral,0.0,neutral,0
7193,neutral,neutral,0.0,neutral,0.0,neutral,0
7194,neutral,neutral,0.0,neutral,0.0,neutral,0
7195,neutral,neutral,0.0,neutral,0.0,neutral,0
7196,neutral,neutral,0.0,neutral,0.0,neutral,0
7197,neutral,neutral,0.0,neutral,0.0,neutral,0
7198,neutral,neutral,0.0,neutral,0.0,neutral,0
7199,neutral,neutral,0.0,neutral,0.0,neutral,0
7200,neutral,neutral,0.0,neutral,0.0,neutral,0
7201,neutral,neutral,0.0,neutral,0.0,neutral,0
7202,neutral,neutral,0.0,neutral,0.0,neutral,0
7203,neutral,neutral,0.0,neutral,0.0,neutral,0
7204,neutral,neutral,0.0,neutral,0.0,neutral,0
7205,neutral,neutral,0.0,neutral,0.0,neutral,0
7206,neutral,neutral,0.0,neutral,0.0,neutral,0
7207,neutral,neutral,0.0,neutral,0.0,neutral,0
7208,neutral,neutral,0.0,neutral,0.0,neutral,0
7209,neutral,neutral,0.0,neutral,0.0,neutral,0
7210,neutral,neutral,0.0,neutral,0.0,neutral,0
7211,neutral,neutral,0.0,neutral,0.0,neutral,0
7212,neutral,neutral,0.0,neutral,0.0,neutral,0
7213,neutral,neutral,0.0,neutral,0.0,neutral,0
7214,neutral,neutral,0.0,neutral,0.0,neutral,0
7215,neutral,neutral,0.0,neutral,0.0,neutral,0
7216,neutral,neutral,0.0,neutral,0.0,neutral,0
7217,neutral,neutral,0.0,neutral,0.0,neutral,0
7218,neutral,neutral,0.0,neutral,0.0,neutral,0
7219,neutral,neutral,0.0,neutral,0.0,neutral,0
7220,neutral,neutral,0.0,neutral,0.0,neutral,0
7221,neutral,neutral,0.0,neutral,0.0,neutral,0
7222,neutral,neutral,0.0,neutral,0.0,neutral,0
7223,neutral,neutral,0.0,neutral,0.0,neutral,0
7224,neutral,neutral,0.0,neutral,0.0,neutral,0
7225,neutral,neutral,0.0,neutral,0.0,neutral,0
7226,neutral,neutral,0.0,neutral,0.0,neutral,0
7227,neutral,neutral,0.0,neutral,0.0,neutral,0
7228,neutral,neutral,0.0,neutral,0.0,neutral,0
7229,neutral,neutral,0.0,neutral,0.0,neutral,0
7230,neutral,neutral,0.0,neutral,0.0,neutral,0
7231,neutral,neutral,0.0,neutral,0.0,neutral,0
7232,neutral,neutral,0.0,neutral,0.0,neutral,0
7233,neutral,neutral,0.0,neutral,0.0,neutral,0
7234,neutral,neutral,0.0,neutral,0.0,neutral,0
7235,neutral,neutral,0.0,neutral,0.0,neutral,0
7236,neutral,neutral,0.0,neutral,0.0,neutral,0
7237,neutral,neutral,0.0,neutral,0.0,neutral,0
7238,neutral,neutral,0.0,neutral,0.0,neutral,0
7239,neutral,neutral,0.0,neutral,0.0,neutral,0
7240,neutral,neutral,0.0,neutral,0.0,neutral,0
7241,neutral,neutral,0.0,neutral,0.0,neutral,0
7242,neutral,neutral,0.0,neutral,0.0,neutral,0
7243,neutral,neutral,0.0,neutral,0.0,neutral,0
7244,neutral,neutral,0.0,neutral,0.0,neutral,0
7245,neutral,neutral,0.0,neutral,0.0,neutral,0
7246,neutral,neutral,0.0,neutral,0.0,neutral,0
7247,neutral,neutral,0.0,neutral,0.0,neutral,0
7248,neutral,neutral,0.0,neutral,0.0,neutral,0
7249,neutral,neutral,0.0,neutral,0.0,neutral,0
7250,neutral,neutral,0.0,neutral,0.0,neutral,0
7251,neutral,neutral,0.0,neutral,0.0,neutral,0
7252,neutral,neutral,0.0,neutral,0.0,neutral,0
7253,neutral,neutral,0.0,neutral,0.0,neutral,0
7254,neutral,neutral,0.0,neutral,0.0,neutral,0
7255,neutral,neutral,0.0,neutral,0.0,neutral,0
7256,neutral,neutral,0.0,neutral,0.0,neutral,0
7257,neutral,neutral,0.0,neutral,0.0,neutral,0
7258,neutral,neutral,0.0,neutral,0.0,neutral,0
7259,neutral,neutral,0.0,neutral,0.0,neutral,0
7260,neutral,neutral,0.0,neutral,0.0,neutral,0
7261,neutral,neutral,0.0,neutral,0.0,neutral,0
7262,neutral,neutral,0.0,neutral,0.0,neutral,0
7263,neutral,neutral,0.0,neutral,0.0,neutral,0
7264,neutral,neutral,0.0,neutral,0.0,neutral,0
7265,neutral,neutral,0.0,neutral,0.0,neutral,0
7266,neutral,neutral,0.0,neutral,0.0,neutral,0
7267,neutral,neutral,0.0,neutral,0.0,neutral,0
7268,neutral,neutral,0.0,neutral,0.0,neutral,0
7269,neutral,neutral,0.0,neutral,0.0,neutral,0
7270,neutral,neutral,0.0,neutral,0.0,neutral,0
7271,neutral,neutral,0.0,neutral,0.0,neutral,0
7272,neutral,neutral,0.0,neutral,0.0,neutral,0
7273,neutral,neutral,0.0,neutral,0.0,neutral,0
7274,neutral,neutral,0.0,neutral,0.0,neutral,0
7275,neutral,neutral,0.0,neutral,0.0,neutral,0
7276,neutral,neutral,0.0,neutral,0.0,neutral,0
7277,neutral,neutral,0.0,neutral,0.0,neutral,0
7278,neutral,neutral,0.0,neutral,0.0,neutral,0
7279,neutral,neutral,0.0,neutral,0.0,neutral,0
7280,neutral,neutral,0.0,neutral,0.0,neutral,0
7281,neutral,neutral,0.0,neutral,0.0,neutral,0
7282,neutral,neutral,0.0,neutral,0.0,neutral,0
7283,neutral,neutral,0.0,neutral,0.0,neutral,0
7284,neutral,neutral,0.0,neutral,0.0,neutral,0
7285,neutral,neutral,0.0,neutral,0.0,neutral,0
7286,neutral,neutral,0.0,neutral,0.0,neutral,0
7287,neutral,neutral,0.0,neutral,0.0,neutral,0
7288,neutral,neutral,0.0,neutral,0.0,neutral,0
7289,neutral,neutral,0.0,neutral,0.0,neutral,0
7290,neutral,neutral,0.0,neutral,0.0,neutral,0
7291,neutral,neutral,0.0,neutral,0.0,neutral,0
7292,neutral,neutral,0.0,neutral,0.0,neutral,0
7293,neutral,neutral,0.0,neutral,0.0,neutral,0
7294,neutral,neutral,0.0,neutral,0.0,neutral,0
7295,neutral,neutral,0.0,neutral,0.0,neutral,0
7296,neutral,neutral,0.0,neutral,0.0,neutral,0
7297,neutral,neutral,0.0,neutral,0.0,neutral,0
7298,neutral,neutral,0.0,neutral,0.0,neutral,0
7299,neutral,neutral,0.0,neutral,0.0,neutral,0
7300,neutral,neutral,0.0,neutral,0.0,neutral,0
7301,neutral,neutral,0.0,neutral,0.0,neutral,0
7302,neutral,neutral,0.0,neutral,0.0,neutral,0
7303,neutral,neutral,0.0,neutral,0.0,neutral,0
7304,neutral,neutral,0.0,neutral,0.0,neutral,0
7305,neutral,neutral,0.0,neutral,0.0,neutral,0
7306,neutral,neutral,0.0,neutral,0.0,neutral,0
7307,neutral,neutral,0.0,neutral,0.0,neutral,0
7308,neutral,neutral,0.0,neutral,0.0,neutral,0
7309,neutral,neutral,0.0,neutral,0.0,neutral,0
7310,neutral,neutral,0.0,neutral,0.0,neutral,0
7311,neutral,neutral,0.0,neutral,0.0,neutral,0
7312,neutral,neutral,0.0,neutral,0.0,neutral,0
7313,neutral,neutral,0.0,neutral,0.0,neutral,0
7314,neutral,neutral,0.0,neutral,0.0,neutral,0
7315,neutral,neutral,0.0,neutral,0.0,neutral,0
7316,neutral,neutral,0.0,neutral,0.0,neutral,0
7317,neutral,neutral,0.0,neutral,0.0,neutral,0
7318,neutral,neutral,0.0,neutral,0.0,neutral,0
7319,neutral,neutral,0.0,neutral,0.0,neutral,0
7320,neutral,neutral,0.0,neutral,0.0,neutral,0
7321,neutral,neutral,0.0,neutral,0.0,neutral,0
7322,neutral,neutral,0.0,neutral,0.0,neutral,0
7323,neutral,neutral,0.0,neutral,0.0,neutral,0
7324,neutral,neutral,0.0,neutral,0.0,neutral,0
7325,neutral,neutral,0.0,neutral,0.0,neutral,0
7326,neutral,neutral,0.0,neutral,0.0,neutral,0
7327,neutral,neutral,0.0,neutral,0.0,neutral,0
7328,neutral,neutral,0.0,neutral,0.0,neutral,0
7329,neutral,neutral,0.0,neutral,0.0,neutral,0
7330,neutral,neutral,0.0,neutral,0.0,neutral,0
7331,neutral,neutral,0.0,neutral,0.0,neutral,0
7332,neutral,neutral,0.0,neutral,0.0,neutral,0
7333,neutral,neutral,0.0,neutral,0.0,neutral,0
7334,neutral,neutral,0.0,neutral,0.0,neutral,0
7335,neutral,neutral,0.0,neutral,0.0,neutral,0
7336,neutral,neutral,0.0,neutral,0.0,neutral,0
7337,neutral,neutral,0.0,neutral,0.0,neutral,0
7338,neutral,neutral,0.0,neutral,0.0,neutral,0
7339,neutral,neutral,0.0,neutral,0.0,neutral,0
7340,neutral,neutral,0.0,neutral,0.0,neutral,0
7341,neutral,neutral,0.0,neutral,0.0,neutral,0
7342,neutral,neutral,0.0,neutral,0.0,neutral,0
7343,neutral,neutral,0.0,neutral,0.0,neutral,0
7344,neutral,neutral,0.0,neutral,0.0,neutral,0
7345,neutral,neutral,0.0,neutral,0.0,neutral,0
7346,neutral,neutral,0.0,neutral,0.0,neutral,0
7347,neutral,neutral,0.0,neutral,0.0,neutral,0
7348,neutral,neutral,0.0,neutral,0.0,neutral,0
7349,neutral,neutral,0.0,neutral,0.0,neutral,0
7350,neutral,neutral,0.0,neutral,0.0,neutral,0
7351,neutral,neutral,0.0,neutral,0.0,neutral,0
7352,neutral,neutral,0.0,neutral,0.0,neutral,0
7353,neutral,neutral,0.0,neutral,0.0,neutral,0
7354,neutral,neutral,0.0,neutral,0.0,neutral,0
7355,neutral,neutral,0.0,neutral,0.0,neutral,0
7356,neutral,neutral,0.0,neutral,0.0,neutral,0
7357,neutral,neutral,0.0,neutral,0.0,neutral,0
7358,neutral,neutral,0.0,neutral,0.0,neutral,0
7359,neutral,neutral,0.0,neutral,0.0,neutral,0
7360,neutral,neutral,0.0,neutral,0.0,neutral,0
7361,neutral,neutral,0.0,neutral,0.0,neutral,0
7362,neutral,neutral,0.0,neutral,0.0,neutral,0
7363,neutral,neutral,0.0,neutral,0.0,neutral,0
7364,neutral,neutral,0.0,neutral,0.0,neutral,0
7365,neutral,neutral,0.0,neutral,0.0,neutral,0
7366,neutral,neutral,0.0,neutral,0.0,neutral,0
7367,neutral,neutral,0.0,neutral,0.0,neutral,0
7368,neutral,neutral,0.0,neutral,0.0,neutral,0
7369,neutral,neutral,0.0,neutral,0.0,neutral,0
7370,neutral,neutral,0.0,neutral,0.0,neutral,0
7371,neutral,neutral,0.0,neutral,0.0,neutral,0
7372,neutral,neutral,0.0,neutral,0.0,neutral,0
7373,neutral,neutral,0.0,neutral,0.0,neutral,0
7374,neutral,neutral,0.0,neutral,0.0,neutral,0
7375,neutral,neutral,0.0,neutral,0.0,neutral,0
7376,neutral,neutral,0.0,neutral,0.0,neutral,0
7377,neutral,neutral,0.0,neutral,0.0,neutral,0
7378,neutral,neutral,0.0,neutral,0.0,neutral,0
7379,neutral,neutral,0.0,neutral,0.0,neutral,0
7380,neutral,neutral,0.0,neutral,0.0,neutral,0
7381,neutral,neutral,0.0,neutral,0.0,neutral,0
7382,neutral,neutral,0.0,neutral,0.0,neutral,0
7383,neutral,neutral,0.0,neutral,0.0,neutral,0
7384,neutral,neutral,0.0,neutral,0.0,neutral,0
7385,neutral,neutral,0.0,neutral,0.0,neutral,0
7386,neutral,neutral,0.0,neutral,0.0,neutral,0
7387,neutral,neutral,0.0,neutral,0.0,neutral,0
7388,neutral,neutral,0.0,neutral,0.0,neutral,0
7389,neutral,neutral,0.0,neutral,0.0,neutral,0
7390,neutral,neutral,0.0,neutral,0.0,neutral,0
7391,neutral,neutral,0.0,neutral,0.0,neutral,0
7392,neutral,neutral,0.0,neutral,0.0,neutral,0
7393,neutral,neutral,0.0,neutral,0.0,neutral,0
7394,neutral,neutral,0.0,neutral,0.0,neutral,0
7395,neutral,neutral,0.0,neutral,0.0,neutral,0
7396,neutral,neutral,0.0,neutral,0.0,neutral,0
7397,neutral,neutral,0.0,neutral,0.0,neutral,0
7398,neutral,neutral,0.0,neutral,0.0,neutral,0
7399,neutral,neutral,0.0,neutral,0.0,neutral,0
7400,neutral,neutral,0.0,neutral,0.0,neutral,0
7401,neutral,neutral,0.0,neutral,0.0,neutral,0
7402,neutral,neutral,0.0,neutral,0.0,neutral,0
7403,neutral,neutral,0.0,neutral,0.0,neutral,0
7404,neutral,neutral,0.0,neutral,0.0,neutral,0
7405,neutral,neutral,0.0,neutral,0.0,neutral,0
7406,neutral,neutral,0.0,neutral,0.0,neutral,0
7407,neutral,neutral,0.0,neutral,0.0,neutral,0
7408,neutral,neutral,0.0,neutral,0.0,neutral,0
7409,neutral,neutral,0.0,neutral,0.0,neutral,0
7410,neutral,neutral,0.0,neutral,0.0,neutral,0
7411,neutral,neutral,0.0,neutral,0.0,neutral,0
7412,neutral,neutral,0.0,neutral,0.0,neutral,0
7413,neutral,neutral,0.0,neutral,0.0,neutral,0
7414,neutral,neutral,0.0,neutral,0.0,neutral,0
7415,neutral,neutral,0.0,neutral,0.0,neutral,0
7416,neutral,neutral,0.0,neutral,0.0,neutral,0
7417,neutral,neutral,0.0,neutral,0.0,neutral,0
7418,neutral,neutral,0.0,neutral,0.0,neutral,0
7419,neutral,neutral,0.0,neutral,0.0,neutral,0
7420,neutral,neutral,0.0,neutral,0.0,neutral,0
7421,neutral,neutral,0.0,neutral,0.0,neutral,0
7422,neutral,neutral,0.0,neutral,0.0,neutral,0
7423,neutral,neutral,0.0,neutral,0.0,neutral,0
7424,neutral,neutral,0.0,neutral,0.0,neutral,0
7425,neutral,neutral,0.0,neutral,0.0,neutral,0
7426,neutral,neutral,0.0,neutral,0.0,neutral,0
7427,neutral,neutral,0.0,neutral,0.0,neutral,0
7428,neutral,neutral,0.0,neutral,0.0,neutral,0
7429,neutral,neutral,0.0,neutral,0.0,neutral,0
7430,neutral,neutral,0.0,neutral,0.0,neutral,0
7431,neutral,neutral,0.0,neutral,0.0,neutral,0
7432,neutral,neutral,0.0,neutral,0.0,neutral,0
7433,neutral,neutral,0.0,neutral,0.0,neutral,0
7434,neutral,neutral,0.0,neutral,0.0,neutral,0
7435,neutral,neutral,0.0,neutral,0.0,neutral,0
7436,neutral,neutral,0.0,neutral,0.0,neutral,0
7437,neutral,neutral,0.0,neutral,0.0,neutral,0
7438,neutral,neutral,0.0,neutral,0.0,neutral,0
7439,neutral,neutral,0.0,neutral,0.0,neutral,0
7440,neutral,neutral,0.0,neutral,0.0,neutral,0
7441,neutral,neutral,0.0,neutral,0.0,neutral,0
7442,neutral,neutral,0.0,neutral,0.0,neutral,0
7443,neutral,neutral,0.0,neutral,0.0,neutral,0
7444,neutral,neutral,0.0,neutral,0.0,neutral,0
7445,neutral,neutral,0.0,neutral,0.0,neutral,0
7446,neutral,neutral,0.0,neutral,0.0,neutral,0
7447,neutral,neutral,0.0,neutral,0.0,neutral,0
7448,neutral,neutral,0.0,neutral,0.0,neutral,0
7449,neutral,neutral,0.0,neutral,0.0,neutral,0
7450,neutral,neutral,0.0,neutral,0.0,neutral,0
7451,neutral,neutral,0.0,neutral,0.0,neutral,0
7452,neutral,neutral,0.0,neutral,0.0,neutral,0
7453,neutral,neutral,0.0,neutral,0.0,neutral,0
7454,neutral,neutral,0.0,neutral,0.0,neutral,0
7455,neutral,neutral,0.0,neutral,0.0,neutral,0
7456,neutral,neutral,0.0,neutral,0.0,neutral,0
7457,neutral,neutral,0.0,neutral,0.0,neutral,0
7458,neutral,neutral,0.0,neutral,0.0,neutral,0
7459,neutral,neutral,0.0,neutral,0.0,neutral,0
7460,neutral,neutral,0.0,neutral,0.0,neutral,0
7461,neutral,neutral,0.0,neutral,0.0,neutral,0
7462,neutral,neutral,0.0,neutral,0.0,neutral,0
7463,neutral,neutral,0.0,neutral,0.0,neutral,0
7464,neutral,neutral,0.0,neutral,0.0,neutral,0
7465,neutral,neutral,0.0,neutral,0.0,neutral,0
7466,neutral,neutral,0.0,neutral,0.0,neutral,0
7467,neutral,neutral,0.0,neutral,0.0,neutral,0
7468,neutral,neutral,0.0,neutral,0.0,neutral,0
7469,neutral,neutral,0.0,neutral,0.0,neutral,0
7470,neutral,neutral,0.0,neutral,0.0,neutral,0
7471,neutral,neutral,0.0,neutral,0.0,neutral,0
7472,neutral,neutral,0.0,neutral,0.0,neutral,0
7473,neutral,neutral,0.0,neutral,0.0,neutral,0
7474,neutral,neutral,0.0,neutral,0.0,neutral,0
7475,neutral,neutral,0.0,neutral,0.0,neutral,0
7476,neutral,neutral,0.0,neutral,0.0,neutral,0
7477,neutral,neutral,0.0,neutral,0.0,neutral,0
7478,neutral,neutral,0.0,neutral,0.0,neutral,0
7479,neutral,neutral,0.0,neutral,0.0,neutral,0
7480,neutral,neutral,0.0,neutral,0.0,neutral,0
7481,neutral,neutral,0.0,neutral,0.0,neutral,0
7482,neutral,neutral,0.0,neutral,0.0,neutral,0
7483,neutral,neutral,0.0,neutral,0.0,neutral,0
7484,neutral,neutral,0.0,neutral,0.0,neutral,0
7485,neutral,neutral,0.0,neutral,0.0,neutral,0
7486,neutral,neutral,0.0,neutral,0.0,neutral,0
7487,neutral,neutral,0.0,neutral,0.0,neutral,0
7488,neutral,neutral,0.0,neutral,0.0,neutral,0
7489,neutral,neutral,0.0,neutral,0.0,neutral,0
7490,neutral,neutral,0.0,neutral,0.0,neutral,0
7491,neutral,neutral,0.0,neutral,0.0,neutral,0
7492,neutral,neutral,0.0,neutral,0.0,neutral,0
7493,neutral,neutral,0.0,neutral,0.0,neutral,0
7494,neutral,neutral,0.0,neutral,0.0,neutral,0
7495,neutral,neutral,0.0,neutral,0.0,neutral,0
7496,neutral,neutral,0.0,neutral,0.0,neutral,0
7497,neutral,neutral,0.0,neutral,0.0,neutral,0
7498,neutral,neutral,0.0,neutral,0.0,neutral,0
7499,neutral,neutral,0.0,neutral,0.0,neutral,0
7500,neutral,neutral,0.0,neutral,0.0,neutral,0
7501,neutral,neutral,0.0,neutral,0.0,neutral,0
7502,neutral,neutral,0.0,neutral,0.0,neutral,0
7503,neutral,neutral,0.0,neutral,0.0,neutral,0
7504,neutral,neutral,0.0,neutral,0.0,neutral,0
7505,neutral,neutral,0.0,neutral,0.0,neutral,0
7506,neutral,neutral,0.0,neutral,0.0,neutral,0
7507,neutral,neutral,0.0,neutral,0.0,neutral,0
7508,neutral,neutral,0.0,neutral,0.0,neutral,0
7509,neutral,neutral,0.0,neutral,0.0,neutral,0
7510,neutral,neutral,0.0,neutral,0.0,neutral,0
7511,neutral,neutral,0.0,neutral,0.0,neutral,0
7512,neutral,neutral,0.0,neutral,0.0,neutral,0
7513,neutral,neutral,0.0,neutral,0.0,neutral,0
7514,neutral,neutral,0.0,neutral,0.0,neutral,0
7515,neutral,neutral,0.0,neutral,0.0,neutral,0
7516,neutral,neutral,0.0,neutral,0.0,neutral,0
7517,neutral,neutral,0.0,neutral,0.0,neutral,0
7518,neutral,neutral,0.0,neutral,0.0,neutral,0
7519,neutral,neutral,0.0,neutral,0.0,neutral,0
7520,neutral,neutral,0.0,neutral,0.0,neutral,0
7521,neutral,neutral,0.0,neutral,0.0,neutral,0
7522,neutral,neutral,0.0,neutral,0.0,neutral,0
7523,neutral,neutral,0.0,neutral,0.0,neutral,0
7524,neutral,neutral,0.0,neutral,0.0,neutral,0
7525,neutral,neutral,0.0,neutral,0.0,neutral,0
7526,neutral,neutral,0.0,neutral,0.0,neutral,0
7527,neutral,neutral,0.0,neutral,0.0,neutral,0
7528,neutral,neutral,0.0,neutral,0.0,neutral,0
7529,neutral,neutral,0.0,neutral,0.0,neutral,0
7530,neutral,neutral,0.0,neutral,0.0,neutral,0
7531,neutral,neutral,0.0,neutral,0.0,neutral,0
7532,neutral,neutral,0.0,neutral,0.0,neutral,0
7533,neutral,neutral,0.0,neutral,0.0,neutral,0
7534,neutral,neutral,0.0,neutral,0.0,neutral,0
7535,neutral,neutral,0.0,neutral,0.0,neutral,0
7536,neutral,neutral,0.0,neutral,0.0,neutral,0
7537,neutral,neutral,0.0,neutral,0.0,neutral,0
7538,neutral,neutral,0.0,neutral,0.0,neutral,0
7539,neutral,neutral,0.0,neutral,0.0,neutral,0
7540,neutral,neutral,0.0,neutral,0.0,neutral,0
7541,neutral,neutral,0.0,neutral,0.0,neutral,0
7542,neutral,neutral,0.0,neutral,0.0,neutral,0
7543,neutral,neutral,0.0,neutral,0.0,neutral,0
7544,neutral,neutral,0.0,neutral,0.0,neutral,0
7545,neutral,neutral,0.0,neutral,0.0,neutral,0
7546,neutral,neutral,0.0,neutral,0.0,neutral,0
7547,neutral,neutral,0.0,neutral,0.0,neutral,0
7548,neutral,neutral,0.0,neutral,0.0,neutral,0
7549,neutral,neutral,0.0,neutral,0.0,neutral,0
7550,neutral,neutral,0.0,neutral,0.0,neutral,0
7551,neutral,neutral,0.0,neutral,0.0,neutral,0
7552,neutral,neutral,0.0,neutral,0.0,neutral,0
7553,neutral,neutral,0.0,neutral,0.0,neutral,0
7554,neutral,neutral,0.0,neutral,0.0,neutral,0
7555,neutral,neutral,0.0,neutral,0.0,neutral,0
7556,neutral,neutral,0.0,neutral,0.0,neutral,0
7557,neutral,neutral,0.0,neutral,0.0,neutral,0
7558,neutral,neutral,0.0,neutral,0.0,neutral,0
7559,neutral,neutral,0.0,neutral,0.0,neutral,0
7560,neutral,neutral,0.0,neutral,0.0,neutral,0
7561,neutral,neutral,0.0,neutral,0.0,neutral,0
7562,neutral,neutral,0.0,neutral,0.0,neutral,0
7563,neutral,neutral,0.0,neutral,0.0,neutral,0
7564,neutral,neutral,0.0,neutral,0.0,neutral,0
7565,neutral,neutral,0.0,neutral,0.0,neutral,0
7566,neutral,neutral,0.0,neutral,0.0,neutral,0
7567,neutral,neutral,0.0,neutral,0.0,neutral,0
7568,neutral,neutral,0.0,neutral,0.0,neutral,0
7569,neutral,neutral,0.0,neutral,0.0,neutral,0
7570,neutral,neutral,0.0,neutral,0.0,neutral,0
7571,neutral,neutral,0.0,neutral,0.0,neutral,0
7572,neutral,neutral,0.0,neutral,0.0,neutral,0
7573,neutral,neutral,0.0,neutral,0.0,neutral,0
7574,neutral,neutral,0.0,neutral,0.0,neutral,0
7575,neutral,neutral,0.0,neutral,0.0,neutral,0
7576,neutral,neutral,0.0,neutral,0.0,neutral,0
7577,neutral,neutral,0.0,neutral,0.0,neutral,0
7578,neutral,neutral,0.0,neutral,0.0,neutral,0
7579,neutral,neutral,0.0,neutral,0.0,neutral,0
7580,neutral,neutral,0.0,neutral,0.0,neutral,0
7581,neutral,neutral,0.0,neutral,0.0,neutral,0
7582,neutral,neutral,0.0,neutral,0.0,neutral,0
7583,neutral,neutral,0.0,neutral,0.0,neutral,0
7584,neutral,neutral,0.0,neutral,0.0,neutral,0
7585,neutral,neutral,0.0,neutral,0.0,neutral,0
7586,neutral,neutral,0.0,neutral,0.0,neutral,0
7587,neutral,neutral,0.0,neutral,0.0,neutral,0
7588,neutral,neutral,0.0,neutral,0.0,neutral,0
7589,neutral,neutral,0.0,neutral,0.0,neutral,0
7590,neutral,neutral,0.0,neutral,0.0,neutral,0
7591,neutral,neutral,0.0,neutral,0.0,neutral,0
7592,neutral,neutral,0.0,neutral,0.0,neutral,0
7593,neutral,neutral,0.0,neutral,0.0,neutral,0
7594,neutral,neutral,0.0,neutral,0.0,neutral,0
7595,neutral,neutral,0.0,neutral,0.0,neutral,0
7596,neutral,neutral,0.0,neutral,0.0,neutral,0
7597,neutral,neutral,0.0,neutral,0.0,neutral,0
7598,neutral,neutral,0.0,neutral,0.0,neutral,0
7599,neutral,neutral,0.0,neutral,0.0,neutral,0
7600,neutral,neutral,0.0,neutral,0.0,neutral,0
7601,neutral,neutral,0.0,neutral,0.0,neutral,0
7602,neutral,neutral,0.0,neutral,0.0,neutral,0
7603,neutral,neutral,0.0,neutral,0.0,neutral,0
7604,neutral,neutral,0.0,neutral,0.0,neutral,0
7605,neutral,neutral,0.0,neutral,0.0,neutral,0
7606,neutral,neutral,0.0,neutral,0.0,neutral,0
7607,neutral,neutral,0.0,neutral,0.0,neutral,0
7608,neutral,neutral,0.0,neutral,0.0,neutral,0
7609,neutral,neutral,0.0,neutral,0.0,neutral,0
7610,neutral,neutral,0.0,neutral,0.0,neutral,0
7611,neutral,neutral,0.0,neutral,0.0,neutral,0
7612,neutral,neutral,0.0,neutral,0.0,neutral,0
7613,neutral,neutral,0.0,neutral,0.0,neutral,0
7614,neutral,neutral,0.0,neutral,0.0,neutral,0
7615,neutral,neutral,0.0,neutral,0.0,neutral,0
7616,neutral,neutral,0.0,neutral,0.0,neutral,0
7617,neutral,neutral,0.0,neutral,0.0,neutral,0
7618,neutral,neutral,0.0,neutral,0.0,neutral,0
7619,neutral,neutral,0.0,neutral,0.0,neutral,0
7620,neutral,neutral,0.0,neutral,0.0,neutral,0
7621,neutral,neutral,0.0,neutral,0.0,neutral,0
7622,neutral,neutral,0.0,neutral,0.0,neutral,0
7623,neutral,neutral,0.0,neutral,0.0,neutral,0
7624,neutral,neutral,0.0,neutral,0.0,neutral,0
7625,neutral,neutral,0.0,neutral,0.0,neutral,0
7626,neutral,neutral,0.0,neutral,0.0,neutral,0
7627,neutral,neutral,0.0,neutral,0.0,neutral,0
7628,neutral,neutral,0.0,neutral,0.0,neutral,0
7629,neutral,neutral,0.0,neutral,0.0,neutral,0
7630,neutral,neutral,0.0,neutral,0.0,neutral,0
7631,neutral,neutral,0.0,neutral,0.0,neutral,0
7632,neutral,neutral,0.0,neutral,0.0,neutral,0
7633,neutral,neutral,0.0,neutral,0.0,neutral,0
7634,neutral,neutral,0.0,neutral,0.0,neutral,0
7635,neutral,neutral,0.0,neutral,0.0,neutral,0
7636,neutral,neutral,0.0,neutral,0.0,neutral,0
7637,neutral,neutral,0.0,neutral,0.0,neutral,0
7638,neutral,neutral,0.0,neutral,0.0,neutral,0
7639,neutral,neutral,0.0,neutral,0.0,neutral,0
7640,neutral,neutral,0.0,neutral,0.0,neutral,0
7641,neutral,neutral,0.0,neutral,0.0,neutral,0
7642,neutral,neutral,0.0,neutral,0.0,neutral,0
7643,neutral,neutral,0.0,neutral,0.0,neutral,0
7644,neutral,neutral,0.0,neutral,0.0,neutral,0
7645,neutral,neutral,0.0,neutral,0.0,neutral,0
7646,neutral,neutral,0.0,neutral,0.0,neutral,0
7647,neutral,neutral,0.0,neutral,0.0,neutral,0
7648,neutral,neutral,0.0,neutral,0.0,neutral,0
7649,neutral,neutral,0.0,neutral,0.0,neutral,0
7650,neutral,neutral,0.0,neutral,0.0,neutral,0
7651,neutral,neutral,0.0,neutral,0.0,neutral,0
7652,neutral,neutral,0.0,neutral,0.0,neutral,0
7653,neutral,neutral,0.0,neutral,0.0,neutral,0
7654,neutral,neutral,0.0,neutral,0.0,neutral,0
7655,neutral,neutral,0.0,neutral,0.0,neutral,0
7656,neutral,neutral,0.0,neutral,0.0,neutral,0
7657,neutral,neutral,0.0,neutral,0.0,neutral,0
7658,neutral,neutral,0.0,neutral,0.0,neutral,0
7659,neutral,neutral,0.0,neutral,0.0,neutral,0
7660,neutral,neutral,0.0,neutral,0.0,neutral,0
7661,neutral,neutral,0.0,neutral,0.0,neutral,0
7662,neutral,neutral,0.0,neutral,0.0,neutral,0
7663,neutral,neutral,0.0,neutral,0.0,neutral,0
7664,neutral,neutral,0.0,neutral,0.0,neutral,0
7665,neutral,neutral,0.0,neutral,0.0,neutral,0
7666,neutral,neutral,0.0,neutral,0.0,neutral,0
7667,neutral,neutral,0.0,neutral,0.0,neutral,0
7668,neutral,neutral,0.0,neutral,0.0,neutral,0
7669,neutral,neutral,0.0,neutral,0.0,neutral,0
7670,neutral,neutral,0.0,neutral,0.0,neutral,0
7671,neutral,neutral,0.0,neutral,0.0,neutral,0
7672,neutral,neutral,0.0,neutral,0.0,neutral,0
7673,neutral,neutral,0.0,neutral,0.0,neutral,0
7674,neutral,neutral,0.0,neutral,0.0,neutral,0
7675,neutral,neutral,0.0,neutral,0.0,neutral,0
7676,neutral,neutral,0.0,neutral,0.0,neutral,0
7677,neutral,neutral,0.0,neutral,0.0,neutral,0
7678,neutral,neutral,0.0,neutral,0.0,neutral,0
7679,neutral,neutral,0.0,neutral,0.0,neutral,0
7680,neutral,neutral,0.0,neutral,0.0,neutral,0
7681,neutral,neutral,0.0,neutral,0.0,neutral,0
7682,neutral,neutral,0.0,neutral,0.0,neutral,0
7683,neutral,neutral,0.0,neutral,0.0,neutral,0
7684,neutral,neutral,0.0,neutral,0.0,neutral,0
7685,neutral,neutral,0.0,neutral,0.0,neutral,0
7686,neutral,neutral,0.0,neutral,0.0,neutral,0
7687,neutral,neutral,0.0,neutral,0.0,neutral,0
7688,neutral,neutral,0.0,neutral,0.0,neutral,0
7689,neutral,neutral,0.0,neutral,0.0,neutral,0
7690,neutral,neutral,0.0,neutral,0.0,neutral,0
7691,neutral,neutral,0.0,neutral,0.0,neutral,0
7692,neutral,neutral,0.0,neutral,0.0,neutral,0
7693,neutral,neutral,0.0,neutral,0.0,neutral,0
7694,neutral,neutral,0.0,neutral,0.0,neutral,0
7695,neutral,neutral,0.0,neutral,0.0,neutral,0
7696,neutral,neutral,0.0,neutral,0.0,neutral,0
7697,neutral,neutral,0.0,neutral,0.0,neutral,0
7698,neutral,neutral,0.0,neutral,0.0,neutral,0
7699,neutral,neutral,0.0,neutral,0.0,neutral,0
7700,neutral,neutral,0.0,neutral,0.0,neutral,0
7701,neutral,neutral,0.0,neutral,0.0,neutral,0
7702,neutral,neutral,0.0,neutral,0.0,neutral,0
7703,neutral,neutral,0.0,neutral,0.0,neutral,0
7704,neutral,neutral,0.0,neutral,0.0,neutral,0
7705,neutral,neutral,0.0,neutral,0.0,neutral,0
7706,neutral,neutral,0.0,neutral,0.0,neutral,0
7707,neutral,neutral,0.0,neutral,0.0,neutral,0
7708,neutral,neutral,0.0,neutral,0.0,neutral,0
7709,neutral,neutral,0.0,neutral,0.0,neutral,0
7710,neutral,neutral,0.0,neutral,0.0,neutral,0
7711,neutral,neutral,0.0,neutral,0.0,neutral,0
7712,neutral,neutral,0.0,neutral,0.0,neutral,0
7713,neutral,neutral,0.0,neutral,0.0,neutral,0
7714,neutral,neutral,0.0,neutral,0.0,neutral,0
7715,neutral,neutral,0.0,neutral,0.0,neutral,0
7716,neutral,neutral,0.0,neutral,0.0,neutral,0
7717,neutral,neutral,0.0,neutral,0.0,neutral,0
7718,neutral,neutral,0.0,neutral,0.0,neutral,0
7719,neutral,neutral,0.0,neutral,0.0,neutral,0
7720,neutral,neutral,0.0,neutral,0.0,neutral,0
7721,neutral,neutral,0.0,neutral,0.0,neutral,0
7722,neutral,neutral,0.0,neutral,0.0,neutral,0
7723,neutral,neutral,0.0,neutral,0.0,neutral,0
7724,neutral,neutral,0.0,neutral,0.0,neutral,0
7725,neutral,neutral,0.0,neutral,0.0,neutral,0
7726,neutral,neutral,0.0,neutral,0.0,neutral,0
7727,neutral,neutral,0.0,neutral,0.0,neutral,0
7728,neutral,neutral,0.0,neutral,0.0,neutral,0
7729,neutral,neutral,0.0,neutral,0.0,neutral,0
7730,neutral,neutral,0.0,neutral,0.0,neutral,0
7731,neutral,neutral,0.0,neutral,0.0,neutral,0
7732,neutral,neutral,0.0,neutral,0.0,neutral,0
7733,neutral,neutral,0.0,neutral,0.0,neutral,0
7734,neutral,neutral,0.0,neutral,0.0,neutral,0
7735,neutral,neutral,0.0,neutral,0.0,neutral,0
7736,neutral,neutral,0.0,neutral,0.0,neutral,0
7737,neutral,neutral,0.0,neutral,0.0,neutral,0
7738,neutral,neutral,0.0,neutral,0.0,neutral,0
7739,neutral,neutral,0.0,neutral,0.0,neutral,0
7740,neutral,neutral,0.0,neutral,0.0,neutral,0
7741,neutral,neutral,0.0,neutral,0.0,neutral,0
7742,neutral,neutral,0.0,neutral,0.0,neutral,0
7743,neutral,neutral,0.0,neutral,0.0,neutral,0
7744,neutral,neutral,0.0,neutral,0.0,neutral,0
7745,neutral,neutral,0.0,neutral,0.0,neutral,0
7746,neutral,neutral,0.0,neutral,0.0,neutral,0
7747,neutral,neutral,0.0,neutral,0.0,neutral,0
7748,neutral,neutral,0.0,neutral,0.0,neutral,0
7749,neutral,neutral,0.0,neutral,0.0,neutral,0
7750,neutral,neutral,0.0,neutral,0.0,neutral,0
7751,neutral,neutral,0.0,neutral,0.0,neutral,0
7752,neutral,neutral,0.0,neutral,0.0,neutral,0
7753,neutral,neutral,0.0,neutral,0.0,neutral,0
7754,neutral,neutral,0.0,neutral,0.0,neutral,0
7755,neutral,neutral,0.0,neutral,0.0,neutral,0
7756,neutral,neutral,0.0,neutral,0.0,neutral,0
7757,neutral,neutral,0.0,neutral,0.0,neutral,0
7758,neutral,neutral,0.0,neutral,0.0,neutral,0
7759,neutral,neutral,0.0,neutral,0.0,neutral,0
7760,neutral,neutral,0.0,neutral,0.0,neutral,0
7761,neutral,neutral,0.0,neutral,0.0,neutral,0
7762,neutral,neutral,0.0,neutral,0.0,neutral,0
7763,neutral,neutral,0.0,neutral,0.0,neutral,0
7764,neutral,neutral,0.0,neutral,0.0,neutral,0
7765,neutral,neutral,0.0,neutral,0.0,neutral,0
7766,neutral,neutral,0.0,neutral,0.0,neutral,0
7767,neutral,neutral,0.0,neutral,0.0,neutral,0
7768,neutral,neutral,0.0,neutral,0.0,neutral,0
7769,neutral,neutral,0.0,neutral,0.0,neutral,0
7770,neutral,neutral,0.0,neutral,0.0,neutral,0
7771,neutral,neutral,0.0,neutral,0.0,neutral,0
7772,neutral,neutral,0.0,neutral,0.0,neutral,0
7773,neutral,neutral,0.0,neutral,0.0,neutral,0
7774,neutral,neutral,0.0,neutral,0.0,neutral,0
7775,neutral,neutral,0.0,neutral,0.0,neutral,0
7776,neutral,neutral,0.0,neutral,0.0,neutral,0
7777,neutral,neutral,0.0,neutral,0.0,neutral,0
7778,neutral,neutral,0.0,neutral,0.0,neutral,0
7779,neutral,neutral,0.0,neutral,0.0,neutral,0
7780,neutral,neutral,0.0,neutral,0.0,neutral,0
7781,neutral,neutral,0.0,neutral,0.0,neutral,0
7782,neutral,neutral,0.0,neutral,0.0,neutral,0
7783,neutral,neutral,0.0,neutral,0.0,neutral,0
7784,neutral,neutral,0.0,neutral,0.0,neutral,0
7785,neutral,neutral,0.0,neutral,0.0,neutral,0
7786,neutral,neutral,0.0,neutral,0.0,neutral,0
7787,neutral,neutral,0.0,neutral,0.0,neutral,0
7788,neutral,neutral,0.0,neutral,0.0,neutral,0
7789,neutral,neutral,0.0,neutral,0.0,neutral,0
7790,neutral,neutral,0.0,neutral,0.0,neutral,0
7791,neutral,neutral,0.0,neutral,0.0,neutral,0
7792,neutral,neutral,0.0,neutral,0.0,neutral,0
7793,neutral,neutral,0.0,neutral,0.0,neutral,0
7794,neutral,neutral,0.0,neutral,0.0,neutral,0
7795,neutral,neutral,0.0,neutral,0.0,neutral,0
7796,neutral,neutral,0.0,neutral,0.0,neutral,0
7797,neutral,neutral,0.0,neutral,0.0,neutral,0
7798,neutral,neutral,0.0,neutral,0.0,neutral,0
7799,neutral,neutral,0.0,neutral,0.0,neutral,0
7800,neutral,neutral,0.0,neutral,0.0,neutral,0
7801,neutral,neutral,0.0,neutral,0.0,neutral,0
7802,neutral,neutral,0.0,neutral,0.0,neutral,0
7803,neutral,neutral,0.0,neutral,0.0,neutral,0
7804,neutral,neutral,0.0,neutral,0.0,neutral,0
7805,neutral,neutral,0.0,neutral,0.0,neutral,0
7806,neutral,neutral,0.0,neutral,0.0,neutral,0
7807,neutral,neutral,0.0,neutral,0.0,neutral,0
7808,neutral,neutral,0.0,neutral,0.0,neutral,0
7809,neutral,neutral,0.0,neutral,0.0,neutral,0
7810,neutral,neutral,0.0,neutral,0.0,neutral,0
7811,neutral,neutral,0.0,neutral,0.0,neutral,0
7812,neutral,neutral,0.0,neutral,0.0,neutral,0
7813,neutral,neutral,0.0,neutral,0.0,neutral,0
7814,neutral,neutral,0.0,neutral,0.0,neutral,0
7815,neutral,neutral,0.0,neutral,0.0,neutral,0
7816,neutral,neutral,0.0,neutral,0.0,neutral,0
7817,neutral,neutral,0.0,neutral,0.0,neutral,0
7818,neutral,neutral,0.0,neutral,0.0,neutral,0
7819,neutral,neutral,0.0,neutral,0.0,neutral,0
7820,neutral,neutral,0.0,neutral,0.0,neutral,0
7821,neutral,neutral,0.0,neutral,0.0,neutral,0
7822,neutral,neutral,0.0,neutral,0.0,neutral,0
7823,neutral,neutral,0.0,neutral,0.0,neutral,0
7824,neutral,neutral,0.0,neutral,0.0,neutral,0
7825,neutral,neutral,0.0,neutral,0.0,neutral,0
7826,neutral,neutral,0.0,neutral,0.0,neutral,0
7827,neutral,neutral,0.0,neutral,0.0,neutral,0
7828,neutral,neutral,0.0,neutral,0.0,neutral,0
7829,neutral,neutral,0.0,neutral,0.0,neutral,0
7830,neutral,neutral,0.0,neutral,0.0,neutral,0
7831,neutral,neutral,0.0,neutral,0.0,neutral,0
7832,neutral,neutral,0.0,neutral,0.0,neutral,0
7833,neutral,neutral,0.0,neutral,0.0,neutral,0
7834,neutral,neutral,0.0,neutral,0.0,neutral,0
7835,neutral,neutral,0.0,neutral,0.0,neutral,0
7836,neutral,neutral,0.0,neutral,0.0,neutral,0
7837,neutral,neutral,0.0,neutral,0.0,neutral,0
7838,neutral,neutral,0.0,neutral,0.0,neutral,0
7839,neutral,neutral,0.0,neutral,0.0,neutral,0
7840,neutral,neutral,0.0,neutral,0.0,neutral,0
7841,neutral,neutral,0.0,neutral,0.0,neutral,0
7842,neutral,neutral,0.0,neutral,0.0,neutral,0
7843,neutral,neutral,0.0,neutral,0.0,neutral,0
7844,neutral,neutral,0.0,neutral,0.0,neutral,0
7845,neutral,neutral,0.0,neutral,0.0,neutral,0
7846,neutral,neutral,0.0,neutral,0.0,neutral,0
7847,neutral,neutral,0.0,neutral,0.0,neutral,0
7848,neutral,neutral,0.0,neutral,0.0,neutral,0
7849,neutral,neutral,0.0,neutral,0.0,neutral,0
7850,neutral,neutral,0.0,neutral,0.0,neutral,0
7851,neutral,neutral,0.0,neutral,0.0,neutral,0
7852,neutral,neutral,0.0,neutral,0.0,neutral,0
7853,neutral,neutral,0.0,neutral,0.0,neutral,0
7854,neutral,neutral,0.0,neutral,0.0,neutral,0
7855,neutral,neutral,0.0,neutral,0.0,neutral,0
7856,neutral,neutral,0.0,neutral,0.0,neutral,0
7857,neutral,neutral,0.0,neutral,0.0,neutral,0
7858,neutral,neutral,0.0,neutral,0.0,neutral,0
7859,neutral,neutral,0.0,neutral,0.0,neutral,0
7860,neutral,neutral,0.0,neutral,0.0,neutral,0
7861,neutral,neutral,0.0,neutral,0.0,neutral,0
7862,neutral,neutral,0.0,neutral,0.0,neutral,0
7863,neutral,neutral,0.0,neutral,0.0,neutral,0
7864,neutral,neutral,0.0,neutral,0.0,neutral,0
7865,neutral,neutral,0.0,neutral,0.0,neutral,0
7866,neutral,neutral,0.0,neutral,0.0,neutral,0
7867,neutral,neutral,0.0,neutral,0.0,neutral,0
7868,neutral,neutral,0.0,neutral,0.0,neutral,0
7869,neutral,neutral,0.0,neutral,0.0,neutral,0
7870,neutral,neutral,0.0,neutral,0.0,neutral,0
7871,neutral,neutral,0.0,neutral,0.0,neutral,0
7872,neutral,neutral,0.0,neutral,0.0,neutral,0
7873,neutral,neutral,0.0,neutral,0.0,neutral,0
7874,neutral,neutral,0.0,neutral,0.0,neutral,0
7875,neutral,neutral,0.0,neutral,0.0,neutral,0
7876,neutral,neutral,0.0,neutral,0.0,neutral,0
7877,neutral,neutral,0.0,neutral,0.0,neutral,0
7878,neutral,neutral,0.0,neutral,0.0,neutral,0
7879,neutral,neutral,0.0,neutral,0.0,neutral,0
7880,neutral,neutral,0.0,neutral,0.0,neutral,0
7881,neutral,neutral,0.0,neutral,0.0,neutral,0
7882,neutral,neutral,0.0,neutral,0.0,neutral,0
7883,neutral,neutral,0.0,neutral,0.0,neutral,0
7884,neutral,neutral,0.0,neutral,0.0,neutral,0
7885,neutral,neutral,0.0,neutral,0.0,neutral,0
7886,neutral,neutral,0.0,neutral,0.0,neutral,0
7887,neutral,neutral,0.0,neutral,0.0,neutral,0
7888,neutral,neutral,0.0,neutral,0.0,neutral,0
7889,neutral,neutral,0.0,neutral,0.0,neutral,0
7890,neutral,neutral,0.0,neutral,0.0,neutral,0
7891,neutral,neutral,0.0,neutral,0.0,neutral,0
7892,neutral,neutral,0.0,neutral,0.0,neutral,0
7893,neutral,neutral,0.0,neutral,0.0,neutral,0
7894,neutral,neutral,0.0,neutral,0.0,neutral,0
7895,neutral,neutral,0.0,neutral,0.0,neutral,0
7896,neutral,neutral,0.0,neutral,0.0,neutral,0
7897,neutral,neutral,0.0,neutral,0.0,neutral,0
7898,neutral,neutral,0.0,neutral,0.0,neutral,0
7899,neutral,neutral,0.0,neutral,0.0,neutral,0
7900,neutral,neutral,0.0,neutral,0.0,neutral,0
7901,neutral,neutral,0.0,neutral,0.0,neutral,0
7902,neutral,neutral,0.0,neutral,0.0,neutral,0
7903,neutral,neutral,0.0,neutral,0.0,neutral,0
7904,neutral,neutral,0.0,neutral,0.0,neutral,0
7905,neutral,neutral,0.0,neutral,0.0,neutral,0
7906,neutral,neutral,0.0,neutral,0.0,neutral,0
7907,neutral,neutral,0.0,neutral,0.0,neutral,0
7908,neutral,neutral,0.0,neutral,0.0,neutral,0
7909,neutral,neutral,0.0,neutral,0.0,neutral,0
7910,neutral,neutral,0.0,neutral,0.0,neutral,0
7911,neutral,neutral,0.0,neutral,0.0,neutral,0
7912,neutral,neutral,0.0,neutral,0.0,neutral,0
7913,neutral,neutral,0.0,neutral,0.0,neutral,0
7914,neutral,neutral,0.0,neutral,0.0,neutral,0
7915,neutral,neutral,0.0,neutral,0.0,neutral,0
7916,neutral,neutral,0.0,neutral,0.0,neutral,0
7917,neutral,neutral,0.0,neutral,0.0,neutral,0
7918,neutral,neutral,0.0,neutral,0.0,neutral,0
7919,neutral,neutral,0.0,neutral,0.0,neutral,0
7920,neutral,neutral,0.0,neutral,0.0,neutral,0
7921,neutral,neutral,0.0,neutral,0.0,neutral,0
7922,neutral,neutral,0.0,neutral,0.0,neutral,0
7923,neutral,neutral,0.0,neutral,0.0,neutral,0
7924,neutral,neutral,0.0,neutral,0.0,neutral,0
7925,neutral,neutral,0.0,neutral,0.0,neutral,0
7926,neutral,neutral,0.0,neutral,0.0,neutral,0
7927,neutral,neutral,0.0,neutral,0.0,neutral,0
7928,neutral,neutral,0.0,neutral,0.0,neutral,0
7929,neutral,neutral,0.0,neutral,0.0,neutral,0
7930,neutral,neutral,0.0,neutral,0.0,neutral,0
7931,neutral,neutral,0.0,neutral,0.0,neutral,0
7932,neutral,neutral,0.0,neutral,0.0,neutral,0
7933,neutral,neutral,0.0,neutral,0.0,neutral,0
7934,neutral,neutral,0.0,neutral,0.0,neutral,0
7935,neutral,neutral,0.0,neutral,0.0,neutral,0
7936,neutral,neutral,0.0,neutral,0.0,neutral,0
7937,neutral,neutral,0.0,neutral,0.0,neutral,0
7938,neutral,neutral,0.0,neutral,0.0,neutral,0
7939,neutral,neutral,0.0,neutral,0.0,neutral,0
7940,neutral,neutral,0.0,neutral,0.0,neutral,0
7941,neutral,neutral,0.0,neutral,0.0,neutral,0
7942,neutral,neutral,0.0,neutral,0.0,neutral,0
7943,neutral,neutral,0.0,neutral,0.0,neutral,0
7944,neutral,neutral,0.0,neutral,0.0,neutral,0
7945,neutral,neutral,0.0,neutral,0.0,neutral,0
7946,neutral,neutral,0.0,neutral,0.0,neutral,0
7947,neutral,neutral,0.0,neutral,0.0,neutral,0
7948,neutral,neutral,0.0,neutral,0.0,neutral,0
7949,neutral,neutral,0.0,neutral,0.0,neutral,0
7950,neutral,neutral,0.0,neutral,0.0,neutral,0
7951,neutral,neutral,0.0,neutral,0.0,neutral,0
7952,neutral,neutral,0.0,neutral,0.0,neutral,0
7953,neutral,neutral,0.0,neutral,0.0,neutral,0
7954,neutral,neutral,0.0,neutral,0.0,neutral,0
7955,neutral,neutral,0.0,neutral,0.0,neutral,0
7956,neutral,neutral,0.0,neutral,0.0,neutral,0
7957,neutral,neutral,0.0,neutral,0.0,neutral,0
7958,neutral,neutral,0.0,neutral,0.0,neutral,0
7959,neutral,neutral,0.0,neutral,0.0,neutral,0
7960,neutral,neutral,0.0,neutral,0.0,neutral,0
7961,neutral,neutral,0.0,neutral,0.0,neutral,0
7962,neutral,neutral,0.0,neutral,0.0,neutral,0
7963,neutral,neutral,0.0,neutral,0.0,neutral,0
7964,neutral,neutral,0.0,neutral,0.0,neutral,0
7965,neutral,neutral,0.0,neutral,0.0,neutral,0
7966,neutral,neutral,0.0,neutral,0.0,neutral,0
7967,neutral,neutral,0.0,neutral,0.0,neutral,0
7968,neutral,neutral,0.0,neutral,0.0,neutral,0
7969,neutral,neutral,0.0,neutral,0.0,neutral,0
7970,neutral,neutral,0.0,neutral,0.0,neutral,0
7971,neutral,neutral,0.0,neutral,0.0,neutral,0
7972,neutral,neutral,0.0,neutral,0.0,neutral,0
7973,neutral,neutral,0.0,neutral,0.0,neutral,0
7974,neutral,neutral,0.0,neutral,0.0,neutral,0
7975,neutral,neutral,0.0,neutral,0.0,neutral,0
7976,neutral,neutral,0.0,neutral,0.0,neutral,0
7977,neutral,neutral,0.0,neutral,0.0,neutral,0
7978,neutral,neutral,0.0,neutral,0.0,neutral,0
7979,neutral,neutral,0.0,neutral,0.0,neutral,0
7980,neutral,neutral,0.0,neutral,0.0,neutral,0
7981,neutral,neutral,0.0,neutral,0.0,neutral,0
7982,neutral,neutral,0.0,neutral,0.0,neutral,0
7983,neutral,neutral,0.0,neutral,0.0,neutral,0
7984,neutral,neutral,0.0,neutral,0.0,neutral,0
7985,neutral,neutral,0.0,neutral,0.0,neutral,0
7986,neutral,neutral,0.0,neutral,0.0,neutral,0
7987,neutral,neutral,0.0,neutral,0.0,neutral,0
7988,neutral,neutral,0.0,neutral,0.0,neutral,0
7989,neutral,neutral,0.0,neutral,0.0,neutral,0
7990,neutral,neutral,0.0,neutral,0.0,neutral,0
7991,neutral,neutral,0.0,neutral,0.0,neutral,0
7992,neutral,neutral,0.0,neutral,0.0,neutral,0
7993,neutral,neutral,0.0,neutral,0.0,neutral,0
7994,neutral,neutral,0.0,neutral,0.0,neutral,0
7995,neutral,neutral,0.0,neutral,0.0,neutral,0
7996,neutral,neutral,0.0,neutral,0.0,neutral,0
7997,neutral,neutral,0.0,neutral,0.0,neutral,0
7998,neutral,neutral,0.0,neutral,0.0,neutral,0
7999,neutral,neutral,0.0,neutral,0.0,neutral,0
8000,neutral,neutral,0.0,neutral,0.0,neutral,0
8001,neutral,neutral,0.0,neutral,0.0,neutral,0
8002,neutral,neutral,0.0,neutral,0.0,neutral,0
8003,neutral,neutral,0.0,neutral,0.0,neutral,0
8004,neutral,neutral,0.0,neutral,0.0,neutral,0
8005,neutral,neutral,0.0,neutral,0.0,neutral,0
8006,neutral,neutral,0.0,neutral,0.0,neutral,0
8007,neutral,neutral,0.0,neutral,0.0,neutral,0
8008,neutral,neutral,0.0,neutral,0.0,neutral,0
8009,neutral,neutral,0.0,neutral,0.0,neutral,0
8010,neutral,neutral,0.0,neutral,0.0,neutral,0
8011,neutral,neutral,0.0,neutral,0.0,neutral,0
8012,neutral,neutral,0.0,neutral,0.0,neutral,0
8013,neutral,neutral,0.0,neutral,0.0,neutral,0
8014,neutral,neutral,0.0,neutral,0.0,neutral,0
8015,neutral,neutral,0.0,neutral,0.0,neutral,0
8016,neutral,neutral,0.0,neutral,0.0,neutral,0
8017,neutral,neutral,0.0,neutral,0.0,neutral,0
8018,neutral,neutral,0.0,neutral,0.0,neutral,0
8019,neutral,neutral,0.0,neutral,0.0,neutral,0
8020,neutral,neutral,0.0,neutral,0.0,neutral,0
8021,neutral,neutral,0.0,neutral,0.0,neutral,0
8022,neutral,neutral,0.0,neutral,0.0,neutral,0
8023,neutral,neutral,0.0,neutral,0.0,neutral,0
8024,neutral,neutral,0.0,neutral,0.0,neutral,0
8025,neutral,neutral,0.0,neutral,0.0,neutral,0
8026,neutral,neutral,0.0,neutral,0.0,neutral,0
8027,neutral,neutral,0.0,neutral,0.0,neutral,0
8028,neutral,neutral,0.0,neutral,0.0,neutral,0
8029,neutral,neutral,0.0,neutral,0.0,neutral,0
8030,neutral,neutral,0.0,neutral,0.0,neutral,0
8031,neutral,neutral,0.0,neutral,0.0,neutral,0
8032,neutral,neutral,0.0,neutral,0.0,neutral,0
8033,neutral,neutral,0.0,neutral,0.0,neutral,0
8034,neutral,neutral,0.0,neutral,0.0,neutral,0
8035,neutral,neutral,0.0,neutral,0.0,neutral,0
8036,neutral,neutral,0.0,neutral,0.0,neutral,0
8037,neutral,neutral,0.0,neutral,0.0,neutral,0
8038,neutral,neutral,0.0,neutral,0.0,neutral,0
8039,neutral,neutral,0.0,neutral,0.0,neutral,0
8040,neutral,neutral,0.0,neutral,0.0,neutral,0
8041,neutral,neutral,0.0,neutral,0.0,neutral,0
8042,neutral,neutral,0.0,neutral,0.0,neutral,0
8043,neutral,neutral,0.0,neutral,0.0,neutral,0
8044,neutral,neutral,0.0,neutral,0.0,neutral,0
8045,neutral,neutral,0.0,neutral,0.0,neutral,0
8046,neutral,neutral,0.0,neutral,0.0,neutral,0
8047,neutral,neutral,0.0,neutral,0.0,neutral,0
8048,neutral,neutral,0.0,neutral,0.0,neutral,0
8049,neutral,neutral,0.0,neutral,0.0,neutral,0
8050,neutral,neutral,0.0,neutral,0.0,neutral,0
8051,neutral,neutral,0.0,neutral,0.0,neutral,0
8052,neutral,neutral,0.0,neutral,0.0,neutral,0
8053,neutral,neutral,0.0,neutral,0.0,neutral,0
8054,neutral,neutral,0.0,neutral,0.0,neutral,0
8055,neutral,neutral,0.0,neutral,0.0,neutral,0
8056,neutral,neutral,0.0,neutral,0.0,neutral,0
8057,neutral,neutral,0.0,neutral,0.0,neutral,0
8058,neutral,neutral,0.0,neutral,0.0,neutral,0
8059,neutral,neutral,0.0,neutral,0.0,neutral,0
8060,neutral,neutral,0.0,neutral,0.0,neutral,0
8061,neutral,neutral,0.0,neutral,0.0,neutral,0
8062,neutral,neutral,0.0,neutral,0.0,neutral,0
8063,neutral,neutral,0.0,neutral,0.0,neutral,0
8064,neutral,neutral,0.0,neutral,0.0,neutral,0
8065,neutral,neutral,0.0,neutral,0.0,neutral,0
8066,neutral,neutral,0.0,neutral,0.0,neutral,0
8067,neutral,neutral,0.0,neutral,0.0,neutral,0
8068,neutral,neutral,0.0,neutral,0.0,neutral,0
8069,neutral,neutral,0.0,neutral,0.0,neutral,0
8070,neutral,neutral,0.0,neutral,0.0,neutral,0
8071,neutral,neutral,0.0,neutral,0.0,neutral,0
8072,neutral,neutral,0.0,neutral,0.0,neutral,0
8073,neutral,neutral,0.0,neutral,0.0,neutral,0
8074,neutral,neutral,0.0,neutral,0.0,neutral,0
8075,neutral,neutral,0.0,neutral,0.0,neutral,0
8076,neutral,neutral,0.0,neutral,0.0,neutral,0
8077,neutral,neutral,0.0,neutral,0.0,neutral,0
8078,neutral,neutral,0.0,neutral,0.0,neutral,0
8079,neutral,neutral,0.0,neutral,0.0,neutral,0
8080,neutral,neutral,0.0,neutral,0.0,neutral,0
8081,neutral,neutral,0.0,neutral,0.0,neutral,0
8082,neutral,neutral,0.0,neutral,0.0,neutral,0
8083,neutral,neutral,0.0,neutral,0.0,neutral,0
8084,neutral,neutral,0.0,neutral,0.0,neutral,0
8085,neutral,neutral,0.0,neutral,0.0,neutral,0
8086,neutral,neutral,0.0,neutral,0.0,neutral,0
8087,neutral,neutral,0.0,neutral,0.0,neutral,0
8088,neutral,neutral,0.0,neutral,0.0,neutral,0
8089,neutral,neutral,0.0,neutral,0.0,neutral,0
8090,neutral,neutral,0.0,neutral,0.0,neutral,0
8091,neutral,neutral,0.0,neutral,0.0,neutral,0
8092,neutral,neutral,0.0,neutral,0.0,neutral,0
8093,neutral,neutral,0.0,neutral,0.0,neutral,0
8094,neutral,neutral,0.0,neutral,0.0,neutral,0
8095,neutral,neutral,0.0,neutral,0.0,neutral,0
8096,neutral,neutral,0.0,neutral,0.0,neutral,0
8097,neutral,neutral,0.0,neutral,0.0,neutral,0
8098,neutral,neutral,0.0,neutral,0.0,neutral,0
8099,neutral,neutral,0.0,neutral,0.0,neutral,0
8100,neutral,neutral,0.0,neutral,0.0,neutral,0
8101,neutral,neutral,0.0,neutral,0.0,neutral,0
8102,neutral,neutral,0.0,neutral,0.0,neutral,0
8103,neutral,neutral,0.0,neutral,0.0,neutral,0
8104,neutral,neutral,0.0,neutral,0.0,neutral,0
8105,neutral,neutral,0.0,neutral,0.0,neutral,0
8106,neutral,neutral,0.0,neutral,0.0,neutral,0
8107,neutral,neutral,0.0,neutral,0.0,neutral,0
8108,neutral,neutral,0.0,neutral,0.0,neutral,0
8109,neutral,neutral,0.0,neutral,0.0,neutral,0
8110,neutral,neutral,0.0,neutral,0.0,neutral,0
8111,neutral,neutral,0.0,neutral,0.0,neutral,0
8112,neutral,neutral,0.0,neutral,0.0,neutral,0
8113,neutral,neutral,0.0,neutral,0.0,neutral,0
8114,neutral,neutral,0.0,neutral,0.0,neutral,0
8115,neutral,neutral,0.0,neutral,0.0,neutral,0
8116,neutral,neutral,0.0,neutral,0.0,neutral,0
8117,neutral,neutral,0.0,neutral,0.0,neutral,0
8118,neutral,neutral,0.0,neutral,0.0,neutral,0
8119,neutral,neutral,0.0,neutral,0.0,neutral,0
8120,neutral,neutral,0.0,neutral,0.0,neutral,0
8121,neutral,neutral,0.0,neutral,0.0,neutral,0
8122,neutral,neutral,0.0,neutral,0.0,neutral,0
8123,neutral,neutral,0.0,neutral,0.0,neutral,0
8124,neutral,neutral,0.0,neutral,0.0,neutral,0
8125,neutral,neutral,0.0,neutral,0.0,neutral,0
8126,neutral,neutral,0.0,neutral,0.0,neutral,0
8127,neutral,neutral,0.0,neutral,0.0,neutral,0
8128,neutral,neutral,0.0,neutral,0.0,neutral,0
8129,neutral,neutral,0.0,neutral,0.0,neutral,0
8130,neutral,neutral,0.0,neutral,0.0,neutral,0
8131,neutral,neutral,0.0,neutral,0.0,neutral,0
8132,neutral,neutral,0.0,neutral,0.0,neutral,0
8133,neutral,neutral,0.0,neutral,0.0,neutral,0
8134,neutral,neutral,0.0,neutral,0.0,neutral,0
8135,neutral,neutral,0.0,neutral,0.0,neutral,0
8136,neutral,neutral,0.0,neutral,0.0,neutral,0
8137,neutral,neutral,0.0,neutral,0.0,neutral,0
8138,neutral,neutral,0.0,neutral,0.0,neutral,0
8139,neutral,neutral,0.0,neutral,0.0,neutral,0
8140,neutral,neutral,0.0,neutral,0.0,neutral,0
8141,neutral,neutral,0.0,neutral,0.0,neutral,0
8142,neutral,neutral,0.0,neutral,0.0,neutral,0
8143,neutral,neutral,0.0,neutral,0.0,neutral,0
8144,neutral,neutral,0.0,neutral,0.0,neutral,0
8145,neutral,neutral,0.0,neutral,0.0,neutral,0
8146,neutral,neutral,0.0,neutral,0.0,neutral,0
8147,neutral,neutral,0.0,neutral,0.0,neutral,0
8148,neutral,neutral,0.0,neutral,0.0,neutral,0
8149,neutral,neutral,0.0,neutral,0.0,neutral,0
8150,neutral,neutral,0.0,neutral,0.0,neutral,0
8151,neutral,neutral,0.0,neutral,0.0,neutral,0
8152,neutral,neutral,0.0,neutral,0.0,neutral,0
8153,neutral,neutral,0.0,neutral,0.0,neutral,0
8154,neutral,neutral,0.0,neutral,0.0,neutral,0
8155,neutral,neutral,0.0,neutral,0.0,neutral,0
8156,neutral,neutral,0.0,neutral,0.0,neutral,0
8157,neutral,neutral,0.0,neutral,0.0,neutral,0
8158,neutral,neutral,0.0,neutral,0.0,neutral,0
8159,neutral,neutral,0.0,neutral,0.0,neutral,0
8160,neutral,neutral,0.0,neutral,0.0,neutral,0
8161,neutral,neutral,0.0,neutral,0.0,neutral,0
8162,neutral,neutral,0.0,neutral,0.0,neutral,0
8163,neutral,neutral,0.0,neutral,0.0,neutral,0
8164,neutral,neutral,0.0,neutral,0.0,neutral,0
8165,neutral,neutral,0.0,neutral,0.0,neutral,0
8166,neutral,neutral,0.0,neutral,0.0,neutral,0
8167,neutral,neutral,0.0,neutral,0.0,neutral,0
8168,neutral,neutral,0.0,neutral,0.0,neutral,0
8169,neutral,neutral,0.0,neutral,0.0,neutral,0
8170,neutral,neutral,0.0,neutral,0.0,neutral,0
8171,neutral,neutral,0.0,neutral,0.0,neutral,0
8172,neutral,neutral,0.0,neutral,0.0,neutral,0
8173,neutral,neutral,0.0,neutral,0.0,neutral,0
8174,neutral,neutral,0.0,neutral,0.0,neutral,0
8175,neutral,neutral,0.0,neutral,0.0,neutral,0
8176,neutral,neutral,0.0,neutral,0.0,neutral,0
8177,neutral,neutral,0.0,neutral,0.0,neutral,0
8178,neutral,neutral,0.0,neutral,0.0,neutral,0
8179,neutral,neutral,0.0,neutral,0.0,neutral,0
8180,neutral,neutral,0.0,neutral,0.0,neutral,0
8181,neutral,neutral,0.0,neutral,0.0,neutral,0
8182,neutral,neutral,0.0,neutral,0.0,neutral,0
8183,neutral,neutral,0.0,neutral,0.0,neutral,0
8184,neutral,neutral,0.0,neutral,0.0,neutral,0
8185,neutral,neutral,0.0,neutral,0.0,neutral,0
8186,neutral,neutral,0.0,neutral,0.0,neutral,0
8187,neutral,neutral,0.0,neutral,0.0,neutral,0
8188,neutral,neutral,0.0,neutral,0.0,neutral,0
8189,neutral,neutral,0.0,neutral,0.0,neutral,0
8190,neutral,neutral,0.0,neutral,0.0,neutral,0
8191,neutral,neutral,0.0,neutral,0.0,neutral,0
8192,neutral,neutral,0.0,neutral,0.0,neutral,0
8193,neutral,neutral,0.0,neutral,0.0,neutral,0
8194,neutral,neutral,0.0,neutral,0.0,neutral,0
8195,neutral,neutral,0.0,neutral,0.0,neutral,0
8196,neutral,neutral,0.0,neutral,0.0,neutral,0
8197,neutral,neutral,0.0,neutral,0.0,neutral,0
8198,neutral,neutral,0.0,neutral,0.0,neutral,0
8199,neutral,neutral,0.0,neutral,0.0,neutral,0
8200,neutral,neutral,0.0,neutral,0.0,neutral,0
8201,neutral,neutral,0.0,neutral,0.0,neutral,0
8202,neutral,neutral,0.0,neutral,0.0,neutral,0
8203,neutral,neutral,0.0,neutral,0.0,neutral,0
8204,neutral,neutral,0.0,neutral,0.0,neutral,0
8205,neutral,neutral,0.0,neutral,0.0,neutral,0
8206,neutral,neutral,0.0,neutral,0.0,neutral,0
8207,neutral,neutral,0.0,neutral,0.0,neutral,0
8208,neutral,neutral,0.0,neutral,0.0,neutral,0
8209,neutral,neutral,0.0,neutral,0.0,neutral,0
8210,neutral,neutral,0.0,neutral,0.0,neutral,0
8211,neutral,neutral,0.0,neutral,0.0,neutral,0
8212,neutral,neutral,0.0,neutral,0.0,neutral,0
8213,neutral,neutral,0.0,neutral,0.0,neutral,0
8214,neutral,neutral,0.0,neutral,0.0,neutral,0
8215,neutral,neutral,0.0,neutral,0.0,neutral,0
8216,neutral,neutral,0.0,neutral,0.0,neutral,0
8217,neutral,neutral,0.0,neutral,0.0,neutral,0
8218,neutral,neutral,0.0,neutral,0.0,neutral,0
8219,neutral,neutral,0.0,neutral,0.0,neutral,0
8220,neutral,neutral,0.0,neutral,0.0,neutral,0
8221,neutral,neutral,0.0,neutral,0.0,neutral,0
8222,neutral,neutral,0.0,neutral,0.0,neutral,0
8223,neutral,neutral,0.0,neutral,0.0,neutral,0
8224,neutral,neutral,0.0,neutral,0.0,neutral,0
8225,neutral,neutral,0.0,neutral,0.0,neutral,0
8226,neutral,neutral,0.0,neutral,0.0,neutral,0
8227,neutral,neutral,0.0,neutral,0.0,neutral,0
8228,neutral,neutral,0.0,neutral,0.0,neutral,0
8229,neutral,neutral,0.0,neutral,0.0,neutral,0
8230,neutral,neutral,0.0,neutral,0.0,neutral,0
8231,neutral,neutral,0.0,neutral,0.0,neutral,0
8232,neutral,neutral,0.0,neutral,0.0,neutral,0
8233,neutral,neutral,0.0,neutral,0.0,neutral,0
8234,neutral,neutral,0.0,neutral,0.0,neutral,0
8235,neutral,neutral,0.0,neutral,0.0,neutral,0
8236,neutral,neutral,0.0,neutral,0.0,neutral,0
8237,neutral,neutral,0.0,neutral,0.0,neutral,0
8238,neutral,neutral,0.0,neutral,0.0,neutral,0
8239,neutral,neutral,0.0,neutral,0.0,neutral,0
8240,neutral,neutral,0.0,neutral,0.0,neutral,0
8241,neutral,neutral,0.0,neutral,0.0,neutral,0
8242,neutral,neutral,0.0,neutral,0.0,neutral,0
8243,neutral,neutral,0.0,neutral,0.0,neutral,0
8244,neutral,neutral,0.0,neutral,0.0,neutral,0
8245,neutral,neutral,0.0,neutral,0.0,neutral,0
8246,neutral,neutral,0.0,neutral,0.0,neutral,0
8247,neutral,neutral,0.0,neutral,0.0,neutral,0
8248,neutral,neutral,0.0,neutral,0.0,neutral,0
8249,neutral,neutral,0.0,neutral,0.0,neutral,0
8250,neutral,neutral,0.0,neutral,0.0,neutral,0
8251,neutral,neutral,0.0,neutral,0.0,neutral,0
8252,neutral,neutral,0.0,neutral,0.0,neutral,0
8253,neutral,neutral,0.0,neutral,0.0,neutral,0
8254,neutral,neutral,0.0,neutral,0.0,neutral,0
8255,neutral,neutral,0.0,neutral,0.0,neutral,0
8256,neutral,neutral,0.0,neutral,0.0,neutral,0
8257,neutral,neutral,0.0,neutral,0.0,neutral,0
8258,neutral,neutral,0.0,neutral,0.0,neutral,0
8259,neutral,neutral,0.0,neutral,0.0,neutral,0
8260,neutral,neutral,0.0,neutral,0.0,neutral,0
8261,neutral,neutral,0.0,neutral,0.0,neutral,0
8262,neutral,neutral,0.0,neutral,0.0,neutral,0
8263,neutral,neutral,0.0,neutral,0.0,neutral,0
8264,neutral,neutral,0.0,neutral,0.0,neutral,0
8265,neutral,neutral,0.0,neutral,0.0,neutral,0
8266,neutral,neutral,0.0,neutral,0.0,neutral,0
8267,neutral,neutral,0.0,neutral,0.0,neutral,0
8268,neutral,neutral,0.0,neutral,0.0,neutral,0
8269,neutral,neutral,0.0,neutral,0.0,neutral,0
8270,neutral,neutral,0.0,neutral,0.0,neutral,0
8271,neutral,neutral,0.0,neutral,0.0,neutral,0
8272,neutral,neutral,0.0,neutral,0.0,neutral,0
8273,neutral,neutral,0.0,neutral,0.0,neutral,0
8274,neutral,neutral,0.0,neutral,0.0,neutral,0
8275,neutral,neutral,0.0,neutral,0.0,neutral,0
8276,neutral,neutral,0.0,neutral,0.0,neutral,0
8277,neutral,neutral,0.0,neutral,0.0,neutral,0
8278,neutral,neutral,0.0,neutral,0.0,neutral,0
8279,neutral,neutral,0.0,neutral,0.0,neutral,0
8280,neutral,neutral,0.0,neutral,0.0,neutral,0
8281,neutral,neutral,0.0,neutral,0.0,neutral,0
8282,neutral,neutral,0.0,neutral,0.0,neutral,0
8283,neutral,neutral,0.0,neutral,0.0,neutral,0
8284,neutral,neutral,0.0,neutral,0.0,neutral,0
8285,neutral,neutral,0.0,neutral,0.0,neutral,0
8286,neutral,neutral,0.0,neutral,0.0,neutral,0
8287,neutral,neutral,0.0,neutral,0.0,neutral,0
8288,neutral,neutral,0.0,neutral,0.0,neutral,0
8289,neutral,neutral,0.0,neutral,0.0,neutral,0
8290,neutral,neutral,0.0,neutral,0.0,neutral,0
8291,neutral,neutral,0.0,neutral,0.0,neutral,0
8292,neutral,neutral,0.0,neutral,0.0,neutral,0
8293,neutral,neutral,0.0,neutral,0.0,neutral,0
8294,neutral,neutral,0.0,neutral,0.0,neutral,0
8295,neutral,neutral,0.0,neutral,0.0,neutral,0
8296,neutral,neutral,0.0,neutral,0.0,neutral,0
8297,neutral,neutral,0.0,neutral,0.0,neutral,0
8298,neutral,neutral,0.0,neutral,0.0,neutral,0
8299,neutral,neutral,0.0,neutral,0.0,neutral,0
8300,neutral,neutral,0.0,neutral,0.0,neutral,0
8301,neutral,neutral,0.0,neutral,0.0,neutral,0
8302,neutral,neutral,0.0,neutral,0.0,neutral,0
8303,neutral,neutral,0.0,neutral,0.0,neutral,0
8304,neutral,neutral,0.0,neutral,0.0,neutral,0
8305,neutral,neutral,0.0,neutral,0.0,neutral,0
8306,neutral,neutral,0.0,neutral,0.0,neutral,0
8307,neutral,neutral,0.0,neutral,0.0,neutral,0
8308,neutral,neutral,0.0,neutral,0.0,neutral,0
8309,neutral,neutral,0.0,neutral,0.0,neutral,0
8310,neutral,neutral,0.0,neutral,0.0,neutral,0
8311,neutral,neutral,0.0,neutral,0.0,neutral,0
8312,neutral,neutral,0.0,neutral,0.0,neutral,0
8313,neutral,neutral,0.0,neutral,0.0,neutral,0
8314,neutral,neutral,0.0,neutral,0.0,neutral,0
8315,neutral,neutral,0.0,neutral,0.0,neutral,0
8316,neutral,neutral,0.0,neutral,0.0,neutral,0
8317,neutral,neutral,0.0,neutral,0.0,neutral,0
8318,neutral,neutral,0.0,neutral,0.0,neutral,0
8319,neutral,neutral,0.0,neutral,0.0,neutral,0
8320,neutral,neutral,0.0,neutral,0.0,neutral,0
8321,neutral,neutral,0.0,neutral,0.0,neutral,0
8322,neutral,neutral,0.0,neutral,0.0,neutral,0
8323,neutral,neutral,0.0,neutral,0.0,neutral,0
8324,neutral,neutral,0.0,neutral,0.0,neutral,0
8325,neutral,neutral,0.0,neutral,0.0,neutral,0
8326,neutral,neutral,0.0,neutral,0.0,neutral,0
8327,neutral,neutral,0.0,neutral,0.0,neutral,0
8328,neutral,neutral,0.0,neutral,0.0,neutral,0
8329,neutral,neutral,0.0,neutral,0.0,neutral,0
8330,neutral,neutral,0.0,neutral,0.0,neutral,0
8331,neutral,neutral,0.0,neutral,0.0,neutral,0
8332,neutral,neutral,0.0,neutral,0.0,neutral,0
8333,neutral,neutral,0.0,neutral,0.0,neutral,0
8334,neutral,neutral,0.0,neutral,0.0,neutral,0
8335,neutral,neutral,0.0,neutral,0.0,neutral,0
8336,neutral,neutral,0.0,neutral,0.0,neutral,0
8337,neutral,neutral,0.0,neutral,0.0,neutral,0
8338,neutral,neutral,0.0,neutral,0.0,neutral,0
8339,neutral,neutral,0.0,neutral,0.0,neutral,0
8340,neutral,neutral,0.0,neutral,0.0,neutral,0
8341,neutral,neutral,0.0,neutral,0.0,neutral,0
8342,neutral,neutral,0.0,neutral,0.0,neutral,0
8343,neutral,neutral,0.0,neutral,0.0,neutral,0
8344,neutral,neutral,0.0,neutral,0.0,neutral,0
8345,neutral,neutral,0.0,neutral,0.0,neutral,0
8346,neutral,neutral,0.0,neutral,0.0,neutral,0
8347,neutral,neutral,0.0,neutral,0.0,neutral,0
8348,neutral,neutral,0.0,neutral,0.0,neutral,0
8349,neutral,neutral,0.0,neutral,0.0,neutral,0
8350,neutral,neutral,0.0,neutral,0.0,neutral,0
8351,neutral,neutral,0.0,neutral,0.0,neutral,0
8352,neutral,neutral,0.0,neutral,0.0,neutral,0
8353,neutral,neutral,0.0,neutral,0.0,neutral,0
8354,neutral,neutral,0.0,neutral,0.0,neutral,0
8355,neutral,neutral,0.0,neutral,0.0,neutral,0
8356,neutral,neutral,0.0,neutral,0.0,neutral,0
8357,neutral,neutral,0.0,neutral,0.0,neutral,0
8358,neutral,neutral,0.0,neutral,0.0,neutral,0
8359,neutral,neutral,0.0,neutral,0.0,neutral,0
8360,neutral,neutral,0.0,neutral,0.0,neutral,0
8361,neutral,neutral,0.0,neutral,0.0,neutral,0
8362,neutral,neutral,0.0,neutral,0.0,neutral,0
8363,neutral,neutral,0.0,neutral,0.0,neutral,0
8364,neutral,neutral,0.0,neutral,0.0,neutral,0
8365,neutral,neutral,0.0,neutral,0.0,neutral,0
8366,neutral,neutral,0.0,neutral,0.0,neutral,0
8367,neutral,neutral,0.0,neutral,0.0,neutral,0
8368,neutral,neutral,0.0,neutral,0.0,neutral,0
8369,neutral,neutral,0.0,neutral,0.0,neutral,0
8370,neutral,neutral,0.0,neutral,0.0,neutral,0
8371,neutral,neutral,0.0,neutral,0.0,neutral,0
8372,neutral,neutral,0.0,neutral,0.0,neutral,0
8373,neutral,neutral,0.0,neutral,0.0,neutral,0
8374,neutral,neutral,0.0,neutral,0.0,neutral,0
8375,neutral,neutral,0.0,neutral,0.0,neutral,0
8376,neutral,neutral,0.0,neutral,0.0,neutral,0
8377,neutral,neutral,0.0,neutral,0.0,neutral,0
8378,neutral,neutral,0.0,neutral,0.0,neutral,0
8379,neutral,neutral,0.0,neutral,0.0,neutral,0
8380,neutral,neutral,0.0,neutral,0.0,neutral,0
8381,neutral,neutral,0.0,neutral,0.0,neutral,0
8382,neutral,neutral,0.0,neutral,0.0,neutral,0
8383,neutral,neutral,0.0,neutral,0.0,neutral,0
8384,neutral,neutral,0.0,neutral,0.0,neutral,0
8385,neutral,neutral,0.0,neutral,0.0,neutral,0
8386,neutral,neutral,0.0,neutral,0.0,neutral,0
8387,neutral,neutral,0.0,neutral,0.0,neutral,0
8388,neutral,neutral,0.0,neutral,0.0,neutral,0
8389,neutral,neutral,0.0,neutral,0.0,neutral,0
8390,neutral,neutral,0.0,neutral,0.0,neutral,0
8391,neutral,neutral,0.0,neutral,0.0,neutral,0
8392,neutral,neutral,0.0,neutral,0.0,neutral,0
8393,neutral,neutral,0.0,neutral,0.0,neutral,0
8394,neutral,neutral,0.0,neutral,0.0,neutral,0
8395,neutral,neutral,0.0,neutral,0.0,neutral,0
8396,neutral,neutral,0.0,neutral,0.0,neutral,0
8397,neutral,neutral,0.0,neutral,0.0,neutral,0
8398,neutral,neutral,0.0,neutral,0.0,neutral,0
8399,neutral,neutral,0.0,neutral,0.0,neutral,0
8400,neutral,neutral,0.0,neutral,0.0,neutral,0
8401,neutral,neutral,0.0,neutral,0.0,neutral,0
8402,neutral,neutral,0.0,neutral,0.0,neutral,0
8403,neutral,neutral,0.0,neutral,0.0,neutral,0
8404,neutral,neutral,0.0,neutral,0.0,neutral,0
8405,neutral,neutral,0.0,neutral,0.0,neutral,0
8406,neutral,neutral,0.0,neutral,0.0,neutral,0
8407,neutral,neutral,0.0,neutral,0.0,neutral,0
8408,neutral,neutral,0.0,neutral,0.0,neutral,0
8409,neutral,neutral,0.0,neutral,0.0,neutral,0
8410,neutral,neutral,0.0,neutral,0.0,neutral,0
8411,neutral,neutral,0.0,neutral,0.0,neutral,0
8412,neutral,neutral,0.0,neutral,0.0,neutral,0
8413,neutral,neutral,0.0,neutral,0.0,neutral,0
8414,neutral,neutral,0.0,neutral,0.0,neutral,0
8415,neutral,neutral,0.0,neutral,0.0,neutral,0
8416,neutral,neutral,0.0,neutral,0.0,neutral,0
8417,neutral,neutral,0.0,neutral,0.0,neutral,0
8418,neutral,neutral,0.0,neutral,0.0,neutral,0
8419,neutral,neutral,0.0,neutral,0.0,neutral,0
8420,neutral,neutral,0.0,neutral,0.0,neutral,0
8421,neutral,neutral,0.0,neutral,0.0,neutral,0
8422,neutral,neutral,0.0,neutral,0.0,neutral,0
8423,neutral,neutral,0.0,neutral,0.0,neutral,0
8424,neutral,neutral,0.0,neutral,0.0,neutral,0
8425,neutral,neutral,0.0,neutral,0.0,neutral,0
8426,neutral,neutral,0.0,neutral,0.0,neutral,0
8427,neutral,neutral,0.0,neutral,0.0,neutral,0
8428,neutral,neutral,0.0,neutral,0.0,neutral,0
8429,neutral,neutral,0.0,neutral,0.0,neutral,0
8430,neutral,neutral,0.0,neutral,0.0,neutral,0
8431,neutral,neutral,0.0,neutral,0.0,neutral,0
8432,neutral,neutral,0.0,neutral,0.0,neutral,0
8433,neutral,neutral,0.0,neutral,0.0,neutral,0
8434,neutral,neutral,0.0,neutral,0.0,neutral,0
8435,neutral,neutral,0.0,neutral,0.0,neutral,0
8436,neutral,neutral,0.0,neutral,0.0,neutral,0
8437,neutral,neutral,0.0,neutral,0.0,neutral,0
8438,neutral,neutral,0.0,neutral,0.0,neutral,0
8439,neutral,neutral,0.0,neutral,0.0,neutral,0
8440,neutral,neutral,0.0,neutral,0.0,neutral,0
8441,neutral,neutral,0.0,neutral,0.0,neutral,0
8442,neutral,neutral,0.0,neutral,0.0,neutral,0
8443,neutral,neutral,0.0,neutral,0.0,neutral,0
8444,neutral,neutral,0.0,neutral,0.0,neutral,0
8445,neutral,neutral,0.0,neutral,0.0,neutral,0
8446,neutral,neutral,0.0,neutral,0.0,neutral,0
8447,neutral,neutral,0.0,neutral,0.0,neutral,0
8448,neutral,neutral,0.0,neutral,0.0,neutral,0
8449,neutral,neutral,0.0,neutral,0.0,neutral,0
8450,neutral,neutral,0.0,neutral,0.0,neutral,0
8451,neutral,neutral,0.0,neutral,0.0,neutral,0
8452,neutral,neutral,0.0,neutral,0.0,neutral,0
8453,neutral,neutral,0.0,neutral,0.0,neutral,0
8454,neutral,neutral,0.0,neutral,0.0,neutral,0
8455,neutral,neutral,0.0,neutral,0.0,neutral,0
8456,neutral,neutral,0.0,neutral,0.0,neutral,0
8457,neutral,neutral,0.0,neutral,0.0,neutral,0
8458,neutral,neutral,0.0,neutral,0.0,neutral,0
8459,neutral,neutral,0.0,neutral,0.0,neutral,0
8460,neutral,neutral,0.0,neutral,0.0,neutral,0
8461,neutral,neutral,0.0,neutral,0.0,neutral,0
8462,neutral,neutral,0.0,neutral,0.0,neutral,0
8463,neutral,neutral,0.0,neutral,0.0,neutral,0
8464,neutral,neutral,0.0,neutral,0.0,neutral,0
8465,neutral,neutral,0.0,neutral,0.0,neutral,0
8466,neutral,neutral,0.0,neutral,0.0,neutral,0
8467,neutral,neutral,0.0,neutral,0.0,neutral,0
8468,neutral,neutral,0.0,neutral,0.0,neutral,0
8469,neutral,neutral,0.0,neutral,0.0,neutral,0
8470,neutral,neutral,0.0,neutral,0.0,neutral,0
8471,neutral,neutral,0.0,neutral,0.0,neutral,0
8472,neutral,neutral,0.0,neutral,0.0,neutral,0
8473,neutral,neutral,0.0,neutral,0.0,neutral,0
8474,neutral,neutral,0.0,neutral,0.0,neutral,0
8475,neutral,neutral,0.0,neutral,0.0,neutral,0
8476,neutral,neutral,0.0,neutral,0.0,neutral,0
8477,neutral,neutral,0.0,neutral,0.0,neutral,0
8478,neutral,neutral,0.0,neutral,0.0,neutral,0
8479,neutral,neutral,0.0,neutral,0.0,neutral,0
8480,neutral,neutral,0.0,neutral,0.0,neutral,0
8481,neutral,neutral,0.0,neutral,0.0,neutral,0
8482,neutral,neutral,0.0,neutral,0.0,neutral,0
8483,neutral,neutral,0.0,neutral,0.0,neutral,0
8484,neutral,neutral,0.0,neutral,0.0,neutral,0
8485,neutral,neutral,0.0,neutral,0.0,neutral,0
8486,neutral,neutral,0.0,neutral,0.0,neutral,0
8487,neutral,neutral,0.0,neutral,0.0,neutral,0
8488,neutral,neutral,0.0,neutral,0.0,neutral,0
8489,neutral,neutral,0.0,neutral,0.0,neutral,0
8490,neutral,neutral,0.0,neutral,0.0,neutral,0
8491,neutral,neutral,0.0,neutral,0.0,neutral,0
8492,neutral,neutral,0.0,neutral,0.0,neutral,0
8493,neutral,neutral,0.0,neutral,0.0,neutral,0
8494,neutral,neutral,0.0,neutral,0.0,neutral,0
8495,neutral,neutral,0.0,neutral,0.0,neutral,0
8496,neutral,neutral,0.0,neutral,0.0,neutral,0
8497,neutral,neutral,0.0,neutral,0.0,neutral,0
8498,neutral,neutral,0.0,neutral,0.0,neutral,0
8499,neutral,neutral,0.0,neutral,0.0,neutral,0
8500,neutral,neutral,0.0,neutral,0.0,neutral,0
8501,neutral,neutral,0.0,neutral,0.0,neutral,0
8502,neutral,neutral,0.0,neutral,0.0,neutral,0
8503,neutral,neutral,0.0,neutral,0.0,neutral,0
8504,neutral,neutral,0.0,neutral,0.0,neutral,0
8505,neutral,neutral,0.0,neutral,0.0,neutral,0
8506,neutral,neutral,0.0,neutral,0.0,neutral,0
8507,neutral,neutral,0.0,neutral,0.0,neutral,0
8508,neutral,neutral,0.0,neutral,0.0,neutral,0
8509,neutral,neutral,0.0,neutral,0.0,neutral,0
8510,neutral,neutral,0.0,neutral,0.0,neutral,0
8511,neutral,neutral,0.0,neutral,0.0,neutral,0
8512,neutral,neutral,0.0,neutral,0.0,neutral,0
8513,neutral,neutral,0.0,neutral,0.0,neutral,0
8514,neutral,neutral,0.0,neutral,0.0,neutral,0
8515,neutral,neutral,0.0,neutral,0.0,neutral,0
8516,neutral,neutral,0.0,neutral,0.0,neutral,0
8517,neutral,neutral,0.0,neutral,0.0,neutral,0
8518,neutral,neutral,0.0,neutral,0.0,neutral,0
8519,neutral,neutral,0.0,neutral,0.0,neutral,0
8520,neutral,neutral,0.0,neutral,0.0,neutral,0
8521,neutral,neutral,0.0,neutral,0.0,neutral,0
8522,neutral,neutral,0.0,neutral,0.0,neutral,0
8523,neutral,neutral,0.0,neutral,0.0,neutral,0
8524,neutral,neutral,0.0,neutral,0.0,neutral,0
8525,neutral,neutral,0.0,neutral,0.0,neutral,0
8526,neutral,neutral,0.0,neutral,0.0,neutral,0
8527,neutral,neutral,0.0,neutral,0.0,neutral,0
8528,neutral,neutral,0.0,neutral,0.0,neutral,0
8529,neutral,neutral,0.0,neutral,0.0,neutral,0
8530,neutral,neutral,0.0,neutral,0.0,neutral,0
8531,neutral,neutral,0.0,neutral,0.0,neutral,0
8532,neutral,neutral,0.0,neutral,0.0,neutral,0
8533,neutral,neutral,0.0,neutral,0.0,neutral,0
8534,neutral,neutral,0.0,neutral,0.0,neutral,0
8535,neutral,neutral,0.0,neutral,0.0,neutral,0
8536,neutral,neutral,0.0,neutral,0.0,neutral,0
8537,neutral,neutral,0.0,neutral,0.0,neutral,0
8538,neutral,neutral,0.0,neutral,0.0,neutral,0
8539,neutral,neutral,0.0,neutral,0.0,neutral,0
8540,neutral,neutral,0.0,neutral,0.0,neutral,0
8541,neutral,neutral,0.0,neutral,0.0,neutral,0
8542,neutral,neutral,0.0,neutral,0.0,neutral,0
8543,neutral,neutral,0.0,neutral,0.0,neutral,0
8544,neutral,neutral,0.0,neutral,0.0,neutral,0
8545,neutral,neutral,0.0,neutral,0.0,neutral,0
8546,neutral,neutral,0.0,neutral,0.0,neutral,0
8547,neutral,neutral,0.0,neutral,0.0,neutral,0
8548,neutral,neutral,0.0,neutral,0.0,neutral,0
8549,neutral,neutral,0.0,neutral,0.0,neutral,0
8550,neutral,neutral,0.0,neutral,0.0,neutral,0
8551,neutral,neutral,0.0,neutral,0.0,neutral,0
8552,neutral,neutral,0.0,neutral,0.0,neutral,0
8553,neutral,neutral,0.0,neutral,0.0,neutral,0
8554,neutral,neutral,0.0,neutral,0.0,neutral,0
8555,neutral,neutral,0.0,neutral,0.0,neutral,0
8556,neutral,neutral,0.0,neutral,0.0,neutral,0
8557,neutral,neutral,0.0,neutral,0.0,neutral,0
8558,neutral,neutral,0.0,neutral,0.0,neutral,0
8559,neutral,neutral,0.0,neutral,0.0,neutral,0
8560,neutral,neutral,0.0,neutral,0.0,neutral,0
8561,neutral,neutral,0.0,neutral,0.0,neutral,0
8562,neutral,neutral,0.0,neutral,0.0,neutral,0
8563,neutral,neutral,0.0,neutral,0.0,neutral,0
8564,neutral,neutral,0.0,neutral,0.0,neutral,0
8565,neutral,neutral,0.0,neutral,0.0,neutral,0
8566,neutral,neutral,0.0,neutral,0.0,neutral,0
8567,neutral,neutral,0.0,neutral,0.0,neutral,0
8568,neutral,neutral,0.0,neutral,0.0,neutral,0
8569,neutral,neutral,0.0,neutral,0.0,neutral,0
8570,neutral,neutral,0.0,neutral,0.0,neutral,0
8571,neutral,neutral,0.0,neutral,0.0,neutral,0
8572,neutral,neutral,0.0,neutral,0.0,neutral,0
8573,neutral,neutral,0.0,neutral,0.0,neutral,0
8574,neutral,neutral,0.0,neutral,0.0,neutral,0
8575,neutral,neutral,0.0,neutral,0.0,neutral,0
8576,neutral,neutral,0.0,neutral,0.0,neutral,0
8577,neutral,neutral,0.0,neutral,0.0,neutral,0
8578,neutral,neutral,0.0,neutral,0.0,neutral,0
8579,neutral,neutral,0.0,neutral,0.0,neutral,0
8580,neutral,neutral,0.0,neutral,0.0,neutral,0
8581,neutral,neutral,0.0,neutral,0.0,neutral,0
8582,neutral,neutral,0.0,neutral,0.0,neutral,0
8583,neutral,neutral,0.0,neutral,0.0,neutral,0
8584,neutral,neutral,0.0,neutral,0.0,neutral,0
8585,neutral,neutral,0.0,neutral,0.0,neutral,0
8586,neutral,neutral,0.0,neutral,0.0,neutral,0
8587,neutral,neutral,0.0,neutral,0.0,neutral,0
8588,neutral,neutral,0.0,neutral,0.0,neutral,0
8589,neutral,neutral,0.0,neutral,0.0,neutral,0
8590,neutral,neutral,0.0,neutral,0.0,neutral,0
8591,neutral,neutral,0.0,neutral,0.0,neutral,0
8592,neutral,neutral,0.0,neutral,0.0,neutral,0
8593,neutral,neutral,0.0,neutral,0.0,neutral,0
8594,neutral,neutral,0.0,neutral,0.0,neutral,0
8595,neutral,neutral,0.0,neutral,0.0,neutral,0
8596,neutral,neutral,0.0,neutral,0.0,neutral,0
8597,neutral,neutral,0.0,neutral,0.0,neutral,0
8598,neutral,neutral,0.0,neutral,0.0,neutral,0
8599,neutral,neutral,0.0,neutral,0.0,neutral,0
8600,neutral,neutral,0.0,neutral,0.0,neutral,0
8601,neutral,neutral,0.0,neutral,0.0,neutral,0
8602,neutral,neutral,0.0,neutral,0.0,neutral,0
8603,neutral,neutral,0.0,neutral,0.0,neutral,0
8604,neutral,neutral,0.0,neutral,0.0,neutral,0
8605,neutral,neutral,0.0,neutral,0.0,neutral,0
8606,neutral,neutral,0.0,neutral,0.0,neutral,0
8607,neutral,neutral,0.0,neutral,0.0,neutral,0
8608,neutral,neutral,0.0,neutral,0.0,neutral,0
8609,neutral,neutral,0.0,neutral,0.0,neutral,0
8610,neutral,neutral,0.0,neutral,0.0,neutral,0
8611,neutral,neutral,0.0,neutral,0.0,neutral,0
8612,neutral,neutral,0.0,neutral,0.0,neutral,0
8613,neutral,neutral,0.0,neutral,0.0,neutral,0
8614,neutral,neutral,0.0,neutral,0.0,neutral,0
8615,neutral,neutral,0.0,neutral,0.0,neutral,0
8616,neutral,neutral,0.0,neutral,0.0,neutral,0
8617,neutral,neutral,0.0,neutral,0.0,neutral,0
8618,neutral,neutral,0.0,neutral,0.0,neutral,0
8619,neutral,neutral,0.0,neutral,0.0,neutral,0
8620,neutral,neutral,0.0,neutral,0.0,neutral,0
8621,neutral,neutral,0.0,neutral,0.0,neutral,0
8622,neutral,neutral,0.0,neutral,0.0,neutral,0
8623,neutral,neutral,0.0,neutral,0.0,neutral,0
8624,neutral,neutral,0.0,neutral,0.0,neutral,0
8625,neutral,neutral,0.0,neutral,0.0,neutral,0
8626,neutral,neutral,0.0,neutral,0.0,neutral,0
8627,neutral,neutral,0.0,neutral,0.0,neutral,0
8628,neutral,neutral,0.0,neutral,0.0,neutral,0
8629,neutral,neutral,0.0,neutral,0.0,neutral,0
8630,neutral,neutral,0.0,neutral,0.0,neutral,0
8631,neutral,neutral,0.0,neutral,0.0,neutral,0
8632,neutral,neutral,0.0,neutral,0.0,neutral,0
8633,neutral,neutral,0.0,neutral,0.0,neutral,0
8634,neutral,neutral,0.0,neutral,0.0,neutral,0
8635,neutral,neutral,0.0,neutral,0.0,neutral,0
8636,neutral,neutral,0.0,neutral,0.0,neutral,0
8637,neutral,neutral,0.0,neutral,0.0,neutral,0
8638,neutral,neutral,0.0,neutral,0.0,neutral,0
8639,neutral,neutral,0.0,neutral,0.0,neutral,0
8640,neutral,neutral,0.0,neutral,0.0,neutral,0
8641,neutral,neutral,0.0,neutral,0.0,neutral,0
8642,neutral,neutral,0.0,neutral,0.0,neutral,0
8643,neutral,neutral,0.0,neutral,0.0,neutral,0
8644,neutral,neutral,0.0,neutral,0.0,neutral,0
8645,neutral,neutral,0.0,neutral,0.0,neutral,0
8646,neutral,neutral,0.0,neutral,0.0,neutral,0
8647,neutral,neutral,0.0,neutral,0.0,neutral,0
8648,neutral,neutral,0.0,neutral,0.0,neutral,0
8649,neutral,neutral,0.0,neutral,0.0,neutral,0
8650,neutral,neutral,0.0,neutral,0.0,neutral,0
8651,neutral,neutral,0.0,neutral,0.0,neutral,0
8652,neutral,neutral,0.0,neutral,0.0,neutral,0
8653,neutral,neutral,0.0,neutral,0.0,neutral,0
8654,neutral,neutral,0.0,neutral,0.0,neutral,0
8655,neutral,neutral,0.0,neutral,0.0,neutral,0
8656,neutral,neutral,0.0,neutral,0.0,neutral,0
8657,neutral,neutral,0.0,neutral,0.0,neutral,0
8658,neutral,neutral,0.0,neutral,0.0,neutral,0
8659,neutral,neutral,0.0,neutral,0.0,neutral,0
8660,neutral,neutral,0.0,neutral,0.0,neutral,0
8661,neutral,neutral,0.0,neutral,0.0,neutral,0
8662,neutral,neutral,0.0,neutral,0.0,neutral,0
8663,neutral,neutral,0.0,neutral,0.0,neutral,0
8664,neutral,neutral,0.0,neutral,0.0,neutral,0
8665,neutral,neutral,0.0,neutral,0.0,neutral,0
8666,neutral,neutral,0.0,neutral,0.0,neutral,0
8667,neutral,neutral,0.0,neutral,0.0,neutral,0
8668,neutral,neutral,0.0,neutral,0.0,neutral,0
8669,neutral,neutral,0.0,neutral,0.0,neutral,0
8670,neutral,neutral,0.0,neutral,0.0,neutral,0
8671,neutral,neutral,0.0,neutral,0.0,neutral,0
8672,neutral,neutral,0.0,neutral,0.0,neutral,0
8673,neutral,neutral,0.0,neutral,0.0,neutral,0
8674,neutral,neutral,0.0,neutral,0.0,neutral,0
8675,neutral,neutral,0.0,neutral,0.0,neutral,0
8676,neutral,neutral,0.0,neutral,0.0,neutral,0
8677,neutral,neutral,0.0,neutral,0.0,neutral,0
8678,neutral,neutral,0.0,neutral,0.0,neutral,0
8679,neutral,neutral,0.0,neutral,0.0,neutral,0
8680,neutral,neutral,0.0,neutral,0.0,neutral,0
8681,neutral,neutral,0.0,neutral,0.0,neutral,0
8682,neutral,neutral,0.0,neutral,0.0,neutral,0
8683,neutral,neutral,0.0,neutral,0.0,neutral,0
8684,neutral,neutral,0.0,neutral,0.0,neutral,0
8685,neutral,neutral,0.0,neutral,0.0,neutral,0
8686,neutral,neutral,0.0,neutral,0.0,neutral,0
8687,neutral,neutral,0.0,neutral,0.0,neutral,0
8688,neutral,neutral,0.0,neutral,0.0,neutral,0
8689,neutral,neutral,0.0,neutral,0.0,neutral,0
8690,neutral,neutral,0.0,neutral,0.0,neutral,0
8691,neutral,neutral,0.0,neutral,0.0,neutral,0
8692,neutral,neutral,0.0,neutral,0.0,neutral,0
8693,neutral,neutral,0.0,neutral,0.0,neutral,0
8694,neutral,neutral,0.0,neutral,0.0,neutral,0
8695,neutral,neutral,0.0,neutral,0.0,neutral,0
8696,neutral,neutral,0.0,neutral,0.0,neutral,0
8697,neutral,neutral,0.0,neutral,0.0,neutral,0
8698,neutral,neutral,0.0,neutral,0.0,neutral,0
8699,neutral,neutral,0.0,neutral,0.0,neutral,0
8700,neutral,neutral,0.0,neutral,0.0,neutral,0
8701,neutral,neutral,0.0,neutral,0.0,neutral,0
8702,neutral,neutral,0.0,neutral,0.0,neutral,0
8703,neutral,neutral,0.0,neutral,0.0,neutral,0
8704,neutral,neutral,0.0,neutral,0.0,neutral,0
8705,neutral,neutral,0.0,neutral,0.0,neutral,0
8706,neutral,neutral,0.0,neutral,0.0,neutral,0
8707,neutral,neutral,0.0,neutral,0.0,neutral,0
8708,neutral,neutral,0.0,neutral,0.0,neutral,0
8709,neutral,neutral,0.0,neutral,0.0,neutral,0
8710,neutral,neutral,0.0,neutral,0.0,neutral,0
8711,neutral,neutral,0.0,neutral,0.0,neutral,0
8712,neutral,neutral,0.0,neutral,0.0,neutral,0
8713,neutral,neutral,0.0,neutral,0.0,neutral,0
8714,neutral,neutral,0.0,neutral,0.0,neutral,0
8715,neutral,neutral,0.0,neutral,0.0,neutral,0
8716,neutral,neutral,0.0,neutral,0.0,neutral,0
8717,neutral,neutral,0.0,neutral,0.0,neutral,0
8718,neutral,neutral,0.0,neutral,0.0,neutral,0
8719,neutral,neutral,0.0,neutral,0.0,neutral,0
8720,neutral,neutral,0.0,neutral,0.0,neutral,0
8721,neutral,neutral,0.0,neutral,0.0,neutral,0
8722,neutral,neutral,0.0,neutral,0.0,neutral,0
8723,neutral,neutral,0.0,neutral,0.0,neutral,0
8724,neutral,neutral,0.0,neutral,0.0,neutral,0
8725,neutral,neutral,0.0,neutral,0.0,neutral,0
8726,neutral,neutral,0.0,neutral,0.0,neutral,0
8727,neutral,neutral,0.0,neutral,0.0,neutral,0
8728,neutral,neutral,0.0,neutral,0.0,neutral,0
8729,neutral,neutral,0.0,neutral,0.0,neutral,0
8730,neutral,neutral,0.0,neutral,0.0,neutral,0
8731,neutral,neutral,0.0,neutral,0.0,neutral,0
8732,neutral,neutral,0.0,neutral,0.0,neutral,0
8733,neutral,neutral,0.0,neutral,0.0,neutral,0
8734,neutral,neutral,0.0,neutral,0.0,neutral,0
8735,neutral,neutral,0.0,neutral,0.0,neutral,0
8736,neutral,neutral,0.0,neutral,0.0,neutral,0
8737,neutral,neutral,0.0,neutral,0.0,neutral,0
8738,neutral,neutral,0.0,neutral,0.0,neutral,0
8739,neutral,neutral,0.0,neutral,0.0,neutral,0
8740,neutral,neutral,0.0,neutral,0.0,neutral,0
8741,neutral,neutral,0.0,neutral,0.0,neutral,0
8742,neutral,neutral,0.0,neutral,0.0,neutral,0
8743,neutral,neutral,0.0,neutral,0.0,neutral,0
8744,neutral,neutral,0.0,neutral,0.0,neutral,0
8745,neutral,neutral,0.0,neutral,0.0,neutral,0
8746,neutral,neutral,0.0,neutral,0.0,neutral,0
8747,neutral,neutral,0.0,neutral,0.0,neutral,0
8748,neutral,neutral,0.0,neutral,0.0,neutral,0
8749,neutral,neutral,0.0,neutral,0.0,neutral,0
8750,neutral,neutral,0.0,neutral,0.0,neutral,0
8751,neutral,neutral,0.0,neutral,0.0,neutral,0
8752,neutral,neutral,0.0,neutral,0.0,neutral,0
8753,neutral,neutral,0.0,neutral,0.0,neutral,0
8754,neutral,neutral,0.0,neutral,0.0,neutral,0
8755,neutral,neutral,0.0,neutral,0.0,neutral,0
8756,neutral,neutral,0.0,neutral,0.0,neutral,0
8757,neutral,neutral,0.0,neutral,0.0,neutral,0
8758,neutral,neutral,0.0,neutral,0.0,neutral,0
8759,neutral,neutral,0.0,neutral,0.0,neutral,0
8760,neutral,neutral,0.0,neutral,0.0,neutral,0
8761,neutral,neutral,0.0,neutral,0.0,neutral,0
8762,neutral,neutral,0.0,neutral,0.0,neutral,0
8763,neutral,neutral,0.0,neutral,0.0,neutral,0
8764,neutral,neutral,0.0,neutral,0.0,neutral,0
8765,neutral,neutral,0.0,neutral,0.0,neutral,0
8766,neutral,neutral,0.0,neutral,0.0,neutral,0
8767,neutral,neutral,0.0,neutral,0.0,neutral,0
8768,neutral,neutral,0.0,neutral,0.0,neutral,0
8769,neutral,neutral,0.0,neutral,0.0,neutral,0
8770,neutral,neutral,0.0,neutral,0.0,neutral,0
8771,neutral,neutral,0.0,neutral,0.0,neutral,0
8772,neutral,neutral,0.0,neutral,0.0,neutral,0
8773,neutral,neutral,0.0,neutral,0.0,neutral,0
8774,neutral,neutral,0.0,neutral,0.0,neutral,0
8775,neutral,neutral,0.0,neutral,0.0,neutral,0
8776,neutral,neutral,0.0,neutral,0.0,neutral,0
8777,neutral,neutral,0.0,neutral,0.0,neutral,0
8778,neutral,neutral,0.0,neutral,0.0,neutral,0
8779,neutral,neutral,0.0,neutral,0.0,neutral,0
8780,neutral,neutral,0.0,neutral,0.0,neutral,0
8781,neutral,neutral,0.0,neutral,0.0,neutral,0
8782,neutral,neutral,0.0,neutral,0.0,neutral,0
8783,neutral,neutral,0.0,neutral,0.0,neutral,0
8784,neutral,neutral,0.0,neutral,0.0,neutral,0
8785,neutral,neutral,0.0,neutral,0.0,neutral,0
8786,neutral,neutral,0.0,neutral,0.0,neutral,0
8787,neutral,neutral,0.0,neutral,0.0,neutral,0
8788,neutral,neutral,0.0,neutral,0.0,neutral,0
8789,neutral,neutral,0.0,neutral,0.0,neutral,0
8790,neutral,neutral,0.0,neutral,0.0,neutral,0
8791,neutral,neutral,0.0,neutral,0.0,neutral,0
8792,neutral,neutral,0.0,neutral,0.0,neutral,0
8793,neutral,neutral,0.0,neutral,0.0,neutral,0
8794,neutral,neutral,0.0,neutral,0.0,neutral,0
8795,neutral,neutral,0.0,neutral,0.0,neutral,0
8796,neutral,neutral,0.0,neutral,0.0,neutral,0
8797,neutral,neutral,0.0,neutral,0.0,neutral,0
8798,neutral,neutral,0.0,neutral,0.0,neutral,0
8799,neutral,neutral,0.0,neutral,0.0,neutral,0
8800,neutral,neutral,0.0,neutral,0.0,neutral,0
8801,neutral,neutral,0.0,neutral,0.0,neutral,0
8802,neutral,neutral,0.0,neutral,0.0,neutral,0
8803,neutral,neutral,0.0,neutral,0.0,neutral,0
8804,neutral,neutral,0.0,neutral,0.0,neutral,0
8805,neutral,neutral,0.0,neutral,0.0,neutral,0
8806,neutral,neutral,0.0,neutral,0.0,neutral,0
8807,neutral,neutral,0.0,neutral,0.0,neutral,0
8808,neutral,neutral,0.0,neutral,0.0,neutral,0
8809,neutral,neutral,0.0,neutral,0.0,neutral,0
8810,neutral,neutral,0.0,neutral,0.0,neutral,0
8811,neutral,neutral,0.0,neutral,0.0,neutral,0
8812,neutral,neutral,0.0,neutral,0.0,neutral,0
8813,neutral,neutral,0.0,neutral,0.0,neutral,0
8814,neutral,neutral,0.0,neutral,0.0,neutral,0
8815,neutral,neutral,0.0,neutral,0.0,neutral,0
8816,neutral,neutral,0.0,neutral,0.0,neutral,0
8817,neutral,neutral,0.0,neutral,0.0,neutral,0
8818,neutral,neutral,0.0,neutral,0.0,neutral,0
8819,neutral,neutral,0.0,neutral,0.0,neutral,0
8820,neutral,neutral,0.0,neutral,0.0,neutral,0
8821,neutral,neutral,0.0,neutral,0.0,neutral,0
8822,neutral,neutral,0.0,neutral,0.0,neutral,0
8823,neutral,neutral,0.0,neutral,0.0,neutral,0
8824,neutral,neutral,0.0,neutral,0.0,neutral,0
8825,neutral,neutral,0.0,neutral,0.0,neutral,0
8826,neutral,neutral,0.0,neutral,0.0,neutral,0
8827,neutral,neutral,0.0,neutral,0.0,neutral,0
8828,neutral,neutral,0.0,neutral,0.0,neutral,0
8829,neutral,neutral,0.0,neutral,0.0,neutral,0
8830,neutral,neutral,0.0,neutral,0.0,neutral,0
8831,neutral,neutral,0.0,neutral,0.0,neutral,0
8832,neutral,neutral,0.0,neutral,0.0,neutral,0
8833,neutral,neutral,0.0,neutral,0.0,neutral,0
8834,neutral,neutral,0.0,neutral,0.0,neutral,0
8835,neutral,neutral,0.0,neutral,0.0,neutral,0
8836,neutral,neutral,0.0,neutral,0.0,neutral,0
8837,neutral,neutral,0.0,neutral,0.0,neutral,0
8838,neutral,neutral,0.0,neutral,0.0,neutral,0
8839,neutral,neutral,0.0,neutral,0.0,neutral,0
8840,neutral,neutral,0.0,neutral,0.0,neutral,0
8841,neutral,neutral,0.0,neutral,0.0,neutral,0
8842,neutral,neutral,0.0,neutral,0.0,neutral,0
8843,neutral,neutral,0.0,neutral,0.0,neutral,0
8844,neutral,neutral,0.0,neutral,0.0,neutral,0
8845,neutral,neutral,0.0,neutral,0.0,neutral,0
8846,neutral,neutral,0.0,neutral,0.0,neutral,0
8847,neutral,neutral,0.0,neutral,0.0,neutral,0
8848,neutral,neutral,0.0,neutral,0.0,neutral,0
8849,neutral,neutral,0.0,neutral,0.0,neutral,0
8850,neutral,neutral,0.0,neutral,0.0,neutral,0
8851,neutral,neutral,0.0,neutral,0.0,neutral,0
8852,neutral,neutral,0.0,neutral,0.0,neutral,0
8853,neutral,neutral,0.0,neutral,0.0,neutral,0
8854,neutral,neutral,0.0,neutral,0.0,neutral,0
8855,neutral,neutral,0.0,neutral,0.0,neutral,0
8856,neutral,neutral,0.0,neutral,0.0,neutral,0
8857,neutral,neutral,0.0,neutral,0.0,neutral,0
8858,neutral,neutral,0.0,neutral,0.0,neutral,0
8859,neutral,neutral,0.0,neutral,0.0,neutral,0
8860,neutral,neutral,0.0,neutral,0.0,neutral,0
8861,neutral,neutral,0.0,neutral,0.0,neutral,0
8862,neutral,neutral,0.0,neutral,0.0,neutral,0
8863,neutral,neutral,0.0,neutral,0.0,neutral,0
8864,neutral,neutral,0.0,neutral,0.0,neutral,0
8865,neutral,neutral,0.0,neutral,0.0,neutral,0
8866,neutral,neutral,0.0,neutral,0.0,neutral,0
8867,neutral,neutral,0.0,neutral,0.0,neutral,0
8868,neutral,neutral,0.0,neutral,0.0,neutral,0
8869,neutral,neutral,0.0,neutral,0.0,neutral,0
8870,neutral,neutral,0.0,neutral,0.0,neutral,0
8871,neutral,neutral,0.0,neutral,0.0,neutral,0
8872,neutral,neutral,0.0,neutral,0.0,neutral,0
8873,neutral,neutral,0.0,neutral,0.0,neutral,0
8874,neutral,neutral,0.0,neutral,0.0,neutral,0
8875,neutral,neutral,0.0,neutral,0.0,neutral,0
8876,neutral,neutral,0.0,neutral,0.0,neutral,0
8877,neutral,neutral,0.0,neutral,0.0,neutral,0
8878,neutral,neutral,0.0,neutral,0.0,neutral,0
8879,neutral,neutral,0.0,neutral,0.0,neutral,0
8880,neutral,neutral,0.0,neutral,0.0,neutral,0
8881,neutral,neutral,0.0,neutral,0.0,neutral,0
8882,neutral,neutral,0.0,neutral,0.0,neutral,0
8883,neutral,neutral,0.0,neutral,0.0,neutral,0
8884,neutral,neutral,0.0,neutral,0.0,neutral,0
8885,neutral,neutral,0.0,neutral,0.0,neutral,0
8886,neutral,neutral,0.0,neutral,0.0,neutral,0
8887,neutral,neutral,0.0,neutral,0.0,neutral,0
8888,neutral,neutral,0.0,neutral,0.0,neutral,0
8889,neutral,neutral,0.0,neutral,0.0,neutral,0
8890,neutral,neutral,0.0,neutral,0.0,neutral,0
8891,neutral,neutral,0.0,neutral,0.0,neutral,0
8892,neutral,neutral,0.0,neutral,0.0,neutral,0
8893,neutral,neutral,0.0,neutral,0.0,neutral,0
8894,neutral,neutral,0.0,neutral,0.0,neutral,0
8895,neutral,neutral,0.0,neutral,0.0,neutral,0
8896,neutral,neutral,0.0,neutral,0.0,neutral,0
8897,neutral,neutral,0.0,neutral,0.0,neutral,0
8898,neutral,neutral,0.0,neutral,0.0,neutral,0
8899,neutral,neutral,0.0,neutral,0.0,neutral,0
8900,neutral,neutral,0.0,neutral,0.0,neutral,0
8901,neutral,neutral,0.0,neutral,0.0,neutral,0
8902,neutral,neutral,0.0,neutral,0.0,neutral,0
8903,neutral,neutral,0.0,neutral,0.0,neutral,0
8904,neutral,neutral,0.0,neutral,0.0,neutral,0
8905,neutral,neutral,0.0,neutral,0.0,neutral,0
8906,neutral,neutral,0.0,neutral,0.0,neutral,0
8907,neutral,neutral,0.0,neutral,0.0,neutral,0
8908,neutral,neutral,0.0,neutral,0.0,neutral,0
8909,neutral,neutral,0.0,neutral,0.0,neutral,0
8910,neutral,neutral,0.0,neutral,0.0,neutral,0
8911,neutral,neutral,0.0,neutral,0.0,neutral,0
8912,neutral,neutral,0.0,neutral,0.0,neutral,0
8913,neutral,neutral,0.0,neutral,0.0,neutral,0
8914,neutral,neutral,0.0,neutral,0.0,neutral,0
8915,neutral,neutral,0.0,neutral,0.0,neutral,0
8916,neutral,neutral,0.0,neutral,0.0,neutral,0
8917,neutral,neutral,0.0,neutral,0.0,neutral,0
8918,neutral,neutral,0.0,neutral,0.0,neutral,0
8919,neutral,neutral,0.0,neutral,0.0,neutral,0
8920,neutral,neutral,0.0,neutral,0.0,neutral,0
8921,neutral,neutral,0.0,neutral,0.0,neutral,0
8922,neutral,neutral,0.0,neutral,0.0,neutral,0
8923,neutral,neutral,0.0,neutral,0.0,neutral,0
8924,neutral,neutral,0.0,neutral,0.0,neutral,0
8925,neutral,neutral,0.0,neutral,0.0,neutral,0
8926,neutral,neutral,0.0,neutral,0.0,neutral,0
8927,neutral,neutral,0.0,neutral,0.0,neutral,0
8928,neutral,neutral,0.0,neutral,0.0,neutral,0
8929,neutral,neutral,0.0,neutral,0.0,neutral,0
8930,neutral,neutral,0.0,neutral,0.0,neutral,0
8931,neutral,neutral,0.0,neutral,0.0,neutral,0
8932,neutral,neutral,0.0,neutral,0.0,neutral,0
8933,neutral,neutral,0.0,neutral,0.0,neutral,0
8934,neutral,neutral,0.0,neutral,0.0,neutral,0
8935,neutral,neutral,0.0,neutral,0.0,neutral,0
8936,neutral,neutral,0.0,neutral,0.0,neutral,0
8937,neutral,neutral,0.0,neutral,0.0,neutral,0
8938,neutral,neutral,0.0,neutral,0.0,neutral,0
8939,neutral,neutral,0.0,neutral,0.0,neutral,0
8940,neutral,neutral,0.0,neutral,0.0,neutral,0
8941,neutral,neutral,0.0,neutral,0.0,neutral,0
8942,neutral,neutral,0.0,neutral,0.0,neutral,0
8943,neutral,neutral,0.0,neutral,0.0,neutral,0
8944,neutral,neutral,0.0,neutral,0.0,neutral,0
8945,neutral,neutral,0.0,neutral,0.0,neutral,0
8946,neutral,neutral,0.0,neutral,0.0,neutral,0
8947,neutral,neutral,0.0,neutral,0.0,neutral,0
8948,neutral,neutral,0.0,neutral,0.0,neutral,0
8949,neutral,neutral,0.0,neutral,0.0,neutral,0
8950,neutral,neutral,0.0,neutral,0.0,neutral,0
8951,neutral,neutral,0.0,neutral,0.0,neutral,0
8952,neutral,neutral,0.0,neutral,0.0,neutral,0
8953,neutral,neutral,0.0,neutral,0.0,neutral,0
8954,neutral,neutral,0.0,neutral,0.0,neutral,0
8955,neutral,neutral,0.0,neutral,0.0,neutral,0
8956,neutral,neutral,0.0,neutral,0.0,neutral,0
8957,neutral,neutral,0.0,neutral,0.0,neutral,0
8958,neutral,neutral,0.0,neutral,0.0,neutral,0
8959,neutral,neutral,0.0,neutral,0.0,neutral,0
8960,neutral,neutral,0.0,neutral,0.0,neutral,0
8961,neutral,neutral,0.0,neutral,0.0,neutral,0
8962,neutral,neutral,0.0,neutral,0.0,neutral,0
8963,neutral,neutral,0.0,neutral,0.0,neutral,0
8964,neutral,neutral,0.0,neutral,0.0,neutral,0
8965,neutral,neutral,0.0,neutral,0.0,neutral,0
8966,neutral,neutral,0.0,neutral,0.0,neutral,0
8967,neutral,neutral,0.0,neutral,0.0,neutral,0
8968,neutral,neutral,0.0,neutral,0.0,neutral,0
8969,neutral,neutral,0.0,neutral,0.0,neutral,0
8970,neutral,neutral,0.0,neutral,0.0,neutral,0
8971,neutral,neutral,0.0,neutral,0.0,neutral,0
8972,neutral,neutral,0.0,neutral,0.0,neutral,0
8973,neutral,neutral,0.0,neutral,0.0,neutral,0
8974,neutral,neutral,0.0,neutral,0.0,neutral,0
8975,neutral,neutral,0.0,neutral,0.0,neutral,0
8976,neutral,neutral,0.0,neutral,0.0,neutral,0
8977,neutral,neutral,0.0,neutral,0.0,neutral,0
8978,neutral,neutral,0.0,neutral,0.0,neutral,0
8979,neutral,neutral,0.0,neutral,0.0,neutral,0
8980,neutral,neutral,0.0,neutral,0.0,neutral,0
8981,neutral,neutral,0.0,neutral,0.0,neutral,0
8982,neutral,neutral,0.0,neutral,0.0,neutral,0
8983,neutral,neutral,0.0,neutral,0.0,neutral,0
8984,neutral,neutral,0.0,neutral,0.0,neutral,0
8985,neutral,neutral,0.0,neutral,0.0,neutral,0
8986,neutral,neutral,0.0,neutral,0.0,neutral,0
8987,neutral,neutral,0.0,neutral,0.0,neutral,0
8988,neutral,neutral,0.0,neutral,0.0,neutral,0
8989,neutral,neutral,0.0,neutral,0.0,neutral,0
8990,neutral,neutral,0.0,neutral,0.0,neutral,0
8991,neutral,neutral,0.0,neutral,0.0,neutral,0
8992,neutral,neutral,0.0,neutral,0.0,neutral,0
8993,neutral,neutral,0.0,neutral,0.0,neutral,0
8994,neutral,neutral,0.0,neutral,0.0,neutral,0
8995,neutral,neutral,0.0,neutral,0.0,neutral,0
8996,neutral,neutral,0.0,neutral,0.0,neutral,0
8997,neutral,neutral,0.0,neutral,0.0,neutral,0
8998,neutral,neutral,0.0,neutral,0.0,neutral,0
8999,neutral,neutral,0.0,neutral,0.0,neutral,0
9000,neutral,neutral,0.0,neutral,0.0,neutral,0
9001,neutral,neutral,0.0,neutral,0.0,neutral,0
9002,neutral,neutral,0.0,neutral,0.0,neutral,0
9003,neutral,neutral,0.0,neutral,0.0,neutral,0
9004,neutral,neutral,0.0,neutral,0.0,neutral,0
9005,neutral,neutral,0.0,neutral,0.0,neutral,0
9006,neutral,neutral,0.0,neutral,0.0,neutral,0
9007,neutral,neutral,0.0,neutral,0.0,neutral,0
9008,neutral,neutral,0.0,neutral,0.0,neutral,0
9009,neutral,neutral,0.0,neutral,0.0,neutral,0
9010,neutral,neutral,0.0,neutral,0.0,neutral,0
9011,neutral,neutral,0.0,neutral,0.0,neutral,0
9012,neutral,neutral,0.0,neutral,0.0,neutral,0
9013,neutral,neutral,0.0,neutral,0.0,neutral,0
9014,neutral,neutral,0.0,neutral,0.0,neutral,0
9015,neutral,neutral,0.0,neutral,0.0,neutral,0
9016,neutral,neutral,0.0,neutral,0.0,neutral,0
9017,neutral,neutral,0.0,neutral,0.0,neutral,0
9018,neutral,neutral,0.0,neutral,0.0,neutral,0
9019,neutral,neutral,0.0,neutral,0.0,neutral,0
9020,neutral,neutral,0.0,neutral,0.0,neutral,0
9021,neutral,neutral,0.0,neutral,0.0,neutral,0
9022,neutral,neutral,0.0,neutral,0.0,neutral,0
9023,neutral,neutral,0.0,neutral,0.0,neutral,0
9024,neutral,neutral,0.0,neutral,0.0,neutral,0
9025,neutral,neutral,0.0,neutral,0.0,neutral,0
9026,neutral,neutral,0.0,neutral,0.0,neutral,0
9027,neutral,neutral,0.0,neutral,0.0,neutral,0
9028,neutral,neutral,0.0,neutral,0.0,neutral,0
9029,neutral,neutral,0.0,neutral,0.0,neutral,0
9030,neutral,neutral,0.0,neutral,0.0,neutral,0
9031,neutral,neutral,0.0,neutral,0.0,neutral,0
9032,neutral,neutral,0.0,neutral,0.0,neutral,0
9033,neutral,neutral,0.0,neutral,0.0,neutral,0
9034,neutral,neutral,0.0,neutral,0.0,neutral,0
9035,neutral,neutral,0.0,neutral,0.0,neutral,0
9036,neutral,neutral,0.0,neutral,0.0,neutral,0
9037,neutral,neutral,0.0,neutral,0.0,neutral,0
9038,neutral,neutral,0.0,neutral,0.0,neutral,0
9039,neutral,neutral,0.0,neutral,0.0,neutral,0
9040,neutral,neutral,0.0,neutral,0.0,neutral,0
9041,neutral,neutral,0.0,neutral,0.0,neutral,0
9042,neutral,neutral,0.0,neutral,0.0,neutral,0
9043,neutral,neutral,0.0,neutral,0.0,neutral,0
9044,neutral,neutral,0.0,neutral,0.0,neutral,0
9045,neutral,neutral,0.0,neutral,0.0,neutral,0
9046,neutral,neutral,0.0,neutral,0.0,neutral,0
9047,neutral,neutral,0.0,neutral,0.0,neutral,0
9048,neutral,neutral,0.0,neutral,0.0,neutral,0
9049,neutral,neutral,0.0,neutral,0.0,neutral,0
9050,neutral,neutral,0.0,neutral,0.0,neutral,0
9051,neutral,neutral,0.0,neutral,0.0,neutral,0
9052,neutral,neutral,0.0,neutral,0.0,neutral,0
9053,neutral,neutral,0.0,neutral,0.0,neutral,0
9054,neutral,neutral,0.0,neutral,0.0,neutral,0
9055,neutral,neutral,0.0,neutral,0.0,neutral,0
9056,neutral,neutral,0.0,neutral,0.0,neutral,0
9057,neutral,neutral,0.0,neutral,0.0,neutral,0
9058,neutral,neutral,0.0,neutral,0.0,neutral,0
9059,neutral,neutral,0.0,neutral,0.0,neutral,0
9060,neutral,neutral,0.0,neutral,0.0,neutral,0
9061,neutral,neutral,0.0,neutral,0.0,neutral,0
9062,neutral,neutral,0.0,neutral,0.0,neutral,0
9063,neutral,neutral,0.0,neutral,0.0,neutral,0
9064,neutral,neutral,0.0,neutral,0.0,neutral,0
9065,neutral,neutral,0.0,neutral,0.0,neutral,0
9066,neutral,neutral,0.0,neutral,0.0,neutral,0
9067,neutral,neutral,0.0,neutral,0.0,neutral,0
9068,neutral,neutral,0.0,neutral,0.0,neutral,0
9069,neutral,neutral,0.0,neutral,0.0,neutral,0
9070,neutral,neutral,0.0,neutral,0.0,neutral,0
9071,neutral,neutral,0.0,neutral,0.0,neutral,0
9072,neutral,neutral,0.0,neutral,0.0,neutral,0
9073,neutral,neutral,0.0,neutral,0.0,neutral,0
9074,neutral,neutral,0.0,neutral,0.0,neutral,0
9075,neutral,neutral,0.0,neutral,0.0,neutral,0
9076,neutral,neutral,0.0,neutral,0.0,neutral,0
9077,neutral,neutral,0.0,neutral,0.0,neutral,0
9078,neutral,neutral,0.0,neutral,0.0,neutral,0
9079,neutral,neutral,0.0,neutral,0.0,neutral,0
9080,neutral,neutral,0.0,neutral,0.0,neutral,0
9081,neutral,neutral,0.0,neutral,0.0,neutral,0
9082,neutral,neutral,0.0,neutral,0.0,neutral,0
9083,neutral,neutral,0.0,neutral,0.0,neutral,0
9084,neutral,neutral,0.0,neutral,0.0,neutral,0
9085,neutral,neutral,0.0,neutral,0.0,neutral,0
9086,neutral,neutral,0.0,neutral,0.0,neutral,0
9087,neutral,neutral,0.0,neutral,0.0,neutral,0
9088,neutral,neutral,0.0,neutral,0.0,neutral,0
9089,neutral,neutral,0.0,neutral,0.0,neutral,0
9090,neutral,neutral,0.0,neutral,0.0,neutral,0
9091,neutral,neutral,0.0,neutral,0.0,neutral,0
9092,neutral,neutral,0.0,neutral,0.0,neutral,0
9093,neutral,neutral,0.0,neutral,0.0,neutral,0
9094,neutral,neutral,0.0,neutral,0.0,neutral,0
9095,neutral,neutral,0.0,neutral,0.0,neutral,0
9096,neutral,neutral,0.0,neutral,0.0,neutral,0
9097,neutral,neutral,0.0,neutral,0.0,neutral,0
9098,neutral,neutral,0.0,neutral,0.0,neutral,0
9099,neutral,neutral,0.0,neutral,0.0,neutral,0
9100,neutral,neutral,0.0,neutral,0.0,neutral,0
9101,neutral,neutral,0.0,neutral,0.0,neutral,0
9102,neutral,neutral,0.0,neutral,0.0,neutral,0
9103,neutral,neutral,0.0,neutral,0.0,neutral,0
9104,neutral,neutral,0.0,neutral,0.0,neutral,0
9105,neutral,neutral,0.0,neutral,0.0,neutral,0
9106,neutral,neutral,0.0,neutral,0.0,neutral,0
9107,neutral,neutral,0.0,neutral,0.0,neutral,0
9108,neutral,neutral,0.0,neutral,0.0,neutral,0
9109,neutral,neutral,0.0,neutral,0.0,neutral,0
9110,neutral,neutral,0.0,neutral,0.0,neutral,0
9111,neutral,neutral,0.0,neutral,0.0,neutral,0
9112,neutral,neutral,0.0,neutral,0.0,neutral,0
9113,neutral,neutral,0.0,neutral,0.0,neutral,0
9114,neutral,neutral,0.0,neutral,0.0,neutral,0
9115,neutral,neutral,0.0,neutral,0.0,neutral,0
9116,neutral,neutral,0.0,neutral,0.0,neutral,0
9117,neutral,neutral,0.0,neutral,0.0,neutral,0
9118,neutral,neutral,0.0,neutral,0.0,neutral,0
9119,neutral,neutral,0.0,neutral,0.0,neutral,0
9120,neutral,neutral,0.0,neutral,0.0,neutral,0
9121,neutral,neutral,0.0,neutral,0.0,neutral,0
9122,neutral,neutral,0.0,neutral,0.0,neutral,0
9123,neutral,neutral,0.0,neutral,0.0,neutral,0
9124,neutral,neutral,0.0,neutral,0.0,neutral,0
9125,neutral,neutral,0.0,neutral,0.0,neutral,0
9126,neutral,neutral,0.0,neutral,0.0,neutral,0
9127,neutral,neutral,0.0,neutral,0.0,neutral,0
9128,neutral,neutral,0.0,neutral,0.0,neutral,0
9129,neutral,neutral,0.0,neutral,0.0,neutral,0
9130,neutral,neutral,0.0,neutral,0.0,neutral,0
9131,neutral,neutral,0.0,neutral,0.0,neutral,0
9132,neutral,neutral,0.0,neutral,0.0,neutral,0
9133,neutral,neutral,0.0,neutral,0.0,neutral,0
9134,neutral,neutral,0.0,neutral,0.0,neutral,0
9135,neutral,neutral,0.0,neutral,0.0,neutral,0
9136,neutral,neutral,0.0,neutral,0.0,neutral,0
9137,neutral,neutral,0.0,neutral,0.0,neutral,0
9138,neutral,neutral,0.0,neutral,0.0,neutral,0
9139,neutral,neutral,0.0,neutral,0.0,neutral,0
9140,neutral,neutral,0.0,neutral,0.0,neutral,0
9141,neutral,neutral,0.0,neutral,0.0,neutral,0
9142,neutral,neutral,0.0,neutral,0.0,neutral,0
9143,neutral,neutral,0.0,neutral,0.0,neutral,0
9144,neutral,neutral,0.0,neutral,0.0,neutral,0
9145,neutral,neutral,0.0,neutral,0.0,neutral,0
9146,neutral,neutral,0.0,neutral,0.0,neutral,0
9147,neutral,neutral,0.0,neutral,0.0,neutral,0
9148,neutral,neutral,0.0,neutral,0.0,neutral,0
9149,neutral,neutral,0.0,neutral,0.0,neutral,0
9150,neutral,neutral,0.0,neutral,0.0,neutral,0
9151,neutral,neutral,0.0,neutral,0.0,neutral,0
9152,neutral,neutral,0.0,neutral,0.0,neutral,0
9153,neutral,neutral,0.0,neutral,0.0,neutral,0
9154,neutral,neutral,0.0,neutral,0.0,neutral,0
9155,neutral,neutral,0.0,neutral,0.0,neutral,0
9156,neutral,neutral,0.0,neutral,0.0,neutral,0
9157,neutral,neutral,0.0,neutral,0.0,neutral,0
9158,neutral,neutral,0.0,neutral,0.0,neutral,0
9159,neutral,neutral,0.0,neutral,0.0,neutral,0
9160,neutral,neutral,0.0,neutral,0.0,neutral,0
9161,neutral,neutral,0.0,neutral,0.0,neutral,0
9162,neutral,neutral,0.0,neutral,0.0,neutral,0
9163,neutral,neutral,0.0,neutral,0.0,neutral,0
9164,neutral,neutral,0.0,neutral,0.0,neutral,0
9165,neutral,neutral,0.0,neutral,0.0,neutral,0
9166,neutral,neutral,0.0,neutral,0.0,neutral,0
9167,neutral,neutral,0.0,neutral,0.0,neutral,0
9168,neutral,neutral,0.0,neutral,0.0,neutral,0
9169,neutral,neutral,0.0,neutral,0.0,neutral,0
9170,neutral,neutral,0.0,neutral,0.0,neutral,0
9171,neutral,neutral,0.0,neutral,0.0,neutral,0
9172,neutral,neutral,0.0,neutral,0.0,neutral,0
9173,neutral,neutral,0.0,neutral,0.0,neutral,0
9174,neutral,neutral,0.0,neutral,0.0,neutral,0
9175,neutral,neutral,0.0,neutral,0.0,neutral,0
9176,neutral,neutral,0.0,neutral,0.0,neutral,0
9177,neutral,neutral,0.0,neutral,0.0,neutral,0
9178,neutral,neutral,0.0,neutral,0.0,neutral,0
9179,neutral,neutral,0.0,neutral,0.0,neutral,0
9180,neutral,neutral,0.0,neutral,0.0,neutral,0
9181,neutral,neutral,0.0,neutral,0.0,neutral,0
9182,neutral,neutral,0.0,neutral,0.0,neutral,0
9183,neutral,neutral,0.0,neutral,0.0,neutral,0
9184,neutral,neutral,0.0,neutral,0.0,neutral,0
9185,neutral,neutral,0.0,neutral,0.0,neutral,0
9186,neutral,neutral,0.0,neutral,0.0,neutral,0
9187,neutral,neutral,0.0,neutral,0.0,neutral,0
9188,neutral,neutral,0.0,neutral,0.0,neutral,0
9189,neutral,neutral,0.0,neutral,0.0,neutral,0
9190,neutral,neutral,0.0,neutral,0.0,neutral,0
9191,neutral,neutral,0.0,neutral,0.0,neutral,0
9192,neutral,neutral,0.0,neutral,0.0,neutral,0
9193,neutral,neutral,0.0,neutral,0.0,neutral,0
9194,neutral,neutral,0.0,neutral,0.0,neutral,0
9195,neutral,neutral,0.0,neutral,0.0,neutral,0
9196,neutral,neutral,0.0,neutral,0.0,neutral,0
9197,neutral,neutral,0.0,neutral,0.0,neutral,0
9198,neutral,neutral,0.0,neutral,0.0,neutral,0
9199,neutral,neutral,0.0,neutral,0.0,neutral,0
9200,neutral,neutral,0.0,neutral,0.0,neutral,0
9201,neutral,neutral,0.0,neutral,0.0,neutral,0
9202,neutral,neutral,0.0,neutral,0.0,neutral,0
9203,neutral,neutral,0.0,neutral,0.0,neutral,0
9204,neutral,neutral,0.0,neutral,0.0,neutral,0
9205,neutral,neutral,0.0,neutral,0.0,neutral,0
9206,neutral,neutral,0.0,neutral,0.0,neutral,0
9207,neutral,neutral,0.0,neutral,0.0,neutral,0
9208,neutral,neutral,0.0,neutral,0.0,neutral,0
9209,neutral,neutral,0.0,neutral,0.0,neutral,0
9210,neutral,neutral,0.0,neutral,0.0,neutral,0
9211,neutral,neutral,0.0,neutral,0.0,neutral,0
9212,neutral,neutral,0.0,neutral,0.0,neutral,0
9213,neutral,neutral,0.0,neutral,0.0,neutral,0
9214,neutral,neutral,0.0,neutral,0.0,neutral,0
9215,neutral,neutral,0.0,neutral,0.0,neutral,0
9216,neutral,neutral,0.0,neutral,0.0,neutral,0
9217,neutral,neutral,0.0,neutral,0.0,neutral,0
9218,neutral,neutral,0.0,neutral,0.0,neutral,0
9219,neutral,neutral,0.0,neutral,0.0,neutral,0
9220,neutral,neutral,0.0,neutral,0.0,neutral,0
9221,neutral,neutral,0.0,neutral,0.0,neutral,0
9222,neutral,neutral,0.0,neutral,0.0,neutral,0
9223,neutral,neutral,0.0,neutral,0.0,neutral,0
9224,neutral,neutral,0.0,neutral,0.0,neutral,0
9225,neutral,neutral,0.0,neutral,0.0,neutral,0
9226,neutral,neutral,0.0,neutral,0.0,neutral,0
9227,neutral,neutral,0.0,neutral,0.0,neutral,0
9228,neutral,neutral,0.0,neutral,0.0,neutral,0
9229,neutral,neutral,0.0,neutral,0.0,neutral,0
9230,neutral,neutral,0.0,neutral,0.0,neutral,0
9231,neutral,neutral,0.0,neutral,0.0,neutral,0
9232,neutral,neutral,0.0,neutral,0.0,neutral,0
9233,neutral,neutral,0.0,neutral,0.0,neutral,0
9234,neutral,neutral,0.0,neutral,0.0,neutral,0
9235,neutral,neutral,0.0,neutral,0.0,neutral,0
9236,neutral,neutral,0.0,neutral,0.0,neutral,0
9237,neutral,neutral,0.0,neutral,0.0,neutral,0
9238,neutral,neutral,0.0,neutral,0.0,neutral,0
9239,neutral,neutral,0.0,neutral,0.0,neutral,0
9240,neutral,neutral,0.0,neutral,0.0,neutral,0
9241,neutral,neutral,0.0,neutral,0.0,neutral,0
9242,neutral,neutral,0.0,neutral,0.0,neutral,0
9243,neutral,neutral,0.0,neutral,0.0,neutral,0
9244,neutral,neutral,0.0,neutral,0.0,neutral,0
9245,neutral,neutral,0.0,neutral,0.0,neutral,0
9246,neutral,neutral,0.0,neutral,0.0,neutral,0
9247,neutral,neutral,0.0,neutral,0.0,neutral,0
9248,neutral,neutral,0.0,neutral,0.0,neutral,0
9249,neutral,neutral,0.0,neutral,0.0,neutral,0
9250,neutral,neutral,0.0,neutral,0.0,neutral,0
9251,neutral,neutral,0.0,neutral,0.0,neutral,0
9252,neutral,neutral,0.0,neutral,0.0,neutral,0
9253,neutral,neutral,0.0,neutral,0.0,neutral,0
9254,neutral,neutral,0.0,neutral,0.0,neutral,0
9255,neutral,neutral,0.0,neutral,0.0,neutral,0
9256,neutral,neutral,0.0,neutral,0.0,neutral,0
9257,neutral,neutral,0.0,neutral,0.0,neutral,0
9258,neutral,neutral,0.0,neutral,0.0,neutral,0
9259,neutral,neutral,0.0,neutral,0.0,neutral,0
9260,neutral,neutral,0.0,neutral,0.0,neutral,0
9261,neutral,neutral,0.0,neutral,0.0,neutral,0
9262,neutral,neutral,0.0,neutral,0.0,neutral,0
9263,neutral,neutral,0.0,neutral,0.0,neutral,0
9264,neutral,neutral,0.0,neutral,0.0,neutral,0
9265,neutral,neutral,0.0,neutral,0.0,neutral,0
9266,neutral,neutral,0.0,neutral,0.0,neutral,0
9267,neutral,neutral,0.0,neutral,0.0,neutral,0
9268,neutral,neutral,0.0,neutral,0.0,neutral,0
9269,neutral,neutral,0.0,neutral,0.0,neutral,0
9270,neutral,neutral,0.0,neutral,0.0,neutral,0
9271,neutral,neutral,0.0,neutral,0.0,neutral,0
9272,neutral,neutral,0.0,neutral,0.0,neutral,0
9273,neutral,neutral,0.0,neutral,0.0,neutral,0
9274,neutral,neutral,0.0,neutral,0.0,neutral,0
9275,neutral,neutral,0.0,neutral,0.0,neutral,0
9276,neutral,neutral,0.0,neutral,0.0,neutral,0
9277,neutral,neutral,0.0,neutral,0.0,neutral,0
9278,neutral,neutral,0.0,neutral,0.0,neutral,0
9279,neutral,neutral,0.0,neutral,0.0,neutral,0
9280,neutral,neutral,0.0,neutral,0.0,neutral,0
9281,neutral,neutral,0.0,neutral,0.0,neutral,0
9282,neutral,neutral,0.0,neutral,0.0,neutral,0
9283,neutral,neutral,0.0,neutral,0.0,neutral,0
9284,neutral,neutral,0.0,neutral,0.0,neutral,0
9285,neutral,neutral,0.0,neutral,0.0,neutral,0
9286,neutral,neutral,0.0,neutral,0.0,neutral,0
9287,neutral,neutral,0.0,neutral,0.0,neutral,0
9288,neutral,neutral,0.0,neutral,0.0,neutral,0
9289,neutral,neutral,0.0,neutral,0.0,neutral,0
9290,neutral,neutral,0.0,neutral,0.0,neutral,0
9291,neutral,neutral,0.0,neutral,0.0,neutral,0
9292,neutral,neutral,0.0,neutral,0.0,neutral,0
9293,neutral,neutral,0.0,neutral,0.0,neutral,0
9294,neutral,neutral,0.0,neutral,0.0,neutral,0
9295,neutral,neutral,0.0,neutral,0.0,neutral,0
9296,neutral,neutral,0.0,neutral,0.0,neutral,0
9297,neutral,neutral,0.0,neutral,0.0,neutral,0
9298,neutral,neutral,0.0,neutral,0.0,neutral,0
9299,neutral,neutral,0.0,neutral,0.0,neutral,0
9300,neutral,neutral,0.0,neutral,0.0,neutral,0
9301,neutral,neutral,0.0,neutral,0.0,neutral,0
9302,neutral,neutral,0.0,neutral,0.0,neutral,0
9303,neutral,neutral,0.0,neutral,0.0,neutral,0
9304,neutral,neutral,0.0,neutral,0.0,neutral,0
9305,neutral,neutral,0.0,neutral,0.0,neutral,0
9306,neutral,neutral,0.0,neutral,0.0,neutral,0
9307,neutral,neutral,0.0,neutral,0.0,neutral,0
9308,neutral,neutral,0.0,neutral,0.0,neutral,0
9309,neutral,neutral,0.0,neutral,0.0,neutral,0
9310,neutral,neutral,0.0,neutral,0.0,neutral,0
9311,neutral,neutral,0.0,neutral,0.0,neutral,0
9312,neutral,neutral,0.0,neutral,0.0,neutral,0
9313,neutral,neutral,0.0,neutral,0.0,neutral,0
9314,neutral,neutral,0.0,neutral,0.0,neutral,0
9315,neutral,neutral,0.0,neutral,0.0,neutral,0
9316,neutral,neutral,0.0,neutral,0.0,neutral,0
9317,neutral,neutral,0.0,neutral,0.0,neutral,0
9318,neutral,neutral,0.0,neutral,0.0,neutral,0
9319,neutral,neutral,0.0,neutral,0.0,neutral,0
9320,neutral,neutral,0.0,neutral,0.0,neutral,0
9321,neutral,neutral,0.0,neutral,0.0,neutral,0
9322,neutral,neutral,0.0,neutral,0.0,neutral,0
9323,neutral,neutral,0.0,neutral,0.0,neutral,0
9324,neutral,neutral,0.0,neutral,0.0,neutral,0
9325,neutral,neutral,0.0,neutral,0.0,neutral,0
9326,neutral,neutral,0.0,neutral,0.0,neutral,0
9327,neutral,neutral,0.0,neutral,0.0,neutral,0
9328,neutral,neutral,0.0,neutral,0.0,neutral,0
9329,neutral,neutral,0.0,neutral,0.0,neutral,0
9330,neutral,neutral,0.0,neutral,0.0,neutral,0
9331,neutral,neutral,0.0,neutral,0.0,neutral,0
9332,neutral,neutral,0.0,neutral,0.0,neutral,0
9333,neutral,neutral,0.0,neutral,0.0,neutral,0
9334,neutral,neutral,0.0,neutral,0.0,neutral,0
9335,neutral,neutral,0.0,neutral,0.0,neutral,0
9336,neutral,neutral,0.0,neutral,0.0,neutral,0
9337,neutral,neutral,0.0,neutral,0.0,neutral,0
9338,neutral,neutral,0.0,neutral,0.0,neutral,0
9339,neutral,neutral,0.0,neutral,0.0,neutral,0
9340,neutral,neutral,0.0,neutral,0.0,neutral,0
9341,neutral,neutral,0.0,neutral,0.0,neutral,0
9342,neutral,neutral,0.0,neutral,0.0,neutral,0
9343,neutral,neutral,0.0,neutral,0.0,neutral,0
9344,neutral,neutral,0.0,neutral,0.0,neutral,0
9345,neutral,neutral,0.0,neutral,0.0,neutral,0
9346,neutral,neutral,0.0,neutral,0.0,neutral,0
9347,neutral,neutral,0.0,neutral,0.0,neutral,0
9348,neutral,neutral,0.0,neutral,0.0,neutral,0
9349,neutral,neutral,0.0,neutral,0.0,neutral,0
9350,neutral,neutral,0.0,neutral,0.0,neutral,0
9351,neutral,neutral,0.0,neutral,0.0,neutral,0
9352,neutral,neutral,0.0,neutral,0.0,neutral,0
9353,neutral,neutral,0.0,neutral,0.0,neutral,0
9354,neutral,neutral,0.0,neutral,0.0,neutral,0
9355,neutral,neutral,0.0,neutral,0.0,neutral,0
9356,neutral,neutral,0.0,neutral,0.0,neutral,0
9357,neutral,neutral,0.0,neutral,0.0,neutral,0
9358,neutral,neutral,0.0,neutral,0.0,neutral,0
9359,neutral,neutral,0.0,neutral,0.0,neutral,0
9360,neutral,neutral,0.0,neutral,0.0,neutral,0
9361,neutral,neutral,0.0,neutral,0.0,neutral,0
9362,neutral,neutral,0.0,neutral,0.0,neutral,0
9363,neutral,neutral,0.0,neutral,0.0,neutral,0
9364,neutral,neutral,0.0,neutral,0.0,neutral,0
9365,neutral,neutral,0.0,neutral,0.0,neutral,0
9366,neutral,neutral,0.0,neutral,0.0,neutral,0
9367,neutral,neutral,0.0,neutral,0.0,neutral,0
9368,neutral,neutral,0.0,neutral,0.0,neutral,0
9369,neutral,neutral,0.0,neutral,0.0,neutral,0
9370,neutral,neutral,0.0,neutral,0.0,neutral,0
9371,neutral,neutral,0.0,neutral,0.0,neutral,0
9372,neutral,neutral,0.0,neutral,0.0,neutral,0
9373,neutral,neutral,0.0,neutral,0.0,neutral,0
9374,neutral,neutral,0.0,neutral,0.0,neutral,0
9375,neutral,neutral,0.0,neutral,0.0,neutral,0
9376,neutral,neutral,0.0,neutral,0.0,neutral,0
9377,neutral,neutral,0.0,neutral,0.0,neutral,0
9378,neutral,neutral,0.0,neutral,0.0,neutral,0
9379,neutral,neutral,0.0,neutral,0.0,neutral,0
9380,neutral,neutral,0.0,neutral,0.0,neutral,0
9381,neutral,neutral,0.0,neutral,0.0,neutral,0
9382,neutral,neutral,0.0,neutral,0.0,neutral,0
9383,neutral,neutral,0.0,neutral,0.0,neutral,0
9384,neutral,neutral,0.0,neutral,0.0,neutral,0
9385,neutral,neutral,0.0,neutral,0.0,neutral,0
9386,neutral,neutral,0.0,neutral,0.0,neutral,0
9387,neutral,neutral,0.0,neutral,0.0,neutral,0
9388,neutral,neutral,0.0,neutral,0.0,neutral,0
9389,neutral,neutral,0.0,neutral,0.0,neutral,0
9390,neutral,neutral,0.0,neutral,0.0,neutral,0
9391,neutral,neutral,0.0,neutral,0.0,neutral,0
9392,neutral,neutral,0.0,neutral,0.0,neutral,0
9393,neutral,neutral,0.0,neutral,0.0,neutral,0
9394,neutral,neutral,0.0,neutral,0.0,neutral,0
9395,neutral,neutral,0.0,neutral,0.0,neutral,0
9396,neutral,neutral,0.0,neutral,0.0,neutral,0
9397,neutral,neutral,0.0,neutral,0.0,neutral,0
9398,neutral,neutral,0.0,neutral,0.0,neutral,0
9399,neutral,neutral,0.0,neutral,0.0,neutral,0
9400,neutral,neutral,0.0,neutral,0.0,neutral,0
9401,neutral,neutral,0.0,neutral,0.0,neutral,0
9402,neutral,neutral,0.0,neutral,0.0,neutral,0
9403,neutral,neutral,0.0,neutral,0.0,neutral,0
9404,neutral,neutral,0.0,neutral,0.0,neutral,0
9405,neutral,neutral,0.0,neutral,0.0,neutral,0
9406,neutral,neutral,0.0,neutral,0.0,neutral,0
9407,neutral,neutral,0.0,neutral,0.0,neutral,0
9408,neutral,neutral,0.0,neutral,0.0,neutral,0
9409,neutral,neutral,0.0,neutral,0.0,neutral,0
9410,neutral,neutral,0.0,neutral,0.0,neutral,0
9411,neutral,neutral,0.0,neutral,0.0,neutral,0
9412,neutral,neutral,0.0,neutral,0.0,neutral,0
9413,neutral,neutral,0.0,neutral,0.0,neutral,0
9414,neutral,neutral,0.0,neutral,0.0,neutral,0
9415,neutral,neutral,0.0,neutral,0.0,neutral,0
9416,neutral,neutral,0.0,neutral,0.0,neutral,0
9417,neutral,neutral,0.0,neutral,0.0,neutral,0
9418,neutral,neutral,0.0,neutral,0.0,neutral,0
9419,neutral,neutral,0.0,neutral,0.0,neutral,0
9420,neutral,neutral,0.0,neutral,0.0,neutral,0
9421,neutral,neutral,0.0,neutral,0.0,neutral,0
9422,neutral,neutral,0.0,neutral,0.0,neutral,0
9423,neutral,neutral,0.0,neutral,0.0,neutral,0
9424,neutral,neutral,0.0,neutral,0.0,neutral,0
9425,neutral,neutral,0.0,neutral,0.0,neutral,0
9426,neutral,neutral,0.0,neutral,0.0,neutral,0
9427,neutral,neutral,0.0,neutral,0.0,neutral,0
9428,neutral,neutral,0.0,neutral,0.0,neutral,0
9429,neutral,neutral,0.0,neutral,0.0,neutral,0
9430,neutral,neutral,0.0,neutral,0.0,neutral,0
9431,neutral,neutral,0.0,neutral,0.0,neutral,0
9432,neutral,neutral,0.0,neutral,0.0,neutral,0
9433,neutral,neutral,0.0,neutral,0.0,neutral,0
9434,neutral,neutral,0.0,neutral,0.0,neutral,0
9435,neutral,neutral,0.0,neutral,0.0,neutral,0
9436,neutral,neutral,0.0,neutral,0.0,neutral,0
9437,neutral,neutral,0.0,neutral,0.0,neutral,0
9438,neutral,neutral,0.0,neutral,0.0,neutral,0
9439,neutral,neutral,0.0,neutral,0.0,neutral,0
9440,neutral,neutral,0.0,neutral,0.0,neutral,0
9441,neutral,neutral,0.0,neutral,0.0,neutral,0
9442,neutral,neutral,0.0,neutral,0.0,neutral,0
9443,neutral,neutral,0.0,neutral,0.0,neutral,0
9444,neutral,neutral,0.0,neutral,0.0,neutral,0
9445,neutral,neutral,0.0,neutral,0.0,neutral,0
9446,neutral,neutral,0.0,neutral,0.0,neutral,0
9447,neutral,neutral,0.0,neutral,0.0,neutral,0
9448,neutral,neutral,0.0,neutral,0.0,neutral,0
9449,neutral,neutral,0.0,neutral,0.0,neutral,0
9450,neutral,neutral,0.0,neutral,0.0,neutral,0
9451,neutral,neutral,0.0,neutral,0.0,neutral,0
9452,neutral,neutral,0.0,neutral,0.0,neutral,0
9453,neutral,neutral,0.0,neutral,0.0,neutral,0
9454,neutral,neutral,0.0,neutral,0.0,neutral,0
9455,neutral,neutral,0.0,neutral,0.0,neutral,0
9456,neutral,neutral,0.0,neutral,0.0,neutral,0
9457,neutral,neutral,0.0,neutral,0.0,neutral,0
9458,neutral,neutral,0.0,neutral,0.0,neutral,0
9459,neutral,neutral,0.0,neutral,0.0,neutral,0
9460,neutral,neutral,0.0,neutral,0.0,neutral,0
9461,neutral,neutral,0.0,neutral,0.0,neutral,0
9462,neutral,neutral,0.0,neutral,0.0,neutral,0
9463,neutral,neutral,0.0,neutral,0.0,neutral,0
9464,neutral,neutral,0.0,neutral,0.0,neutral,0
9465,neutral,neutral,0.0,neutral,0.0,neutral,0
9466,neutral,neutral,0.0,neutral,0.0,neutral,0
9467,neutral,neutral,0.0,neutral,0.0,neutral,0
9468,neutral,neutral,0.0,neutral,0.0,neutral,0
9469,neutral,neutral,0.0,neutral,0.0,neutral,0
9470,neutral,neutral,0.0,neutral,0.0,neutral,0
9471,neutral,neutral,0.0,neutral,0.0,neutral,0
9472,neutral,neutral,0.0,neutral,0.0,neutral,0
9473,neutral,neutral,0.0,neutral,0.0,neutral,0
9474,neutral,neutral,0.0,neutral,0.0,neutral,0
9475,neutral,neutral,0.0,neutral,0.0,neutral,0
9476,neutral,neutral,0.0,neutral,0.0,neutral,0
9477,neutral,neutral,0.0,neutral,0.0,neutral,0
9478,neutral,neutral,0.0,neutral,0.0,neutral,0
9479,neutral,neutral,0.0,neutral,0.0,neutral,0
9480,neutral,neutral,0.0,neutral,0.0,neutral,0
9481,neutral,neutral,0.0,neutral,0.0,neutral,0
9482,neutral,neutral,0.0,neutral,0.0,neutral,0
9483,neutral,neutral,0.0,neutral,0.0,neutral,0
9484,neutral,neutral,0.0,neutral,0.0,neutral,0
9485,neutral,neutral,0.0,neutral,0.0,neutral,0
9486,neutral,neutral,0.0,neutral,0.0,neutral,0
9487,neutral,neutral,0.0,neutral,0.0,neutral,0
9488,neutral,neutral,0.0,neutral,0.0,neutral,0
9489,neutral,neutral,0.0,neutral,0.0,neutral,0
9490,neutral,neutral,0.0,neutral,0.0,neutral,0
9491,neutral,neutral,0.0,neutral,0.0,neutral,0
9492,neutral,neutral,0.0,neutral,0.0,neutral,0
9493,neutral,neutral,0.0,neutral,0.0,neutral,0
9494,neutral,neutral,0.0,neutral,0.0,neutral,0
9495,neutral,neutral,0.0,neutral,0.0,neutral,0
9496,neutral,neutral,0.0,neutral,0.0,neutral,0
9497,neutral,neutral,0.0,neutral,0.0,neutral,0
9498,neutral,neutral,0.0,neutral,0.0,neutral,0
9499,neutral,neutral,0.0,neutral,0.0,neutral,0
9500,neutral,neutral,0.0,neutral,0.0,neutral,0
9501,neutral,neutral,0.0,neutral,0.0,neutral,0
9502,neutral,neutral,0.0,neutral,0.0,neutral,0
9503,neutral,neutral,0.0,neutral,0.0,neutral,0
9504,neutral,neutral,0.0,neutral,0.0,neutral,0
9505,neutral,neutral,0.0,neutral,0.0,neutral,0
9506,neutral,neutral,0.0,neutral,0.0,neutral,0
9507,neutral,neutral,0.0,neutral,0.0,neutral,0
9508,neutral,neutral,0.0,neutral,0.0,neutral,0
9509,neutral,neutral,0.0,neutral,0.0,neutral,0
9510,neutral,neutral,0.0,neutral,0.0,neutral,0
9511,neutral,neutral,0.0,neutral,0.0,neutral,0
9512,neutral,neutral,0.0,neutral,0.0,neutral,0
9513,neutral,neutral,0.0,neutral,0.0,neutral,0
9514,neutral,neutral,0.0,neutral,0.0,neutral,0
9515,neutral,neutral,0.0,neutral,0.0,neutral,0
9516,neutral,neutral,0.0,neutral,0.0,neutral,0
9517,neutral,neutral,0.0,neutral,0.0,neutral,0
9518,neutral,neutral,0.0,neutral,0.0,neutral,0
9519,neutral,neutral,0.0,neutral,0.0,neutral,0
9520,neutral,neutral,0.0,neutral,0.0,neutral,0
9521,neutral,neutral,0.0,neutral,0.0,neutral,0
9522,neutral,neutral,0.0,neutral,0.0,neutral,0
9523,neutral,neutral,0.0,neutral,0.0,neutral,0
9524,neutral,neutral,0.0,neutral,0.0,neutral,0
9525,neutral,neutral,0.0,neutral,0.0,neutral,0
9526,neutral,neutral,0.0,neutral,0.0,neutral,0
9527,neutral,neutral,0.0,neutral,0.0,neutral,0
9528,neutral,neutral,0.0,neutral,0.0,neutral,0
9529,neutral,neutral,0.0,neutral,0.0,neutral,0
9530,neutral,neutral,0.0,neutral,0.0,neutral,0
9531,neutral,neutral,0.0,neutral,0.0,neutral,0
9532,neutral,neutral,0.0,neutral,0.0,neutral,0
9533,neutral,neutral,0.0,neutral,0.0,neutral,0
9534,neutral,neutral,0.0,neutral,0.0,neutral,0
9535,neutral,neutral,0.0,neutral,0.0,neutral,0
9536,neutral,neutral,0.0,neutral,0.0,neutral,0
9537,neutral,neutral,0.0,neutral,0.0,neutral,0
9538,neutral,neutral,0.0,neutral,0.0,neutral,0
9539,neutral,neutral,0.0,neutral,0.0,neutral,0
9540,neutral,neutral,0.0,neutral,0.0,neutral,0
9541,neutral,neutral,0.0,neutral,0.0,neutral,0
9542,neutral,neutral,0.0,neutral,0.0,neutral,0
9543,neutral,neutral,0.0,neutral,0.0,neutral,0
9544,neutral,neutral,0.0,neutral,0.0,neutral,0
9545,neutral,neutral,0.0,neutral,0.0,neutral,0
9546,neutral,neutral,0.0,neutral,0.0,neutral,0
9547,neutral,neutral,0.0,neutral,0.0,neutral,0
9548,neutral,neutral,0.0,neutral,0.0,neutral,0
9549,neutral,neutral,0.0,neutral,0.0,neutral,0
9550,neutral,neutral,0.0,neutral,0.0,neutral,0
9551,neutral,neutral,0.0,neutral,0.0,neutral,0
9552,neutral,neutral,0.0,neutral,0.0,neutral,0
9553,neutral,neutral,0.0,neutral,0.0,neutral,0
9554,neutral,neutral,0.0,neutral,0.0,neutral,0
9555,neutral,neutral,0.0,neutral,0.0,neutral,0
9556,neutral,neutral,0.0,neutral,0.0,neutral,0
9557,neutral,neutral,0.0,neutral,0.0,neutral,0
9558,neutral,neutral,0.0,neutral,0.0,neutral,0
9559,neutral,neutral,0.0,neutral,0.0,neutral,0
9560,neutral,neutral,0.0,neutral,0.0,neutral,0
9561,neutral,neutral,0.0,neutral,0.0,neutral,0
9562,neutral,neutral,0.0,neutral,0.0,neutral,0
9563,neutral,neutral,0.0,neutral,0.0,neutral,0
9564,neutral,neutral,0.0,neutral,0.0,neutral,0
9565,neutral,neutral,0.0,neutral,0.0,neutral,0
9566,neutral,neutral,0.0,neutral,0.0,neutral,0
9567,neutral,neutral,0.0,neutral,0.0,neutral,0
9568,neutral,neutral,0.0,neutral,0.0,neutral,0
9569,neutral,neutral,0.0,neutral,0.0,neutral,0
9570,neutral,neutral,0.0,neutral,0.0,neutral,0
9571,neutral,neutral,0.0,neutral,0.0,neutral,0
9572,neutral,neutral,0.0,neutral,0.0,neutral,0
9573,neutral,neutral,0.0,neutral,0.0,neutral,0
9574,neutral,neutral,0.0,neutral,0.0,neutral,0
9575,neutral,neutral,0.0,neutral,0.0,neutral,0
9576,neutral,neutral,0.0,neutral,0.0,neutral,0
9577,neutral,neutral,0.0,neutral,0.0,neutral,0
9578,neutral,neutral,0.0,neutral,0.0,neutral,0
9579,neutral,neutral,0.0,neutral,0.0,neutral,0
9580,neutral,neutral,0.0,neutral,0.0,neutral,0
9581,neutral,neutral,0.0,neutral,0.0,neutral,0
9582,neutral,neutral,0.0,neutral,0.0,neutral,0
9583,neutral,neutral,0.0,neutral,0.0,neutral,0
9584,neutral,neutral,0.0,neutral,0.0,neutral,0
9585,neutral,neutral,0.0,neutral,0.0,neutral,0
9586,neutral,neutral,0.0,neutral,0.0,neutral,0
9587,neutral,neutral,0.0,neutral,0.0,neutral,0
9588,neutral,neutral,0.0,neutral,0.0,neutral,0
9589,neutral,neutral,0.0,neutral,0.0,neutral,0
9590,neutral,neutral,0.0,neutral,0.0,neutral,0
9591,neutral,neutral,0.0,neutral,0.0,neutral,0
9592,neutral,neutral,0.0,neutral,0.0,neutral,0
9593,neutral,neutral,0.0,neutral,0.0,neutral,0
9594,neutral,neutral,0.0,neutral,0.0,neutral,0
9595,neutral,neutral,0.0,neutral,0.0,neutral,0
9596,neutral,neutral,0.0,neutral,0.0,neutral,0
9597,neutral,neutral,0.0,neutral,0.0,neutral,0
9598,neutral,neutral,0.0,neutral,0.0,neutral,0
9599,neutral,neutral,0.0,neutral,0.0,neutral,0
9600,neutral,neutral,0.0,neutral,0.0,neutral,0
9601,neutral,neutral,0.0,neutral,0.0,neutral,0
9602,neutral,neutral,0.0,neutral,0.0,neutral,0
9603,neutral,neutral,0.0,neutral,0.0,neutral,0
9604,neutral,neutral,0.0,neutral,0.0,neutral,0
9605,neutral,neutral,0.0,neutral,0.0,neutral,0
9606,neutral,neutral,0.0,neutral,0.0,neutral,0
9607,neutral,neutral,0.0,neutral,0.0,neutral,0
9608,neutral,neutral,0.0,neutral,0.0,neutral,0
9609,neutral,neutral,0.0,neutral,0.0,neutral,0
9610,neutral,neutral,0.0,neutral,0.0,neutral,0
9611,neutral,neutral,0.0,neutral,0.0,neutral,0
9612,neutral,neutral,0.0,neutral,0.0,neutral,0
9613,neutral,neutral,0.0,neutral,0.0,neutral,0
9614,neutral,neutral,0.0,neutral,0.0,neutral,0
9615,neutral,neutral,0.0,neutral,0.0,neutral,0
9616,neutral,neutral,0.0,neutral,0.0,neutral,0
9617,neutral,neutral,0.0,neutral,0.0,neutral,0
9618,neutral,neutral,0.0,neutral,0.0,neutral,0
9619,neutral,neutral,0.0,neutral,0.0,neutral,0
9620,neutral,neutral,0.0,neutral,0.0,neutral,0
9621,neutral,neutral,0.0,neutral,0.0,neutral,0
9622,neutral,neutral,0.0,neutral,0.0,neutral,0
9623,neutral,neutral,0.0,neutral,0.0,neutral,0
9624,neutral,neutral,0.0,neutral,0.0,neutral,0
9625,neutral,neutral,0.0,neutral,0.0,neutral,0
9626,neutral,neutral,0.0,neutral,0.0,neutral,0
9627,neutral,neutral,0.0,neutral,0.0,neutral,0
9628,neutral,neutral,0.0,neutral,0.0,neutral,0
9629,neutral,neutral,0.0,neutral,0.0,neutral,0
9630,neutral,neutral,0.0,neutral,0.0,neutral,0
9631,neutral,neutral,0.0,neutral,0.0,neutral,0
9632,neutral,neutral,0.0,neutral,0.0,neutral,0
9633,neutral,neutral,0.0,neutral,0.0,neutral,0
9634,neutral,neutral,0.0,neutral,0.0,neutral,0
9635,neutral,neutral,0.0,neutral,0.0,neutral,0
9636,neutral,neutral,0.0,neutral,0.0,neutral,0
9637,neutral,neutral,0.0,neutral,0.0,neutral,0
9638,neutral,neutral,0.0,neutral,0.0,neutral,0
9639,neutral,neutral,0.0,neutral,0.0,neutral,0
9640,neutral,neutral,0.0,neutral,0.0,neutral,0
9641,neutral,neutral,0.0,neutral,0.0,neutral,0
9642,neutral,neutral,0.0,neutral,0.0,neutral,0
9643,neutral,neutral,0.0,neutral,0.0,neutral,0
9644,neutral,neutral,0.0,neutral,0.0,neutral,0
9645,neutral,neutral,0.0,neutral,0.0,neutral,0
9646,neutral,neutral,0.0,neutral,0.0,neutral,0
9647,neutral,neutral,0.0,neutral,0.0,neutral,0
9648,neutral,neutral,0.0,neutral,0.0,neutral,0
9649,neutral,neutral,0.0,neutral,0.0,neutral,0
9650,neutral,neutral,0.0,neutral,0.0,neutral,0
9651,neutral,neutral,0.0,neutral,0.0,neutral,0
9652,neutral,neutral,0.0,neutral,0.0,neutral,0
9653,neutral,neutral,0.0,neutral,0.0,neutral,0
9654,neutral,neutral,0.0,neutral,0.0,neutral,0
9655,neutral,neutral,0.0,neutral,0.0,neutral,0
9656,neutral,neutral,0.0,neutral,0.0,neutral,0
9657,neutral,neutral,0.0,neutral,0.0,neutral,0
9658,neutral,neutral,0.0,neutral,0.0,neutral,0
9659,neutral,neutral,0.0,neutral,0.0,neutral,0
9660,neutral,neutral,0.0,neutral,0.0,neutral,0
9661,neutral,neutral,0.0,neutral,0.0,neutral,0
9662,neutral,neutral,0.0,neutral,0.0,neutral,0
9663,neutral,neutral,0.0,neutral,0.0,neutral,0
9664,neutral,neutral,0.0,neutral,0.0,neutral,0
9665,neutral,neutral,0.0,neutral,0.0,neutral,0
9666,neutral,neutral,0.0,neutral,0.0,neutral,0
9667,neutral,neutral,0.0,neutral,0.0,neutral,0
9668,neutral,neutral,0.0,neutral,0.0,neutral,0
9669,neutral,neutral,0.0,neutral,0.0,neutral,0
9670,neutral,neutral,0.0,neutral,0.0,neutral,0
9671,neutral,neutral,0.0,neutral,0.0,neutral,0
9672,neutral,neutral,0.0,neutral,0.0,neutral,0
9673,neutral,neutral,0.0,neutral,0.0,neutral,0
9674,neutral,neutral,0.0,neutral,0.0,neutral,0
9675,neutral,neutral,0.0,neutral,0.0,neutral,0
9676,neutral,neutral,0.0,neutral,0.0,neutral,0
9677,neutral,neutral,0.0,neutral,0.0,neutral,0
9678,neutral,neutral,0.0,neutral,0.0,neutral,0
9679,neutral,neutral,0.0,neutral,0.0,neutral,0
9680,neutral,neutral,0.0,neutral,0.0,neutral,0
9681,neutral,neutral,0.0,neutral,0.0,neutral,0
9682,neutral,neutral,0.0,neutral,0.0,neutral,0
9683,neutral,neutral,0.0,neutral,0.0,neutral,0
9684,neutral,neutral,0.0,neutral,0.0,neutral,0
9685,neutral,neutral,0.0,neutral,0.0,neutral,0
9686,neutral,neutral,0.0,neutral,0.0,neutral,0
9687,neutral,neutral,0.0,neutral,0.0,neutral,0
9688,neutral,neutral,0.0,neutral,0.0,neutral,0
9689,neutral,neutral,0.0,neutral,0.0,neutral,0
9690,neutral,neutral,0.0,neutral,0.0,neutral,0
9691,neutral,neutral,0.0,neutral,0.0,neutral,0
9692,neutral,neutral,0.0,neutral,0.0,neutral,0
9693,neutral,neutral,0.0,neutral,0.0,neutral,0
9694,neutral,neutral,0.0,neutral,0.0,neutral,0
9695,neutral,neutral,0.0,neutral,0.0,neutral,0
9696,neutral,neutral,0.0,neutral,0.0,neutral,0
9697,neutral,neutral,0.0,neutral,0.0,neutral,0
9698,neutral,neutral,0.0,neutral,0.0,neutral,0
9699,neutral,neutral,0.0,neutral,0.0,neutral,0
9700,neutral,neutral,0.0,neutral,0.0,neutral,0
9701,neutral,neutral,0.0,neutral,0.0,neutral,0
9702,neutral,neutral,0.0,neutral,0.0,neutral,0
9703,neutral,neutral,0.0,neutral,0.0,neutral,0
9704,neutral,neutral,0.0,neutral,0.0,neutral,0
9705,neutral,neutral,0.0,neutral,0.0,neutral,0
9706,neutral,neutral,0.0,neutral,0.0,neutral,0
9707,neutral,neutral,0.0,neutral,0.0,neutral,0
9708,neutral,neutral,0.0,neutral,0.0,neutral,0
9709,neutral,neutral,0.0,neutral,0.0,neutral,0
9710,neutral,neutral,0.0,neutral,0.0,neutral,0
9711,neutral,neutral,0.0,neutral,0.0,neutral,0
9712,neutral,neutral,0.0,neutral,0.0,neutral,0
9713,neutral,neutral,0.0,neutral,0.0,neutral,0
9714,neutral,neutral,0.0,neutral,0.0,neutral,0
9715,neutral,neutral,0.0,neutral,0.0,neutral,0
9716,neutral,neutral,0.0,neutral,0.0,neutral,0
9717,neutral,neutral,0.0,neutral,0.0,neutral,0
9718,neutral,neutral,0.0,neutral,0.0,neutral,0
9719,neutral,neutral,0.0,neutral,0.0,neutral,0
9720,neutral,neutral,0.0,neutral,0.0,neutral,0
9721,neutral,neutral,0.0,neutral,0.0,neutral,0
9722,neutral,neutral,0.0,neutral,0.0,neutral,0
9723,neutral,neutral,0.0,neutral,0.0,neutral,0
9724,neutral,neutral,0.0,neutral,0.0,neutral,0
9725,neutral,neutral,0.0,neutral,0.0,neutral,0
9726,neutral,neutral,0.0,neutral,0.0,neutral,0
9727,neutral,neutral,0.0,neutral,0.0,neutral,0
9728,neutral,neutral,0.0,neutral,0.0,neutral,0
9729,neutral,neutral,0.0,neutral,0.0,neutral,0
9730,neutral,neutral,0.0,neutral,0.0,neutral,0
9731,neutral,neutral,0.0,neutral,0.0,neutral,0
9732,neutral,neutral,0.0,neutral,0.0,neutral,0
9733,neutral,neutral,0.0,neutral,0.0,neutral,0
9734,neutral,neutral,0.0,neutral,0.0,neutral,0
9735,neutral,neutral,0.0,neutral,0.0,neutral,0
9736,neutral,neutral,0.0,neutral,0.0,neutral,0
9737,neutral,neutral,0.0,neutral,0.0,neutral,0
9738,neutral,neutral,0.0,neutral,0.0,neutral,0
9739,neutral,neutral,0.0,neutral,0.0,neutral,0
9740,neutral,neutral,0.0,neutral,0.0,neutral,0
9741,neutral,neutral,0.0,neutral,0.0,neutral,0
9742,neutral,neutral,0.0,neutral,0.0,neutral,0
9743,neutral,neutral,0.0,neutral,0.0,neutral,0
9744,neutral,neutral,0.0,neutral,0.0,neutral,0
9745,neutral,neutral,0.0,neutral,0.0,neutral,0
9746,neutral,neutral,0.0,neutral,0.0,neutral,0
9747,neutral,neutral,0.0,neutral,0.0,neutral,0
9748,neutral,neutral,0.0,neutral,0.0,neutral,0
9749,neutral,neutral,0.0,neutral,0.0,neutral,0
9750,neutral,neutral,0.0,neutral,0.0,neutral,0
9751,neutral,neutral,0.0,neutral,0.0,neutral,0
9752,neutral,neutral,0.0,neutral,0.0,neutral,0
9753,neutral,neutral,0.0,neutral,0.0,neutral,0
9754,neutral,neutral,0.0,neutral,0.0,neutral,0
9755,neutral,neutral,0.0,neutral,0.0,neutral,0
9756,neutral,neutral,0.0,neutral,0.0,neutral,0
9757,neutral,neutral,0.0,neutral,0.0,neutral,0
9758,neutral,neutral,0.0,neutral,0.0,neutral,0
9759,neutral,neutral,0.0,neutral,0.0,neutral,0
9760,neutral,neutral,0.0,neutral,0.0,neutral,0
9761,neutral,neutral,0.0,neutral,0.0,neutral,0
9762,neutral,neutral,0.0,neutral,0.0,neutral,0
9763,neutral,neutral,0.0,neutral,0.0,neutral,0
9764,neutral,neutral,0.0,neutral,0.0,neutral,0
9765,neutral,neutral,0.0,neutral,0.0,neutral,0
9766,neutral,neutral,0.0,neutral,0.0,neutral,0
9767,neutral,neutral,0.0,neutral,0.0,neutral,0
9768,neutral,neutral,0.0,neutral,0.0,neutral,0
9769,neutral,neutral,0.0,neutral,0.0,neutral,0
9770,neutral,neutral,0.0,neutral,0.0,neutral,0
9771,neutral,neutral,0.0,neutral,0.0,neutral,0
9772,neutral,neutral,0.0,neutral,0.0,neutral,0
9773,neutral,neutral,0.0,neutral,0.0,neutral,0
9774,neutral,neutral,0.0,neutral,0.0,neutral,0
9775,neutral,neutral,0.0,neutral,0.0,neutral,0
9776,neutral,neutral,0.0,neutral,0.0,neutral,0
9777,neutral,neutral,0.0,neutral,0.0,neutral,0
9778,neutral,neutral,0.0,neutral,0.0,neutral,0
9779,neutral,neutral,0.0,neutral,0.0,neutral,0
9780,neutral,neutral,0.0,neutral,0.0,neutral,0
9781,neutral,neutral,0.0,neutral,0.0,neutral,0
9782,neutral,neutral,0.0,neutral,0.0,neutral,0
9783,neutral,neutral,0.0,neutral,0.0,neutral,0
9784,neutral,neutral,0.0,neutral,0.0,neutral,0
9785,neutral,neutral,0.0,neutral,0.0,neutral,0
9786,neutral,neutral,0.0,neutral,0.0,neutral,0
9787,neutral,neutral,0.0,neutral,0.0,neutral,0
9788,neutral,neutral,0.0,neutral,0.0,neutral,0
9789,neutral,neutral,0.0,neutral,0.0,neutral,0
9790,neutral,neutral,0.0,neutral,0.0,neutral,0
9791,neutral,neutral,0.0,neutral,0.0,neutral,0
9792,neutral,neutral,0.0,neutral,0.0,neutral,0
9793,neutral,neutral,0.0,neutral,0.0,neutral,0
9794,neutral,neutral,0.0,neutral,0.0,neutral,0
9795,neutral,neutral,0.0,neutral,0.0,neutral,0
9796,neutral,neutral,0.0,neutral,0.0,neutral,0
9797,neutral,neutral,0.0,neutral,0.0,neutral,0
9798,neutral,neutral,0.0,neutral,0.0,neutral,0
9799,neutral,neutral,0.0,neutral,0.0,neutral,0
9800,neutral,neutral,0.0,neutral,0.0,neutral,0
9801,neutral,neutral,0.0,neutral,0.0,neutral,0
9802,neutral,neutral,0.0,neutral,0.0,neutral,0
9803,neutral,neutral,0.0,neutral,0.0,neutral,0
9804,neutral,neutral,0.0,neutral,0.0,neutral,0
9805,neutral,neutral,0.0,neutral,0.0,neutral,0
9806,neutral,neutral,0.0,neutral,0.0,neutral,0
9807,neutral,neutral,0.0,neutral,0.0,neutral,0
9808,neutral,neutral,0.0,neutral,0.0,neutral,0
9809,neutral,neutral,0.0,neutral,0.0,neutral,0
9810,neutral,neutral,0.0,neutral,0.0,neutral,0
9811,neutral,neutral,0.0,neutral,0.0,neutral,0
9812,neutral,neutral,0.0,neutral,0.0,neutral,0
9813,neutral,neutral,0.0,neutral,0.0,neutral,0
9814,neutral,neutral,0.0,neutral,0.0,neutral,0
9815,neutral,neutral,0.0,neutral,0.0,neutral,0
9816,neutral,neutral,0.0,neutral,0.0,neutral,0
9817,neutral,neutral,0.0,neutral,0.0,neutral,0
9818,neutral,neutral,0.0,neutral,0.0,neutral,0
9819,neutral,neutral,0.0,neutral,0.0,neutral,0
9820,neutral,neutral,0.0,neutral,0.0,neutral,0
9821,neutral,neutral,0.0,neutral,0.0,neutral,0
9822,neutral,neutral,0.0,neutral,0.0,neutral,0
9823,neutral,neutral,0.0,neutral,0.0,neutral,0
9824,neutral,neutral,0.0,neutral,0.0,neutral,0
9825,neutral,neutral,0.0,neutral,0.0,neutral,0
9826,neutral,neutral,0.0,neutral,0.0,neutral,0
9827,neutral,neutral,0.0,neutral,0.0,neutral,0
9828,neutral,neutral,0.0,neutral,0.0,neutral,0
9829,neutral,neutral,0.0,neutral,0.0,neutral,0
9830,neutral,neutral,0.0,neutral,0.0,neutral,0
9831,neutral,neutral,0.0,neutral,0.0,neutral,0
9832,neutral,neutral,0.0,neutral,0.0,neutral,0
9833,neutral,neutral,0.0,neutral,0.0,neutral,0
9834,neutral,neutral,0.0,neutral,0.0,neutral,0
9835,neutral,neutral,0.0,neutral,0.0,neutral,0
9836,neutral,neutral,0.0,neutral,0.0,neutral,0
9837,neutral,neutral,0.0,neutral,0.0,neutral,0
9838,neutral,neutral,0.0,neutral,0.0,neutral,0
9839,neutral,neutral,0.0,neutral,0.0,neutral,0
9840,neutral,neutral,0.0,neutral,0.0,neutral,0
9841,neutral,neutral,0.0,neutral,0.0,neutral,0
9842,neutral,neutral,0.0,neutral,0.0,neutral,0
9843,neutral,neutral,0.0,neutral,0.0,neutral,0
9844,neutral,neutral,0.0,neutral,0.0,neutral,0
9845,neutral,neutral,0.0,neutral,0.0,neutral,0
9846,neutral,neutral,0.0,neutral,0.0,neutral,0
9847,neutral,neutral,0.0,neutral,0.0,neutral,0
9848,neutral,neutral,0.0,neutral,0.0,neutral,0
9849,neutral,neutral,0.0,neutral,0.0,neutral,0
9850,neutral,neutral,0.0,neutral,0.0,neutral,0
9851,neutral,neutral,0.0,neutral,0.0,neutral,0
9852,neutral,neutral,0.0,neutral,0.0,neutral,0
9853,neutral,neutral,0.0,neutral,0.0,neutral,0
9854,neutral,neutral,0.0,neutral,0.0,neutral,0
9855,neutral,neutral,0.0,neutral,0.0,neutral,0
9856,neutral,neutral,0.0,neutral,0.0,neutral,0
9857,neutral,neutral,0.0,neutral,0.0,neutral,0
9858,neutral,neutral,0.0,neutral,0.0,neutral,0
9859,neutral,neutral,0.0,neutral,0.0,neutral,0
9860,neutral,neutral,0.0,neutral,0.0,neutral,0
9861,neutral,neutral,0.0,neutral,0.0,neutral,0
9862,neutral,neutral,0.0,neutral,0.0,neutral,0
9863,neutral,neutral,0.0,neutral,0.0,neutral,0
9864,neutral,neutral,0.0,neutral,0.0,neutral,0
9865,neutral,neutral,0.0,neutral,0.0,neutral,0
9866,neutral,neutral,0.0,neutral,0.0,neutral,0
9867,neutral,neutral,0.0,neutral,0.0,neutral,0
9868,neutral,neutral,0.0,neutral,0.0,neutral,0
9869,neutral,neutral,0.0,neutral,0.0,neutral,0
9870,neutral,neutral,0.0,neutral,0.0,neutral,0
9871,neutral,neutral,0.0,neutral,0.0,neutral,0
9872,neutral,neutral,0.0,neutral,0.0,neutral,0
9873,neutral,neutral,0.0,neutral,0.0,neutral,0
9874,neutral,neutral,0.0,neutral,0.0,neutral,0
9875,neutral,neutral,0.0,neutral,0.0,neutral,0
9876,neutral,neutral,0.0,neutral,0.0,neutral,0
9877,neutral,neutral,0.0,neutral,0.0,neutral,0
9878,neutral,neutral,0.0,neutral,0.0,neutral,0
9879,neutral,neutral,0.0,neutral,0.0,neutral,0
9880,neutral,neutral,0.0,neutral,0.0,neutral,0
9881,neutral,neutral,0.0,neutral,0.0,neutral,0
9882,neutral,neutral,0.0,neutral,0.0,neutral,0
9883,neutral,neutral,0.0,neutral,0.0,neutral,0
9884,neutral,neutral,0.0,neutral,0.0,neutral,0
9885,neutral,neutral,0.0,neutral,0.0,neutral,0
9886,neutral,neutral,0.0,neutral,0.0,neutral,0
9887,neutral,neutral,0.0,neutral,0.0,neutral,0
9888,neutral,neutral,0.0,neutral,0.0,neutral,0
9889,neutral,neutral,0.0,neutral,0.0,neutral,0
9890,neutral,neutral,0.0,neutral,0.0,neutral,0
9891,neutral,neutral,0.0,neutral,0.0,neutral,0
9892,neutral,neutral,0.0,neutral,0.0,neutral,0
9893,neutral,neutral,0.0,neutral,0.0,neutral,0
9894,neutral,neutral,0.0,neutral,0.0,neutral,0
9895,neutral,neutral,0.0,neutral,0.0,neutral,0
9896,neutral,neutral,0.0,neutral,0.0,neutral,0
9897,neutral,neutral,0.0,neutral,0.0,neutral,0
9898,neutral,neutral,0.0,neutral,0.0,neutral,0
9899,neutral,neutral,0.0,neutral,0.0,neutral,0
9900,neutral,neutral,0.0,neutral,0.0,neutral,0
9901,neutral,neutral,0.0,neutral,0.0,neutral,0
9902,neutral,neutral,0.0,neutral,0.0,neutral,0
9903,neutral,neutral,0.0,neutral,0.0,neutral,0
9904,neutral,neutral,0.0,neutral,0.0,neutral,0
9905,neutral,neutral,0.0,neutral,0.0,neutral,0
9906,neutral,neutral,0.0,neutral,0.0,neutral,0
9907,neutral,neutral,0.0,neutral,0.0,neutral,0
9908,neutral,neutral,0.0,neutral,0.0,neutral,0
9909,neutral,neutral,0.0,neutral,0.0,neutral,0
9910,neutral,neutral,0.0,neutral,0.0,neutral,0
9911,neutral,neutral,0.0,neutral,0.0,neutral,0
9912,neutral,neutral,0.0,neutral,0.0,neutral,0
9913,neutral,neutral,0.0,neutral,0.0,neutral,0
9914,neutral,neutral,0.0,neutral,0.0,neutral,0
9915,neutral,neutral,0.0,neutral,0.0,neutral,0
9916,neutral,neutral,0.0,neutral,0.0,neutral,0
9917,neutral,neutral,0.0,neutral,0.0,neutral,0
9918,neutral,neutral,0.0,neutral,0.0,neutral,0
9919,neutral,neutral,0.0,neutral,0.0,neutral,0
9920,neutral,neutral,0.0,neutral,0.0,neutral,0
9921,neutral,neutral,0.0,neutral,0.0,neutral,0
9922,neutral,neutral,0.0,neutral,0.0,neutral,0
9923,neutral,neutral,0.0,neutral,0.0,neutral,0
9924,neutral,neutral,0.0,neutral,0.0,neutral,0
9925,neutral,neutral,0.0,neutral,0.0,neutral,0
9926,neutral,neutral,0.0,neutral,0.0,neutral,0
9927,neutral,neutral,0.0,neutral,0.0,neutral,0
9928,neutral,neutral,0.0,neutral,0.0,neutral,0
9929,neutral,neutral,0.0,neutral,0.0,neutral,0
9930,neutral,neutral,0.0,neutral,0.0,neutral,0
9931,neutral,neutral,0.0,neutral,0.0,neutral,0
9932,neutral,neutral,0.0,neutral,0.0,neutral,0
9933,neutral,neutral,0.0,neutral,0.0,neutral,0
9934,neutral,neutral,0.0,neutral,0.0,neutral,0
9935,neutral,neutral,0.0,neutral,0.0,neutral,0
9936,neutral,neutral,0.0,neutral,0.0,neutral,0
9937,neutral,neutral,0.0,neutral,0.0,neutral,0
9938,neutral,neutral,0.0,neutral,0.0,neutral,0
9939,neutral,neutral,0.0,neutral,0.0,neutral,0
9940,neutral,neutral,0.0,neutral,0.0,neutral,0
9941,neutral,neutral,0.0,neutral,0.0,neutral,0
9942,neutral,neutral,0.0,neutral,0.0,neutral,0
9943,neutral,neutral,0.0,neutral,0.0,neutral,0
9944,neutral,neutral,0.0,neutral,0.0,neutral,0
9945,neutral,neutral,0.0,neutral,0.0,neutral,0
9946,neutral,neutral,0.0,neutral,0.0,neutral,0
9947,neutral,neutral,0.0,neutral,0.0,neutral,0
9948,neutral,neutral,0.0,neutral,0.0,neutral,0
9949,neutral,neutral,0.0,neutral,0.0,neutral,0
9950,neutral,neutral,0.0,neutral,0.0,neutral,0
9951,neutral,neutral,0.0,neutral,0.0,neutral,0
9952,neutral,neutral,0.0,neutral,0.0,neutral,0
9953,neutral,neutral,0.0,neutral,0.0,neutral,0
9954,neutral,neutral,0.0,neutral,0.0,neutral,0
9955,neutral,neutral,0.0,neutral,0.0,neutral,0
9956,neutral,neutral,0.0,neutral,0.0,neutral,0
9957,neutral,neutral,0.0,neutral,0.0,neutral,0
9958,neutral,neutral,0.0,neutral,0.0,neutral,0
9959,neutral,neutral,0.0,neutral,0.0,neutral,0
9960,neutral,neutral,0.0,neutral,0.0,neutral,0
9961,neutral,neutral,0.0,neutral,0.0,neutral,0
9962,neutral,neutral,0.0,neutral,0.0,neutral,0
9963,neutral,neutral,0.0,neutral,0.0,neutral,0
9964,neutral,neutral,0.0,neutral,0.0,neutral,0
9965,neutral,neutral,0.0,neutral,0.0,neutral,0
9966,neutral,neutral,0.0,neutral,0.0,neutral,0
9967,neutral,neutral,0.0,neutral,0.0,neutral,0
9968,neutral,neutral,0.0,neutral,0.0,neutral,0
9969,neutral,neutral,0.0,neutral,0.0,neutral,0
9970,neutral,neutral,0.0,neutral,0.0,neutral,0
9971,neutral,neutral,0.0,neutral,0.0,neutral,0
9972,neutral,neutral,0.0,neutral,0.0,neutral,0
9973,neutral,neutral,0.0,neutral,0.0,neutral,0
9974,neutral,neutral,0.0,neutral,0.0,neutral,0
9975,neutral,neutral,0.0,neutral,0.0,neutral,0
9976,neutral,neutral,0.0,neutral,0.0,neutral,0
9977,neutral,neutral,0.0,neutral,0.0,neutral,0
9978,neutral,neutral,0.0,neutral,0.0,neutral,0
9979,neutral,neutral,0.0,neutral,0.0,neutral,0
9980,neutral,neutral,0.0,neutral,0.0,neutral,0
9981,neutral,neutral,0.0,neutral,0.0,neutral,0
9982,neutral,neutral,0.0,neutral,0.0,neutral,0
9983,neutral,neutral,0.0,neutral,0.0,neutral,0
9984,neutral,neutral,0.0,neutral,0.0,neutral,0
9985,neutral,neutral,0.0,neutral,0.0,neutral,0
9986,neutral,neutral,0.0,neutral,0.0,neutral,0
9987,neutral,neutral,0.0,neutral,0.0,neutral,0
9988,neutral,neutral,0.0,neutral,0.0,neutral,0
9989,neutral,neutral,0.0,neutral,0.0,neutral,0
9990,neutral,neutral,0.0,neutral,0.0,neutral,0
9991,neutral,neutral,0.0,neutral,0.0,neutral,0
9992,neutral,neutral,0.0,neutral,0.0,neutral,0
9993,neutral,neutral,0.0,neutral,0.0,neutral,0
9994,neutral,neutral,0.0,neutral,0.0,neutral,0
9995,neutral,neutral,0.0,neutral,0.0,neutral,0
9996,neutral,neutral,0.0,neutral,0.0,neutral,0
9997,neutral,neutral,0.0,neutral,0.0,neutral,0
9998,neutral,neutral,0.0,neutral,0.0,neutral,0
9999,neutral,neutral,0.0,neutral,0.0,neutral,0
10000,neutral,neutral,0.0,neutral,0.0,neutral,0
10001,neutral,neutral,0.0,neutral,0.0,neutral,0
10002,neutral,neutral,0.0,neutral,0.0,neutral,0
10003,neutral,neutral,0.0,neutral,0.0,neutral,0
10004,neutral,neutral,0.0,neutral,0.0,neutral,0
10005,neutral,neutral,0.0,neutral,0.0,neutral,0
10006,neutral,neutral,0.0,neutral,0.0,neutral,0
10007,neutral,neutral,0.0,neutral,0.0,neutral,0
10008,neutral,neutral,0.0,neutral,0.0,neutral,0
10009,neutral,neutral,0.0,neutral,0.0,neutral,0
10010,neutral,neutral,0.0,neutral,0.0,neutral,0
10011,neutral,neutral,0.0,neutral,0.0,neutral,0
10012,neutral,neutral,0.0,neutral,0.0,neutral,0
10013,neutral,neutral,0.0,neutral,0.0,neutral,0
10014,neutral,neutral,0.0,neutral,0.0,neutral,0
10015,neutral,neutral,0.0,neutral,0.0,neutral,0
10016,neutral,neutral,0.0,neutral,0.0,neutral,0
10017,neutral,neutral,0.0,neutral,0.0,neutral,0
10018,neutral,neutral,0.0,neutral,0.0,neutral,0
10019,neutral,neutral,0.0,neutral,0.0,neutral,0
10020,neutral,neutral,0.0,neutral,0.0,neutral,0
10021,neutral,neutral,0.0,neutral,0.0,neutral,0
10022,neutral,neutral,0.0,neutral,0.0,neutral,0
10023,neutral,neutral,0.0,neutral,0.0,neutral,0
10024,neutral,neutral,0.0,neutral,0.0,neutral,0
10025,neutral,neutral,0.0,neutral,0.0,neutral,0
10026,neutral,neutral,0.0,neutral,0.0,neutral,0
10027,neutral,neutral,0.0,neutral,0.0,neutral,0
10028,neutral,neutral,0.0,neutral,0.0,neutral,0
10029,neutral,neutral,0.0,neutral,0.0,neutral,0
10030,neutral,neutral,0.0,neutral,0.0,neutral,0
10031,neutral,neutral,0.0,neutral,0.0,neutral,0
10032,neutral,neutral,0.0,neutral,0.0,neutral,0
10033,neutral,neutral,0.0,neutral,0.0,neutral,0
10034,neutral,neutral,0.0,neutral,0.0,neutral,0
10035,neutral,neutral,0.0,neutral,0.0,neutral,0
10036,neutral,neutral,0.0,neutral,0.0,neutral,0
10037,neutral,neutral,0.0,neutral,0.0,neutral,0
10038,neutral,neutral,0.0,neutral,0.0,neutral,0
10039,neutral,neutral,0.0,neutral,0.0,neutral,0
10040,neutral,neutral,0.0,neutral,0.0,neutral,0
10041,neutral,neutral,0.0,neutral,0.0,neutral,0
10042,neutral,neutral,0.0,neutral,0.0,neutral,0
10043,neutral,neutral,0.0,neutral,0.0,neutral,0
10044,neutral,neutral,0.0,neutral,0.0,neutral,0
10045,neutral,neutral,0.0,neutral,0.0,neutral,0
10046,neutral,neutral,0.0,neutral,0.0,neutral,0
10047,neutral,neutral,0.0,neutral,0.0,neutral,0
10048,neutral,neutral,0.0,neutral,0.0,neutral,0
10049,neutral,neutral,0.0,neutral,0.0,neutral,0
10050,neutral,neutral,0.0,neutral,0.0,neutral,0
10051,neutral,neutral,0.0,neutral,0.0,neutral,0
10052,neutral,neutral,0.0,neutral,0.0,neutral,0
10053,neutral,neutral,0.0,neutral,0.0,neutral,0
10054,neutral,neutral,0.0,neutral,0.0,neutral,0
10055,neutral,neutral,0.0,neutral,0.0,neutral,0
10056,neutral,neutral,0.0,neutral,0.0,neutral,0
10057,neutral,neutral,0.0,neutral,0.0,neutral,0
10058,neutral,neutral,0.0,neutral,0.0,neutral,0
10059,neutral,neutral,0.0,neutral,0.0,neutral,0
10060,neutral,neutral,0.0,neutral,0.0,neutral,0
10061,neutral,neutral,0.0,neutral,0.0,neutral,0
10062,neutral,neutral,0.0,neutral,0.0,neutral,0
10063,neutral,neutral,0.0,neutral,0.0,neutral,0
10064,neutral,neutral,0.0,neutral,0.0,neutral,0
10065,neutral,neutral,0.0,neutral,0.0,neutral,0
10066,neutral,neutral,0.0,neutral,0.0,neutral,0
10067,neutral,neutral,0.0,neutral,0.0,neutral,0
10068,neutral,neutral,0.0,neutral,0.0,neutral,0
10069,neutral,neutral,0.0,neutral,0.0,neutral,0
10070,neutral,neutral,0.0,neutral,0.0,neutral,0
10071,neutral,neutral,0.0,neutral,0.0,neutral,0
10072,neutral,neutral,0.0,neutral,0.0,neutral,0
10073,neutral,neutral,0.0,neutral,0.0,neutral,0
10074,neutral,neutral,0.0,neutral,0.0,neutral,0
10075,neutral,neutral,0.0,neutral,0.0,neutral,0
10076,neutral,neutral,0.0,neutral,0.0,neutral,0
10077,neutral,neutral,0.0,neutral,0.0,neutral,0
10078,neutral,neutral,0.0,neutral,0.0,neutral,0
10079,neutral,neutral,0.0,neutral,0.0,neutral,0
10080,neutral,neutral,0.0,neutral,0.0,neutral,0
10081,neutral,neutral,0.0,neutral,0.0,neutral,0
10082,neutral,neutral,0.0,neutral,0.0,neutral,0
10083,neutral,neutral,0.0,neutral,0.0,neutral,0
10084,neutral,neutral,0.0,neutral,0.0,neutral,0
10085,neutral,neutral,0.0,neutral,0.0,neutral,0
10086,neutral,neutral,0.0,neutral,0.0,neutral,0
10087,neutral,neutral,0.0,neutral,0.0,neutral,0
10088,neutral,neutral,0.0,neutral,0.0,neutral,0
10089,neutral,neutral,0.0,neutral,0.0,neutral,0
10090,neutral,neutral,0.0,neutral,0.0,neutral,0
10091,neutral,neutral,0.0,neutral,0.0,neutral,0
10092,neutral,neutral,0.0,neutral,0.0,neutral,0
10093,neutral,neutral,0.0,neutral,0.0,neutral,0
10094,neutral,neutral,0.0,neutral,0.0,neutral,0
10095,neutral,neutral,0.0,neutral,0.0,neutral,0
10096,neutral,neutral,0.0,neutral,0.0,neutral,0
10097,neutral,neutral,0.0,neutral,0.0,neutral,0
10098,neutral,neutral,0.0,neutral,0.0,neutral,0
10099,neutral,neutral,0.0,neutral,0.0,neutral,0
10100,neutral,neutral,0.0,neutral,0.0,neutral,0
10101,neutral,neutral,0.0,neutral,0.0,neutral,0
10102,neutral,neutral,0.0,neutral,0.0,neutral,0
10103,neutral,neutral,0.0,neutral,0.0,neutral,0
10104,neutral,neutral,0.0,neutral,0.0,neutral,0
10105,neutral,neutral,0.0,neutral,0.0,neutral,0
10106,neutral,neutral,0.0,neutral,0.0,neutral,0
10107,neutral,neutral,0.0,neutral,0.0,neutral,0
10108,neutral,neutral,0.0,neutral,0.0,neutral,0
10109,neutral,neutral,0.0,neutral,0.0,neutral,0
10110,neutral,neutral,0.0,neutral,0.0,neutral,0
10111,neutral,neutral,0.0,neutral,0.0,neutral,0
10112,neutral,neutral,0.0,neutral,0.0,neutral,0
10113,neutral,neutral,0.0,neutral,0.0,neutral,0
10114,neutral,neutral,0.0,neutral,0.0,neutral,0
10115,neutral,neutral,0.0,neutral,0.0,neutral,0
10116,neutral,neutral,0.0,neutral,0.0,neutral,0
10117,neutral,neutral,0.0,neutral,0.0,neutral,0
10118,neutral,neutral,0.0,neutral,0.0,neutral,0
10119,neutral,neutral,0.0,neutral,0.0,neutral,0
10120,neutral,neutral,0.0,neutral,0.0,neutral,0
10121,neutral,neutral,0.0,neutral,0.0,neutral,0
10122,neutral,neutral,0.0,neutral,0.0,neutral,0
10123,neutral,neutral,0.0,neutral,0.0,neutral,0
10124,neutral,neutral,0.0,neutral,0.0,neutral,0
10125,neutral,neutral,0.0,neutral,0.0,neutral,0
10126,neutral,neutral,0.0,neutral,0.0,neutral,0
10127,neutral,neutral,0.0,neutral,0.0,neutral,0
10128,neutral,neutral,0.0,neutral,0.0,neutral,0
10129,neutral,neutral,0.0,neutral,0.0,neutral,0
10130,neutral,neutral,0.0,neutral,0.0,neutral,0
10131,neutral,neutral,0.0,neutral,0.0,neutral,0
10132,neutral,neutral,0.0,neutral,0.0,neutral,0
10133,neutral,neutral,0.0,neutral,0.0,neutral,0
10134,neutral,neutral,0.0,neutral,0.0,neutral,0
10135,neutral,neutral,0.0,neutral,0.0,neutral,0
10136,neutral,neutral,0.0,neutral,0.0,neutral,0
10137,neutral,neutral,0.0,neutral,0.0,neutral,0
10138,neutral,neutral,0.0,neutral,0.0,neutral,0
10139,neutral,neutral,0.0,neutral,0.0,neutral,0
10140,neutral,neutral,0.0,neutral,0.0,neutral,0
10141,neutral,neutral,0.0,neutral,0.0,neutral,0
10142,neutral,neutral,0.0,neutral,0.0,neutral,0
10143,neutral,neutral,0.0,neutral,0.0,neutral,0
10144,neutral,neutral,0.0,neutral,0.0,neutral,0
10145,neutral,neutral,0.0,neutral,0.0,neutral,0
10146,neutral,neutral,0.0,neutral,0.0,neutral,0
10147,neutral,neutral,0.0,neutral,0.0,neutral,0
10148,neutral,neutral,0.0,neutral,0.0,neutral,0
10149,neutral,neutral,0.0,neutral,0.0,neutral,0
10150,neutral,neutral,0.0,neutral,0.0,neutral,0
10151,neutral,neutral,0.0,neutral,0.0,neutral,0
10152,neutral,neutral,0.0,neutral,0.0,neutral,0
10153,neutral,neutral,0.0,neutral,0.0,neutral,0
10154,neutral,neutral,0.0,neutral,0.0,neutral,0
10155,neutral,neutral,0.0,neutral,0.0,neutral,0
10156,neutral,neutral,0.0,neutral,0.0,neutral,0
10157,neutral,neutral,0.0,neutral,0.0,neutral,0
10158,neutral,neutral,0.0,neutral,0.0,neutral,0
10159,neutral,neutral,0.0,neutral,0.0,neutral,0
10160,neutral,neutral,0.0,neutral,0.0,neutral,0
10161,neutral,neutral,0.0,neutral,0.0,neutral,0
10162,neutral,neutral,0.0,neutral,0.0,neutral,0
10163,neutral,neutral,0.0,neutral,0.0,neutral,0
10164,neutral,neutral,0.0,neutral,0.0,neutral,0
10165,neutral,neutral,0.0,neutral,0.0,neutral,0
10166,neutral,neutral,0.0,neutral,0.0,neutral,0
10167,neutral,neutral,0.0,neutral,0.0,neutral,0
10168,neutral,neutral,0.0,neutral,0.0,neutral,0
10169,neutral,neutral,0.0,neutral,0.0,neutral,0
10170,neutral,neutral,0.0,neutral,0.0,neutral,0
10171,neutral,neutral,0.0,neutral,0.0,neutral,0
10172,neutral,neutral,0.0,neutral,0.0,neutral,0
10173,neutral,neutral,0.0,neutral,0.0,neutral,0
10174,neutral,neutral,0.0,neutral,0.0,neutral,0
10175,neutral,neutral,0.0,neutral,0.0,neutral,0
10176,neutral,neutral,0.0,neutral,0.0,neutral,0
10177,neutral,neutral,0.0,neutral,0.0,neutral,0
10178,neutral,neutral,0.0,neutral,0.0,neutral,0
10179,neutral,neutral,0.0,neutral,0.0,neutral,0
10180,neutral,neutral,0.0,neutral,0.0,neutral,0
10181,neutral,neutral,0.0,neutral,0.0,neutral,0
10182,neutral,neutral,0.0,neutral,0.0,neutral,0
10183,neutral,neutral,0.0,neutral,0.0,neutral,0
10184,neutral,neutral,0.0,neutral,0.0,neutral,0
10185,neutral,neutral,0.0,neutral,0.0,neutral,0
10186,neutral,neutral,0.0,neutral,0.0,neutral,0
10187,neutral,neutral,0.0,neutral,0.0,neutral,0
10188,neutral,neutral,0.0,neutral,0.0,neutral,0
10189,neutral,neutral,0.0,neutral,0.0,neutral,0
10190,neutral,neutral,0.0,neutral,0.0,neutral,0
10191,neutral,neutral,0.0,neutral,0.0,neutral,0
10192,neutral,neutral,0.0,neutral,0.0,neutral,0
10193,neutral,neutral,0.0,neutral,0.0,neutral,0
10194,neutral,neutral,0.0,neutral,0.0,neutral,0
10195,neutral,neutral,0.0,neutral,0.0,neutral,0
10196,neutral,neutral,0.0,neutral,0.0,neutral,0
10197,neutral,neutral,0.0,neutral,0.0,neutral,0
10198,neutral,neutral,0.0,neutral,0.0,neutral,0
10199,neutral,neutral,0.0,neutral,0.0,neutral,0
10200,neutral,neutral,0.0,neutral,0.0,neutral,0
10201,neutral,neutral,0.0,neutral,0.0,neutral,0
10202,neutral,neutral,0.0,neutral,0.0,neutral,0
10203,neutral,neutral,0.0,neutral,0.0,neutral,0
10204,neutral,neutral,0.0,neutral,0.0,neutral,0
10205,neutral,neutral,0.0,neutral,0.0,neutral,0
10206,neutral,neutral,0.0,neutral,0.0,neutral,0
10207,neutral,neutral,0.0,neutral,0.0,neutral,0
10208,neutral,neutral,0.0,neutral,0.0,neutral,0
10209,neutral,neutral,0.0,neutral,0.0,neutral,0
10210,neutral,neutral,0.0,neutral,0.0,neutral,0
10211,neutral,neutral,0.0,neutral,0.0,neutral,0
10212,neutral,neutral,0.0,neutral,0.0,neutral,0
10213,neutral,neutral,0.0,neutral,0.0,neutral,0
10214,neutral,neutral,0.0,neutral,0.0,neutral,0
10215,neutral,neutral,0.0,neutral,0.0,neutral,0
10216,neutral,neutral,0.0,neutral,0.0,neutral,0
10217,neutral,neutral,0.0,neutral,0.0,neutral,0
10218,neutral,neutral,0.0,neutral,0.0,neutral,0
10219,neutral,neutral,0.0,neutral,0.0,neutral,0
10220,neutral,neutral,0.0,neutral,0.0,neutral,0
10221,neutral,neutral,0.0,neutral,0.0,neutral,0
10222,neutral,neutral,0.0,neutral,0.0,neutral,0
10223,neutral,neutral,0.0,neutral,0.0,neutral,0
10224,neutral,neutral,0.0,neutral,0.0,neutral,0
10225,neutral,neutral,0.0,neutral,0.0,neutral,0
10226,neutral,neutral,0.0,neutral,0.0,neutral,0
10227,neutral,neutral,0.0,neutral,0.0,neutral,0
10228,neutral,neutral,0.0,neutral,0.0,neutral,0
10229,neutral,neutral,0.0,neutral,0.0,neutral,0
10230,neutral,neutral,0.0,neutral,0.0,neutral,0
10231,neutral,neutral,0.0,neutral,0.0,neutral,0
10232,neutral,neutral,0.0,neutral,0.0,neutral,0
10233,neutral,neutral,0.0,neutral,0.0,neutral,0
10234,neutral,neutral,0.0,neutral,0.0,neutral,0
10235,neutral,neutral,0.0,neutral,0.0,neutral,0
10236,neutral,neutral,0.0,neutral,0.0,neutral,0
10237,neutral,neutral,0.0,neutral,0.0,neutral,0
10238,neutral,neutral,0.0,neutral,0.0,neutral,0
10239,neutral,neutral,0.0,neutral,0.0,neutral,0
10240,neutral,neutral,0.0,neutral,0.0,neutral,0
10241,neutral,neutral,0.0,neutral,0.0,neutral,0
10242,neutral,neutral,0.0,neutral,0.0,neutral,0
10243,neutral,neutral,0.0,neutral,0.0,neutral,0
10244,neutral,neutral,0.0,neutral,0.0,neutral,0
10245,neutral,neutral,0.0,neutral,0.0,neutral,0
10246,neutral,neutral,0.0,neutral,0.0,neutral,0
10247,neutral,neutral,0.0,neutral,0.0,neutral,0
10248,neutral,neutral,0.0,neutral,0.0,neutral,0
10249,neutral,neutral,0.0,neutral,0.0,neutral,0
10250,neutral,neutral,0.0,neutral,0.0,neutral,0
10251,neutral,neutral,0.0,neutral,0.0,neutral,0
10252,neutral,neutral,0.0,neutral,0.0,neutral,0
10253,neutral,neutral,0.0,neutral,0.0,neutral,0
10254,neutral,neutral,0.0,neutral,0.0,neutral,0
10255,neutral,neutral,0.0,neutral,0.0,neutral,0
10256,neutral,neutral,0.0,neutral,0.0,neutral,0
10257,neutral,neutral,0.0,neutral,0.0,neutral,0
10258,neutral,neutral,0.0,neutral,0.0,neutral,0
10259,neutral,neutral,0.0,neutral,0.0,neutral,0
10260,neutral,neutral,0.0,neutral,0.0,neutral,0
10261,neutral,neutral,0.0,neutral,0.0,neutral,0
10262,neutral,neutral,0.0,neutral,0.0,neutral,0
10263,neutral,neutral,0.0,neutral,0.0,neutral,0
10264,neutral,neutral,0.0,neutral,0.0,neutral,0
10265,neutral,neutral,0.0,neutral,0.0,neutral,0
10266,neutral,neutral,0.0,neutral,0.0,neutral,0
10267,neutral,neutral,0.0,neutral,0.0,neutral,0
10268,neutral,neutral,0.0,neutral,0.0,neutral,0
10269,neutral,neutral,0.0,neutral,0.0,neutral,0
10270,neutral,neutral,0.0,neutral,0.0,neutral,0
10271,neutral,neutral,0.0,neutral,0.0,neutral,0
10272,neutral,neutral,0.0,neutral,0.0,neutral,0
10273,neutral,neutral,0.0,neutral,0.0,neutral,0
10274,neutral,neutral,0.0,neutral,0.0,neutral,0
10275,neutral,neutral,0.0,neutral,0.0,neutral,0
10276,neutral,neutral,0.0,neutral,0.0,neutral,0
10277,neutral,neutral,0.0,neutral,0.0,neutral,0
10278,neutral,neutral,0.0,neutral,0.0,neutral,0
10279,neutral,neutral,0.0,neutral,0.0,neutral,0
10280,neutral,neutral,0.0,neutral,0.0,neutral,0
10281,neutral,neutral,0.0,neutral,0.0,neutral,0
10282,neutral,neutral,0.0,neutral,0.0,neutral,0
10283,neutral,neutral,0.0,neutral,0.0,neutral,0
10284,neutral,neutral,0.0,neutral,0.0,neutral,0
10285,neutral,neutral,0.0,neutral,0.0,neutral,0
10286,neutral,neutral,0.0,neutral,0.0,neutral,0
10287,neutral,neutral,0.0,neutral,0.0,neutral,0
10288,neutral,neutral,0.0,neutral,0.0,neutral,0
10289,neutral,neutral,0.0,neutral,0.0,neutral,0
10290,neutral,neutral,0.0,neutral,0.0,neutral,0
10291,neutral,neutral,0.0,neutral,0.0,neutral,0
10292,neutral,neutral,0.0,neutral,0.0,neutral,0
10293,neutral,neutral,0.0,neutral,0.0,neutral,0
10294,neutral,neutral,0.0,neutral,0.0,neutral,0
10295,neutral,neutral,0.0,neutral,0.0,neutral,0
10296,neutral,neutral,0.0,neutral,0.0,neutral,0
10297,neutral,neutral,0.0,neutral,0.0,neutral,0
10298,neutral,neutral,0.0,neutral,0.0,neutral,0
10299,neutral,neutral,0.0,neutral,0.0,neutral,0
10300,neutral,neutral,0.0,neutral,0.0,neutral,0
10301,neutral,neutral,0.0,neutral,0.0,neutral,0
10302,neutral,neutral,0.0,neutral,0.0,neutral,0
10303,neutral,neutral,0.0,neutral,0.0,neutral,0
10304,neutral,neutral,0.0,neutral,0.0,neutral,0
10305,neutral,neutral,0.0,neutral,0.0,neutral,0
10306,neutral,neutral,0.0,neutral,0.0,neutral,0
10307,neutral,neutral,0.0,neutral,0.0,neutral,0
10308,neutral,neutral,0.0,neutral,0.0,neutral,0
10309,neutral,neutral,0.0,neutral,0.0,neutral,0
10310,neutral,neutral,0.0,neutral,0.0,neutral,0
10311,neutral,neutral,0.0,neutral,0.0,neutral,0
10312,neutral,neutral,0.0,neutral,0.0,neutral,0
10313,neutral,neutral,0.0,neutral,0.0,neutral,0
10314,neutral,neutral,0.0,neutral,0.0,neutral,0
10315,neutral,neutral,0.0,neutral,0.0,neutral,0
10316,neutral,neutral,0.0,neutral,0.0,neutral,0
10317,neutral,neutral,0.0,neutral,0.0,neutral,0
10318,neutral,neutral,0.0,neutral,0.0,neutral,0
10319,neutral,neutral,0.0,neutral,0.0,neutral,0
10320,neutral,neutral,0.0,neutral,0.0,neutral,0
10321,neutral,neutral,0.0,neutral,0.0,neutral,0
10322,neutral,neutral,0.0,neutral,0.0,neutral,0
10323,neutral,neutral,0.0,neutral,0.0,neutral,0
10324,neutral,neutral,0.0,neutral,0.0,neutral,0
10325,neutral,neutral,0.0,neutral,0.0,neutral,0
10326,neutral,neutral,0.0,neutral,0.0,neutral,0
10327,neutral,neutral,0.0,neutral,0.0,neutral,0
10328,neutral,neutral,0.0,neutral,0.0,neutral,0
10329,neutral,neutral,0.0,neutral,0.0,neutral,0
10330,neutral,neutral,0.0,neutral,0.0,neutral,0
10331,neutral,neutral,0.0,neutral,0.0,neutral,0
10332,neutral,neutral,0.0,neutral,0.0,neutral,0
10333,neutral,neutral,0.0,neutral,0.0,neutral,0
10334,neutral,neutral,0.0,neutral,0.0,neutral,0
10335,neutral,neutral,0.0,neutral,0.0,neutral,0
10336,neutral,neutral,0.0,neutral,0.0,neutral,0
10337,neutral,neutral,0.0,neutral,0.0,neutral,0
10338,neutral,neutral,0.0,neutral,0.0,neutral,0
10339,neutral,neutral,0.0,neutral,0.0,neutral,0
10340,neutral,neutral,0.0,neutral,0.0,neutral,0
10341,neutral,neutral,0.0,neutral,0.0,neutral,0
10342,neutral,neutral,0.0,neutral,0.0,neutral,0
10343,neutral,neutral,0.0,neutral,0.0,neutral,0
10344,neutral,neutral,0.0,neutral,0.0,neutral,0
10345,neutral,neutral,0.0,neutral,0.0,neutral,0
10346,neutral,neutral,0.0,neutral,0.0,neutral,0
10347,neutral,neutral,0.0,neutral,0.0,neutral,0
10348,neutral,neutral,0.0,neutral,0.0,neutral,0
10349,neutral,neutral,0.0,neutral,0.0,neutral,0
10350,neutral,neutral,0.0,neutral,0.0,neutral,0
10351,neutral,neutral,0.0,neutral,0.0,neutral,0
10352,neutral,neutral,0.0,neutral,0.0,neutral,0
10353,neutral,neutral,0.0,neutral,0.0,neutral,0
10354,neutral,neutral,0.0,neutral,0.0,neutral,0
10355,neutral,neutral,0.0,neutral,0.0,neutral,0
10356,neutral,neutral,0.0,neutral,0.0,neutral,0
10357,neutral,neutral,0.0,neutral,0.0,neutral,0
10358,neutral,neutral,0.0,neutral,0.0,neutral,0
10359,neutral,neutral,0.0,neutral,0.0,neutral,0
10360,neutral,neutral,0.0,neutral,0.0,neutral,0
10361,neutral,neutral,0.0,neutral,0.0,neutral,0
10362,neutral,neutral,0.0,neutral,0.0,neutral,0
10363,neutral,neutral,0.0,neutral,0.0,neutral,0
10364,neutral,neutral,0.0,neutral,0.0,neutral,0
10365,neutral,neutral,0.0,neutral,0.0,neutral,0
10366,neutral,neutral,0.0,neutral,0.0,neutral,0
10367,neutral,neutral,0.0,neutral,0.0,neutral,0
10368,neutral,neutral,0.0,neutral,0.0,neutral,0
10369,neutral,neutral,0.0,neutral,0.0,neutral,0
10370,neutral,neutral,0.0,neutral,0.0,neutral,0
10371,neutral,neutral,0.0,neutral,0.0,neutral,0
10372,neutral,neutral,0.0,neutral,0.0,neutral,0
10373,neutral,neutral,0.0,neutral,0.0,neutral,0
10374,neutral,neutral,0.0,neutral,0.0,neutral,0
10375,neutral,neutral,0.0,neutral,0.0,neutral,0
10376,neutral,neutral,0.0,neutral,0.0,neutral,0
10377,neutral,neutral,0.0,neutral,0.0,neutral,0
10378,neutral,neutral,0.0,neutral,0.0,neutral,0
10379,neutral,neutral,0.0,neutral,0.0,neutral,0
10380,neutral,neutral,0.0,neutral,0.0,neutral,0
10381,neutral,neutral,0.0,neutral,0.0,neutral,0
10382,neutral,neutral,0.0,neutral,0.0,neutral,0
10383,neutral,neutral,0.0,neutral,0.0,neutral,0
10384,neutral,neutral,0.0,neutral,0.0,neutral,0
10385,neutral,neutral,0.0,neutral,0.0,neutral,0
10386,neutral,neutral,0.0,neutral,0.0,neutral,0
10387,neutral,neutral,0.0,neutral,0.0,neutral,0
10388,neutral,neutral,0.0,neutral,0.0,neutral,0
10389,neutral,neutral,0.0,neutral,0.0,neutral,0
10390,neutral,neutral,0.0,neutral,0.0,neutral,0
10391,neutral,neutral,0.0,neutral,0.0,neutral,0
10392,neutral,neutral,0.0,neutral,0.0,neutral,0
10393,neutral,neutral,0.0,neutral,0.0,neutral,0
10394,neutral,neutral,0.0,neutral,0.0,neutral,0
10395,neutral,neutral,0.0,neutral,0.0,neutral,0
10396,neutral,neutral,0.0,neutral,0.0,neutral,0
10397,neutral,neutral,0.0,neutral,0.0,neutral,0
10398,neutral,neutral,0.0,neutral,0.0,neutral,0
10399,neutral,neutral,0.0,neutral,0.0,neutral,0
10400,neutral,neutral,0.0,neutral,0.0,neutral,0
10401,neutral,neutral,0.0,neutral,0.0,neutral,0
10402,neutral,neutral,0.0,neutral,0.0,neutral,0
10403,neutral,neutral,0.0,neutral,0.0,neutral,0
10404,neutral,neutral,0.0,neutral,0.0,neutral,0
10405,neutral,neutral,0.0,neutral,0.0,neutral,0
10406,neutral,neutral,0.0,neutral,0.0,neutral,0
10407,neutral,neutral,0.0,neutral,0.0,neutral,0
10408,neutral,neutral,0.0,neutral,0.0,neutral,0
10409,neutral,neutral,0.0,neutral,0.0,neutral,0
10410,neutral,neutral,0.0,neutral,0.0,neutral,0
10411,neutral,neutral,0.0,neutral,0.0,neutral,0
10412,neutral,neutral,0.0,neutral,0.0,neutral,0
10413,neutral,neutral,0.0,neutral,0.0,neutral,0
10414,neutral,neutral,0.0,neutral,0.0,neutral,0
10415,neutral,neutral,0.0,neutral,0.0,neutral,0
10416,neutral,neutral,0.0,neutral,0.0,neutral,0
10417,neutral,neutral,0.0,neutral,0.0,neutral,0
10418,neutral,neutral,0.0,neutral,0.0,neutral,0
10419,neutral,neutral,0.0,neutral,0.0,neutral,0
10420,neutral,neutral,0.0,neutral,0.0,neutral,0
10421,neutral,neutral,0.0,neutral,0.0,neutral,0
10422,neutral,neutral,0.0,neutral,0.0,neutral,0
10423,neutral,neutral,0.0,neutral,0.0,neutral,0
10424,neutral,neutral,0.0,neutral,0.0,neutral,0
10425,neutral,neutral,0.0,neutral,0.0,neutral,0
10426,neutral,neutral,0.0,neutral,0.0,neutral,0
10427,neutral,neutral,0.0,neutral,0.0,neutral,0
10428,neutral,neutral,0.0,neutral,0.0,neutral,0
10429,neutral,neutral,0.0,neutral,0.0,neutral,0
10430,neutral,neutral,0.0,neutral,0.0,neutral,0
10431,neutral,neutral,0.0,neutral,0.0,neutral,0
10432,neutral,neutral,0.0,neutral,0.0,neutral,0
10433,neutral,neutral,0.0,neutral,0.0,neutral,0
10434,neutral,neutral,0.0,neutral,0.0,neutral,0
10435,neutral,neutral,0.0,neutral,0.0,neutral,0
10436,neutral,neutral,0.0,neutral,0.0,neutral,0
10437,neutral,neutral,0.0,neutral,0.0,neutral,0
10438,neutral,neutral,0.0,neutral,0.0,neutral,0
10439,neutral,neutral,0.0,neutral,0.0,neutral,0
10440,neutral,neutral,0.0,neutral,0.0,neutral,0
10441,neutral,neutral,0.0,neutral,0.0,neutral,0
10442,neutral,neutral,0.0,neutral,0.0,neutral,0
10443,neutral,neutral,0.0,neutral,0.0,neutral,0
10444,neutral,neutral,0.0,neutral,0.0,neutral,0
10445,neutral,neutral,0.0,neutral,0.0,neutral,0
10446,neutral,neutral,0.0,neutral,0.0,neutral,0
10447,neutral,neutral,0.0,neutral,0.0,neutral,0
10448,neutral,neutral,0.0,neutral,0.0,neutral,0
10449,neutral,neutral,0.0,neutral,0.0,neutral,0
10450,neutral,neutral,0.0,neutral,0.0,neutral,0
10451,neutral,neutral,0.0,neutral,0.0,neutral,0
10452,neutral,neutral,0.0,neutral,0.0,neutral,0
10453,neutral,neutral,0.0,neutral,0.0,neutral,0
10454,neutral,neutral,0.0,neutral,0.0,neutral,0
10455,neutral,neutral,0.0,neutral,0.0,neutral,0
10456,neutral,neutral,0.0,neutral,0.0,neutral,0
10457,neutral,neutral,0.0,neutral,0.0,neutral,0
10458,neutral,neutral,0.0,neutral,0.0,neutral,0
10459,neutral,neutral,0.0,neutral,0.0,neutral,0
10460,neutral,neutral,0.0,neutral,0.0,neutral,0
10461,neutral,neutral,0.0,neutral,0.0,neutral,0
10462,neutral,neutral,0.0,neutral,0.0,neutral,0
10463,neutral,neutral,0.0,neutral,0.0,neutral,0
10464,neutral,neutral,0.0,neutral,0.0,neutral,0
10465,neutral,neutral,0.0,neutral,0.0,neutral,0
10466,neutral,neutral,0.0,neutral,0.0,neutral,0
10467,neutral,neutral,0.0,neutral,0.0,neutral,0
10468,neutral,neutral,0.0,neutral,0.0,neutral,0
10469,neutral,neutral,0.0,neutral,0.0,neutral,0
10470,neutral,neutral,0.0,neutral,0.0,neutral,0
10471,neutral,neutral,0.0,neutral,0.0,neutral,0
10472,neutral,neutral,0.0,neutral,0.0,neutral,0
10473,neutral,neutral,0.0,neutral,0.0,neutral,0
10474,neutral,neutral,0.0,neutral,0.0,neutral,0
10475,neutral,neutral,0.0,neutral,0.0,neutral,0
10476,neutral,neutral,0.0,neutral,0.0,neutral,0
10477,neutral,neutral,0.0,neutral,0.0,neutral,0
10478,neutral,neutral,0.0,neutral,0.0,neutral,0
10479,neutral,neutral,0.0,neutral,0.0,neutral,0
10480,neutral,neutral,0.0,neutral,0.0,neutral,0
10481,neutral,neutral,0.0,neutral,0.0,neutral,0
10482,neutral,neutral,0.0,neutral,0.0,neutral,0
10483,neutral,neutral,0.0,neutral,0.0,neutral,0
10484,neutral,neutral,0.0,neutral,0.0,neutral,0
10485,neutral,neutral,0.0,neutral,0.0,neutral,0
10486,neutral,neutral,0.0,neutral,0.0,neutral,0
10487,neutral,neutral,0.0,neutral,0.0,neutral,0
10488,neutral,neutral,0.0,neutral,0.0,neutral,0
10489,neutral,neutral,0.0,neutral,0.0,neutral,0
10490,neutral,neutral,0.0,neutral,0.0,neutral,0
10491,neutral,neutral,0.0,neutral,0.0,neutral,0
10492,neutral,neutral,0.0,neutral,0.0,neutral,0
10493,neutral,neutral,0.0,neutral,0.0,neutral,0
10494,neutral,neutral,0.0,neutral,0.0,neutral,0
10495,neutral,neutral,0.0,neutral,0.0,neutral,0
10496,neutral,neutral,0.0,neutral,0.0,neutral,0
10497,neutral,neutral,0.0,neutral,0.0,neutral,0
10498,neutral,neutral,0.0,neutral,0.0,neutral,0
10499,neutral,neutral,0.0,neutral,0.0,neutral,0
10500,neutral,neutral,0.0,neutral,0.0,neutral,0
10501,neutral,neutral,0.0,neutral,0.0,neutral,0
10502,neutral,neutral,0.0,neutral,0.0,neutral,0
10503,neutral,neutral,0.0,neutral,0.0,neutral,0
10504,neutral,neutral,0.0,neutral,0.0,neutral,0
10505,neutral,neutral,0.0,neutral,0.0,neutral,0
10506,neutral,neutral,0.0,neutral,0.0,neutral,0
10507,neutral,neutral,0.0,neutral,0.0,neutral,0
10508,neutral,neutral,0.0,neutral,0.0,neutral,0
10509,neutral,neutral,0.0,neutral,0.0,neutral,0
10510,neutral,neutral,0.0,neutral,0.0,neutral,0
10511,neutral,neutral,0.0,neutral,0.0,neutral,0
10512,neutral,neutral,0.0,neutral,0.0,neutral,0
10513,neutral,neutral,0.0,neutral,0.0,neutral,0
10514,neutral,neutral,0.0,neutral,0.0,neutral,0
10515,neutral,neutral,0.0,neutral,0.0,neutral,0
10516,neutral,neutral,0.0,neutral,0.0,neutral,0
10517,neutral,neutral,0.0,neutral,0.0,neutral,0
10518,neutral,neutral,0.0,neutral,0.0,neutral,0
10519,neutral,neutral,0.0,neutral,0.0,neutral,0
10520,neutral,neutral,0.0,neutral,0.0,neutral,0
10521,neutral,neutral,0.0,neutral,0.0,neutral,0
10522,neutral,neutral,0.0,neutral,0.0,neutral,0
10523,neutral,neutral,0.0,neutral,0.0,neutral,0
10524,neutral,neutral,0.0,neutral,0.0,neutral,0
10525,neutral,neutral,0.0,neutral,0.0,neutral,0
10526,neutral,neutral,0.0,neutral,0.0,neutral,0
10527,neutral,neutral,0.0,neutral,0.0,neutral,0
10528,neutral,neutral,0.0,neutral,0.0,neutral,0
10529,neutral,neutral,0.0,neutral,0.0,neutral,0
10530,neutral,neutral,0.0,neutral,0.0,neutral,0
10531,neutral,neutral,0.0,neutral,0.0,neutral,0
10532,neutral,neutral,0.0,neutral,0.0,neutral,0
10533,neutral,neutral,0.0,neutral,0.0,neutral,0
10534,neutral,neutral,0.0,neutral,0.0,neutral,0
10535,neutral,neutral,0.0,neutral,0.0,neutral,0
10536,neutral,neutral,0.0,neutral,0.0,neutral,0
10537,neutral,neutral,0.0,neutral,0.0,neutral,0
10538,neutral,neutral,0.0,neutral,0.0,neutral,0
10539,neutral,neutral,0.0,neutral,0.0,neutral,0
10540,neutral,neutral,0.0,neutral,0.0,neutral,0
10541,neutral,neutral,0.0,neutral,0.0,neutral,0
10542,neutral,neutral,0.0,neutral,0.0,neutral,0
10543,neutral,neutral,0.0,neutral,0.0,neutral,0
10544,neutral,neutral,0.0,neutral,0.0,neutral,0
10545,neutral,neutral,0.0,neutral,0.0,neutral,0
10546,neutral,neutral,0.0,neutral,0.0,neutral,0
10547,neutral,neutral,0.0,neutral,0.0,neutral,0
10548,neutral,neutral,0.0,neutral,0.0,neutral,0
10549,neutral,neutral,0.0,neutral,0.0,neutral,0
10550,neutral,neutral,0.0,neutral,0.0,neutral,0
10551,neutral,neutral,0.0,neutral,0.0,neutral,0
10552,neutral,neutral,0.0,neutral,0.0,neutral,0
10553,neutral,neutral,0.0,neutral,0.0,neutral,0
10554,neutral,neutral,0.0,neutral,0.0,neutral,0
10555,neutral,neutral,0.0,neutral,0.0,neutral,0
10556,neutral,neutral,0.0,neutral,0.0,neutral,0
10557,neutral,neutral,0.0,neutral,0.0,neutral,0
10558,neutral,neutral,0.0,neutral,0.0,neutral,0
10559,neutral,neutral,0.0,neutral,0.0,neutral,0
10560,neutral,neutral,0.0,neutral,0.0,neutral,0
10561,neutral,neutral,0.0,neutral,0.0,neutral,0
10562,neutral,neutral,0.0,neutral,0.0,neutral,0
10563,neutral,neutral,0.0,neutral,0.0,neutral,0
10564,neutral,neutral,0.0,neutral,0.0,neutral,0
10565,neutral,neutral,0.0,neutral,0.0,neutral,0
10566,neutral,neutral,0.0,neutral,0.0,neutral,0
10567,neutral,neutral,0.0,neutral,0.0,neutral,0
10568,neutral,neutral,0.0,neutral,0.0,neutral,0
10569,neutral,neutral,0.0,neutral,0.0,neutral,0
10570,neutral,neutral,0.0,neutral,0.0,neutral,0
10571,neutral,neutral,0.0,neutral,0.0,neutral,0
10572,neutral,neutral,0.0,neutral,0.0,neutral,0
10573,neutral,neutral,0.0,neutral,0.0,neutral,0
10574,neutral,neutral,0.0,neutral,0.0,neutral,0
10575,neutral,neutral,0.0,neutral,0.0,neutral,0
10576,neutral,neutral,0.0,neutral,0.0,neutral,0
10577,neutral,neutral,0.0,neutral,0.0,neutral,0
10578,neutral,neutral,0.0,neutral,0.0,neutral,0
10579,neutral,neutral,0.0,neutral,0.0,neutral,0
10580,neutral,neutral,0.0,neutral,0.0,neutral,0
10581,neutral,neutral,0.0,neutral,0.0,neutral,0
10582,neutral,neutral,0.0,neutral,0.0,neutral,0
10583,neutral,neutral,0.0,neutral,0.0,neutral,0
10584,neutral,neutral,0.0,neutral,0.0,neutral,0
10585,neutral,neutral,0.0,neutral,0.0,neutral,0
10586,neutral,neutral,0.0,neutral,0.0,neutral,0
10587,neutral,neutral,0.0,neutral,0.0,neutral,0
10588,neutral,neutral,0.0,neutral,0.0,neutral,0
10589,neutral,neutral,0.0,neutral,0.0,neutral,0
10590,neutral,neutral,0.0,neutral,0.0,neutral,0
10591,neutral,neutral,0.0,neutral,0.0,neutral,0
10592,neutral,neutral,0.0,neutral,0.0,neutral,0
10593,neutral,neutral,0.0,neutral,0.0,neutral,0
10594,neutral,neutral,0.0,neutral,0.0,neutral,0
10595,neutral,neutral,0.0,neutral,0.0,neutral,0
10596,neutral,neutral,0.0,neutral,0.0,neutral,0
10597,neutral,neutral,0.0,neutral,0.0,neutral,0
10598,neutral,neutral,0.0,neutral,0.0,neutral,0
10599,neutral,neutral,0.0,neutral,0.0,neutral,0
10600,neutral,neutral,0.0,neutral,0.0,neutral,0
10601,neutral,neutral,0.0,neutral,0.0,neutral,0
10602,neutral,neutral,0.0,neutral,0.0,neutral,0
10603,neutral,neutral,0.0,neutral,0.0,neutral,0
10604,neutral,neutral,0.0,neutral,0.0,neutral,0
10605,neutral,neutral,0.0,neutral,0.0,neutral,0
10606,neutral,neutral,0.0,neutral,0.0,neutral,0
10607,neutral,neutral,0.0,neutral,0.0,neutral,0
10608,neutral,neutral,0.0,neutral,0.0,neutral,0
10609,neutral,neutral,0.0,neutral,0.0,neutral,0
10610,neutral,neutral,0.0,neutral,0.0,neutral,0
10611,neutral,neutral,0.0,neutral,0.0,neutral,0
10612,neutral,neutral,0.0,neutral,0.0,neutral,0
10613,neutral,neutral,0.0,neutral,0.0,neutral,0
10614,neutral,neutral,0.0,neutral,0.0,neutral,0
10615,neutral,neutral,0.0,neutral,0.0,neutral,0
10616,neutral,neutral,0.0,neutral,0.0,neutral,0
10617,neutral,neutral,0.0,neutral,0.0,neutral,0
10618,neutral,neutral,0.0,neutral,0.0,neutral,0
10619,neutral,neutral,0.0,neutral,0.0,neutral,0
10620,neutral,neutral,0.0,neutral,0.0,neutral,0
10621,neutral,neutral,0.0,neutral,0.0,neutral,0
10622,neutral,neutral,0.0,neutral,0.0,neutral,0
10623,neutral,neutral,0.0,neutral,0.0,neutral,0
10624,neutral,neutral,0.0,neutral,0.0,neutral,0
10625,neutral,neutral,0.0,neutral,0.0,neutral,0
10626,neutral,neutral,0.0,neutral,0.0,neutral,0
10627,neutral,neutral,0.0,neutral,0.0,neutral,0
10628,neutral,neutral,0.0,neutral,0.0,neutral,0
10629,neutral,neutral,0.0,neutral,0.0,neutral,0
10630,neutral,neutral,0.0,neutral,0.0,neutral,0
10631,neutral,neutral,0.0,neutral,0.0,neutral,0
10632,neutral,neutral,0.0,neutral,0.0,neutral,0
10633,neutral,neutral,0.0,neutral,0.0,neutral,0
10634,neutral,neutral,0.0,neutral,0.0,neutral,0
10635,neutral,neutral,0.0,neutral,0.0,neutral,0
10636,neutral,neutral,0.0,neutral,0.0,neutral,0
10637,neutral,neutral,0.0,neutral,0.0,neutral,0
10638,neutral,neutral,0.0,neutral,0.0,neutral,0
10639,neutral,neutral,0.0,neutral,0.0,neutral,0
10640,neutral,neutral,0.0,neutral,0.0,neutral,0
10641,neutral,neutral,0.0,neutral,0.0,neutral,0
10642,neutral,neutral,0.0,neutral,0.0,neutral,0
10643,neutral,neutral,0.0,neutral,0.0,neutral,0
10644,neutral,neutral,0.0,neutral,0.0,neutral,0
10645,neutral,neutral,0.0,neutral,0.0,neutral,0
10646,neutral,neutral,0.0,neutral,0.0,neutral,0
10647,neutral,neutral,0.0,neutral,0.0,neutral,0
10648,neutral,neutral,0.0,neutral,0.0,neutral,0
10649,neutral,neutral,0.0,neutral,0.0,neutral,0
10650,neutral,neutral,0.0,neutral,0.0,neutral,0
10651,neutral,neutral,0.0,neutral,0.0,neutral,0
10652,neutral,neutral,0.0,neutral,0.0,neutral,0
10653,neutral,neutral,0.0,neutral,0.0,neutral,0
10654,neutral,neutral,0.0,neutral,0.0,neutral,0
10655,neutral,neutral,0.0,neutral,0.0,neutral,0
10656,neutral,neutral,0.0,neutral,0.0,neutral,0
10657,neutral,neutral,0.0,neutral,0.0,neutral,0
10658,neutral,neutral,0.0,neutral,0.0,neutral,0
10659,neutral,neutral,0.0,neutral,0.0,neutral,0
10660,neutral,neutral,0.0,neutral,0.0,neutral,0
10661,neutral,neutral,0.0,neutral,0.0,neutral,0
10662,neutral,neutral,0.0,neutral,0.0,neutral,0
10663,neutral,neutral,0.0,neutral,0.0,neutral,0
10664,neutral,neutral,0.0,neutral,0.0,neutral,0
10665,neutral,neutral,0.0,neutral,0.0,neutral,0
10666,neutral,neutral,0.0,neutral,0.0,neutral,0
10667,neutral,neutral,0.0,neutral,0.0,neutral,0
10668,neutral,neutral,0.0,neutral,0.0,neutral,0
10669,neutral,neutral,0.0,neutral,0.0,neutral,0
10670,neutral,neutral,0.0,neutral,0.0,neutral,0
10671,neutral,neutral,0.0,neutral,0.0,neutral,0
10672,neutral,neutral,0.0,neutral,0.0,neutral,0
10673,neutral,neutral,0.0,neutral,0.0,neutral,0
10674,neutral,neutral,0.0,neutral,0.0,neutral,0
10675,neutral,neutral,0.0,neutral,0.0,neutral,0
10676,neutral,neutral,0.0,neutral,0.0,neutral,0
10677,neutral,neutral,0.0,neutral,0.0,neutral,0
10678,neutral,neutral,0.0,neutral,0.0,neutral,0
10679,neutral,neutral,0.0,neutral,0.0,neutral,0
10680,neutral,neutral,0.0,neutral,0.0,neutral,0
10681,neutral,neutral,0.0,neutral,0.0,neutral,0
10682,neutral,neutral,0.0,neutral,0.0,neutral,0
10683,neutral,neutral,0.0,neutral,0.0,neutral,0
10684,neutral,neutral,0.0,neutral,0.0,neutral,0
10685,neutral,neutral,0.0,neutral,0.0,neutral,0
10686,neutral,neutral,0.0,neutral,0.0,neutral,0
10687,neutral,neutral,0.0,neutral,0.0,neutral,0
10688,neutral,neutral,0.0,neutral,0.0,neutral,0
10689,neutral,neutral,0.0,neutral,0.0,neutral,0
10690,neutral,neutral,0.0,neutral,0.0,neutral,0
10691,neutral,neutral,0.0,neutral,0.0,neutral,0
10692,neutral,neutral,0.0,neutral,0.0,neutral,0
10693,neutral,neutral,0.0,neutral,0.0,neutral,0
10694,neutral,neutral,0.0,neutral,0.0,neutral,0
10695,neutral,neutral,0.0,neutral,0.0,neutral,0
10696,neutral,neutral,0.0,neutral,0.0,neutral,0
10697,neutral,neutral,0.0,neutral,0.0,neutral,0
10698,neutral,neutral,0.0,neutral,0.0,neutral,0
10699,neutral,neutral,0.0,neutral,0.0,neutral,0
10700,neutral,neutral,0.0,neutral,0.0,neutral,0
10701,neutral,neutral,0.0,neutral,0.0,neutral,0
10702,neutral,neutral,0.0,neutral,0.0,neutral,0
10703,neutral,neutral,0.0,neutral,0.0,neutral,0
10704,neutral,neutral,0.0,neutral,0.0,neutral,0
10705,neutral,neutral,0.0,neutral,0.0,neutral,0
10706,neutral,neutral,0.0,neutral,0.0,neutral,0
10707,neutral,neutral,0.0,neutral,0.0,neutral,0
10708,neutral,neutral,0.0,neutral,0.0,neutral,0
10709,neutral,neutral,0.0,neutral,0.0,neutral,0
10710,neutral,neutral,0.0,neutral,0.0,neutral,0
10711,neutral,neutral,0.0,neutral,0.0,neutral,0
10712,neutral,neutral,0.0,neutral,0.0,neutral,0
10713,neutral,neutral,0.0,neutral,0.0,neutral,0
10714,neutral,neutral,0.0,neutral,0.0,neutral,0
10715,neutral,neutral,0.0,neutral,0.0,neutral,0
10716,neutral,neutral,0.0,neutral,0.0,neutral,0
10717,neutral,neutral,0.0,neutral,0.0,neutral,0
10718,neutral,neutral,0.0,neutral,0.0,neutral,0
10719,neutral,neutral,0.0,neutral,0.0,neutral,0
10720,neutral,neutral,0.0,neutral,0.0,neutral,0
10721,neutral,neutral,0.0,neutral,0.0,neutral,0
10722,neutral,neutral,0.0,neutral,0.0,neutral,0
10723,neutral,neutral,0.0,neutral,0.0,neutral,0
10724,neutral,neutral,0.0,neutral,0.0,neutral,0
10725,neutral,neutral,0.0,neutral,0.0,neutral,0
10726,neutral,neutral,0.0,neutral,0.0,neutral,0
10727,neutral,neutral,0.0,neutral,0.0,neutral,0
10728,neutral,neutral,0.0,neutral,0.0,neutral,0
10729,neutral,neutral,0.0,neutral,0.0,neutral,0
10730,neutral,neutral,0.0,neutral,0.0,neutral,0
10731,neutral,neutral,0.0,neutral,0.0,neutral,0
10732,neutral,neutral,0.0,neutral,0.0,neutral,0
10733,neutral,neutral,0.0,neutral,0.0,neutral,0
10734,neutral,neutral,0.0,neutral,0.0,neutral,0
10735,neutral,neutral,0.0,neutral,0.0,neutral,0
10736,neutral,neutral,0.0,neutral,0.0,neutral,0
10737,neutral,neutral,0.0,neutral,0.0,neutral,0
10738,neutral,neutral,0.0,neutral,0.0,neutral,0
10739,neutral,neutral,0.0,neutral,0.0,neutral,0
10740,neutral,neutral,0.0,neutral,0.0,neutral,0
10741,neutral,neutral,0.0,neutral,0.0,neutral,0
10742,neutral,neutral,0.0,neutral,0.0,neutral,0
10743,neutral,neutral,0.0,neutral,0.0,neutral,0
10744,neutral,neutral,0.0,neutral,0.0,neutral,0
10745,neutral,neutral,0.0,neutral,0.0,neutral,0
10746,neutral,neutral,0.0,neutral,0.0,neutral,0
10747,neutral,neutral,0.0,neutral,0.0,neutral,0
10748,neutral,neutral,0.0,neutral,0.0,neutral,0
10749,neutral,neutral,0.0,neutral,0.0,neutral,0
10750,neutral,neutral,0.0,neutral,0.0,neutral,0
10751,neutral,neutral,0.0,neutral,0.0,neutral,0
10752,neutral,neutral,0.0,neutral,0.0,neutral,0
10753,neutral,neutral,0.0,neutral,0.0,neutral,0
10754,neutral,neutral,0.0,neutral,0.0,neutral,0
10755,neutral,neutral,0.0,neutral,0.0,neutral,0
10756,neutral,neutral,0.0,neutral,0.0,neutral,0
10757,neutral,neutral,0.0,neutral,0.0,neutral,0
10758,neutral,neutral,0.0,neutral,0.0,neutral,0
10759,neutral,neutral,0.0,neutral,0.0,neutral,0
10760,neutral,neutral,0.0,neutral,0.0,neutral,0
10761,neutral,neutral,0.0,neutral,0.0,neutral,0
10762,neutral,neutral,0.0,neutral,0.0,neutral,0
10763,neutral,neutral,0.0,neutral,0.0,neutral,0
10764,neutral,neutral,0.0,neutral,0.0,neutral,0
10765,neutral,neutral,0.0,neutral,0.0,neutral,0
10766,neutral,neutral,0.0,neutral,0.0,neutral,0
10767,neutral,neutral,0.0,neutral,0.0,neutral,0
10768,neutral,neutral,0.0,neutral,0.0,neutral,0
10769,neutral,neutral,0.0,neutral,0.0,neutral,0
10770,neutral,neutral,0.0,neutral,0.0,neutral,0
10771,neutral,neutral,0.0,neutral,0.0,neutral,0
10772,neutral,neutral,0.0,neutral,0.0,neutral,0
10773,neutral,neutral,0.0,neutral,0.0,neutral,0
10774,neutral,neutral,0.0,neutral,0.0,neutral,0
10775,neutral,neutral,0.0,neutral,0.0,neutral,0
10776,neutral,neutral,0.0,neutral,0.0,neutral,0
10777,neutral,neutral,0.0,neutral,0.0,neutral,0
10778,neutral,neutral,0.0,neutral,0.0,neutral,0
10779,neutral,neutral,0.0,neutral,0.0,neutral,0
10780,neutral,neutral,0.0,neutral,0.0,neutral,0
10781,neutral,neutral,0.0,neutral,0.0,neutral,0
10782,neutral,neutral,0.0,neutral,0.0,neutral,0
10783,neutral,neutral,0.0,neutral,0.0,neutral,0
10784,neutral,neutral,0.0,neutral,0.0,neutral,0
10785,neutral,neutral,0.0,neutral,0.0,neutral,0
10786,neutral,neutral,0.0,neutral,0.0,neutral,0
10787,neutral,neutral,0.0,neutral,0.0,neutral,0
10788,neutral,neutral,0.0,neutral,0.0,neutral,0
10789,neutral,neutral,0.0,neutral,0.0,neutral,0
10790,neutral,neutral,0.0,neutral,0.0,neutral,0
10791,neutral,neutral,0.0,neutral,0.0,neutral,0
10792,neutral,neutral,0.0,neutral,0.0,neutral,0
10793,neutral,neutral,0.0,neutral,0.0,neutral,0
10794,neutral,neutral,0.0,neutral,0.0,neutral,0
10795,neutral,neutral,0.0,neutral,0.0,neutral,0
10796,neutral,neutral,0.0,neutral,0.0,neutral,0
10797,neutral,neutral,0.0,neutral,0.0,neutral,0
10798,neutral,neutral,0.0,neutral,0.0,neutral,0
10799,neutral,neutral,0.0,neutral,0.0,neutral,0
10800,neutral,neutral,0.0,neutral,0.0,neutral,0
10801,neutral,neutral,0.0,neutral,0.0,neutral,0
10802,neutral,neutral,0.0,neutral,0.0,neutral,0
10803,neutral,neutral,0.0,neutral,0.0,neutral,0
10804,neutral,neutral,0.0,neutral,0.0,neutral,0
10805,neutral,neutral,0.0,neutral,0.0,neutral,0
10806,neutral,neutral,0.0,neutral,0.0,neutral,0
10807,neutral,neutral,0.0,neutral,0.0,neutral,0
10808,neutral,neutral,0.0,neutral,0.0,neutral,0
10809,neutral,neutral,0.0,neutral,0.0,neutral,0
10810,neutral,neutral,0.0,neutral,0.0,neutral,0
10811,neutral,neutral,0.0,neutral,0.0,neutral,0
10812,neutral,neutral,0.0,neutral,0.0,neutral,0
10813,neutral,neutral,0.0,neutral,0.0,neutral,0
10814,neutral,neutral,0.0,neutral,0.0,neutral,0
10815,neutral,neutral,0.0,neutral,0.0,neutral,0
10816,neutral,neutral,0.0,neutral,0.0,neutral,0
10817,neutral,neutral,0.0,neutral,0.0,neutral,0
10818,neutral,neutral,0.0,neutral,0.0,neutral,0
10819,neutral,neutral,0.0,neutral,0.0,neutral,0
10820,neutral,neutral,0.0,neutral,0.0,neutral,0
10821,neutral,neutral,0.0,neutral,0.0,neutral,0
10822,neutral,neutral,0.0,neutral,0.0,neutral,0
10823,neutral,neutral,0.0,neutral,0.0,neutral,0
10824,neutral,neutral,0.0,neutral,0.0,neutral,0
10825,neutral,neutral,0.0,neutral,0.0,neutral,0
10826,neutral,neutral,0.0,neutral,0.0,neutral,0
10827,neutral,neutral,0.0,neutral,0.0,neutral,0
10828,neutral,neutral,0.0,neutral,0.0,neutral,0
10829,neutral,neutral,0.0,neutral,0.0,neutral,0
10830,neutral,neutral,0.0,neutral,0.0,neutral,0
10831,neutral,neutral,0.0,neutral,0.0,neutral,0
10832,neutral,neutral,0.0,neutral,0.0,neutral,0
10833,neutral,neutral,0.0,neutral,0.0,neutral,0
10834,neutral,neutral,0.0,neutral,0.0,neutral,0
10835,neutral,neutral,0.0,neutral,0.0,neutral,0
10836,neutral,neutral,0.0,neutral,0.0,neutral,0
10837,neutral,neutral,0.0,neutral,0.0,neutral,0
10838,neutral,neutral,0.0,neutral,0.0,neutral,0
10839,neutral,neutral,0.0,neutral,0.0,neutral,0
10840,neutral,neutral,0.0,neutral,0.0,neutral,0
10841,neutral,neutral,0.0,neutral,0.0,neutral,0
10842,neutral,neutral,0.0,neutral,0.0,neutral,0
10843,neutral,neutral,0.0,neutral,0.0,neutral,0
10844,neutral,neutral,0.0,neutral,0.0,neutral,0
10845,neutral,neutral,0.0,neutral,0.0,neutral,0
10846,neutral,neutral,0.0,neutral,0.0,neutral,0
10847,neutral,neutral,0.0,neutral,0.0,neutral,0
10848,neutral,neutral,0.0,neutral,0.0,neutral,0
10849,neutral,neutral,0.0,neutral,0.0,neutral,0
10850,neutral,neutral,0.0,neutral,0.0,neutral,0
10851,neutral,neutral,0.0,neutral,0.0,neutral,0
10852,neutral,neutral,0.0,neutral,0.0,neutral,0
10853,neutral,neutral,0.0,neutral,0.0,neutral,0
10854,neutral,neutral,0.0,neutral,0.0,neutral,0
10855,neutral,neutral,0.0,neutral,0.0,neutral,0
10856,neutral,neutral,0.0,neutral,0.0,neutral,0
10857,neutral,neutral,0.0,neutral,0.0,neutral,0
10858,neutral,neutral,0.0,neutral,0.0,neutral,0
10859,neutral,neutral,0.0,neutral,0.0,neutral,0
10860,neutral,neutral,0.0,neutral,0.0,neutral,0
10861,neutral,neutral,0.0,neutral,0.0,neutral,0
10862,neutral,neutral,0.0,neutral,0.0,neutral,0
10863,neutral,neutral,0.0,neutral,0.0,neutral,0
10864,neutral,neutral,0.0,neutral,0.0,neutral,0
10865,neutral,neutral,0.0,neutral,0.0,neutral,0
10866,neutral,neutral,0.0,neutral,0.0,neutral,0
10867,neutral,neutral,0.0,neutral,0.0,neutral,0
10868,neutral,neutral,0.0,neutral,0.0,neutral,0
10869,neutral,neutral,0.0,neutral,0.0,neutral,0
10870,neutral,neutral,0.0,neutral,0.0,neutral,0
10871,neutral,neutral,0.0,neutral,0.0,neutral,0
10872,neutral,neutral,0.0,neutral,0.0,neutral,0
10873,neutral,neutral,0.0,neutral,0.0,neutral,0
10874,neutral,neutral,0.0,neutral,0.0,neutral,0
10875,neutral,neutral,0.0,neutral,0.0,neutral,0
10876,neutral,neutral,0.0,neutral,0.0,neutral,0
10877,neutral,neutral,0.0,neutral,0.0,neutral,0
10878,neutral,neutral,0.0,neutral,0.0,neutral,0
10879,neutral,neutral,0.0,neutral,0.0,neutral,0
10880,neutral,neutral,0.0,neutral,0.0,neutral,0
10881,neutral,neutral,0.0,neutral,0.0,neutral,0
10882,neutral,neutral,0.0,neutral,0.0,neutral,0
10883,neutral,neutral,0.0,neutral,0.0,neutral,0
10884,neutral,neutral,0.0,neutral,0.0,neutral,0
10885,neutral,neutral,0.0,neutral,0.0,neutral,0
10886,neutral,neutral,0.0,neutral,0.0,neutral,0
10887,neutral,neutral,0.0,neutral,0.0,neutral,0
10888,neutral,neutral,0.0,neutral,0.0,neutral,0
10889,neutral,neutral,0.0,neutral,0.0,neutral,0
10890,neutral,neutral,0.0,neutral,0.0,neutral,0
10891,neutral,neutral,0.0,neutral,0.0,neutral,0
10892,neutral,neutral,0.0,neutral,0.0,neutral,0
10893,neutral,neutral,0.0,neutral,0.0,neutral,0
10894,neutral,neutral,0.0,neutral,0.0,neutral,0
10895,neutral,neutral,0.0,neutral,0.0,neutral,0
10896,neutral,neutral,0.0,neutral,0.0,neutral,0
10897,neutral,neutral,0.0,neutral,0.0,neutral,0
10898,neutral,neutral,0.0,neutral,0.0,neutral,0
10899,neutral,neutral,0.0,neutral,0.0,neutral,0
10900,neutral,neutral,0.0,neutral,0.0,neutral,0
10901,neutral,neutral,0.0,neutral,0.0,neutral,0
10902,neutral,neutral,0.0,neutral,0.0,neutral,0
10903,neutral,neutral,0.0,neutral,0.0,neutral,0
10904,neutral,neutral,0.0,neutral,0.0,neutral,0
10905,neutral,neutral,0.0,neutral,0.0,neutral,0
10906,neutral,neutral,0.0,neutral,0.0,neutral,0
10907,neutral,neutral,0.0,neutral,0.0,neutral,0
10908,neutral,neutral,0.0,neutral,0.0,neutral,0
10909,neutral,neutral,0.0,neutral,0.0,neutral,0
10910,neutral,neutral,0.0,neutral,0.0,neutral,0
10911,neutral,neutral,0.0,neutral,0.0,neutral,0
10912,neutral,neutral,0.0,neutral,0.0,neutral,0
10913,neutral,neutral,0.0,neutral,0.0,neutral,0
10914,neutral,neutral,0.0,neutral,0.0,neutral,0
10915,neutral,neutral,0.0,neutral,0.0,neutral,0
10916,neutral,neutral,0.0,neutral,0.0,neutral,0
10917,neutral,neutral,0.0,neutral,0.0,neutral,0
10918,neutral,neutral,0.0,neutral,0.0,neutral,0
10919,neutral,neutral,0.0,neutral,0.0,neutral,0
10920,neutral,neutral,0.0,neutral,0.0,neutral,0
10921,neutral,neutral,0.0,neutral,0.0,neutral,0
10922,neutral,neutral,0.0,neutral,0.0,neutral,0
10923,neutral,neutral,0.0,neutral,0.0,neutral,0
10924,neutral,neutral,0.0,neutral,0.0,neutral,0
10925,neutral,neutral,0.0,neutral,0.0,neutral,0
10926,neutral,neutral,0.0,neutral,0.0,neutral,0
10927,neutral,neutral,0.0,neutral,0.0,neutral,0
10928,neutral,neutral,0.0,neutral,0.0,neutral,0
10929,neutral,neutral,0.0,neutral,0.0,neutral,0
10930,neutral,neutral,0.0,neutral,0.0,neutral,0
10931,neutral,neutral,0.0,neutral,0.0,neutral,0
10932,neutral,neutral,0.0,neutral,0.0,neutral,0
10933,neutral,neutral,0.0,neutral,0.0,neutral,0
10934,neutral,neutral,0.0,neutral,0.0,neutral,0
10935,neutral,neutral,0.0,neutral,0.0,neutral,0
10936,neutral,neutral,0.0,neutral,0.0,neutral,0
10937,neutral,neutral,0.0,neutral,0.0,neutral,0
10938,neutral,neutral,0.0,neutral,0.0,neutral,0
10939,neutral,neutral,0.0,neutral,0.0,neutral,0
10940,neutral,neutral,0.0,neutral,0.0,neutral,0
10941,neutral,neutral,0.0,neutral,0.0,neutral,0
10942,neutral,neutral,0.0,neutral,0.0,neutral,0
10943,neutral,neutral,0.0,neutral,0.0,neutral,0
10944,neutral,neutral,0.0,neutral,0.0,neutral,0
10945,neutral,neutral,0.0,neutral,0.0,neutral,0
10946,neutral,neutral,0.0,neutral,0.0,neutral,0
10947,neutral,neutral,0.0,neutral,0.0,neutral,0
10948,neutral,neutral,0.0,neutral,0.0,neutral,0
10949,neutral,neutral,0.0,neutral,0.0,neutral,0
10950,neutral,neutral,0.0,neutral,0.0,neutral,0
10951,neutral,neutral,0.0,neutral,0.0,neutral,0
10952,neutral,neutral,0.0,neutral,0.0,neutral,0
10953,neutral,neutral,0.0,neutral,0.0,neutral,0
10954,neutral,neutral,0.0,neutral,0.0,neutral,0
10955,neutral,neutral,0.0,neutral,0.0,neutral,0
10956,neutral,neutral,0.0,neutral,0.0,neutral,0
10957,neutral,neutral,0.0,neutral,0.0,neutral,0
10958,neutral,neutral,0.0,neutral,0.0,neutral,0
10959,neutral,neutral,0.0,neutral,0.0,neutral,0
10960,neutral,neutral,0.0,neutral,0.0,neutral,0
10961,neutral,neutral,0.0,neutral,0.0,neutral,0
10962,neutral,neutral,0.0,neutral,0.0,neutral,0
10963,neutral,neutral,0.0,neutral,0.0,neutral,0
10964,neutral,neutral,0.0,neutral,0.0,neutral,0
10965,neutral,neutral,0.0,neutral,0.0,neutral,0
10966,neutral,neutral,0.0,neutral,0.0,neutral,0
10967,neutral,neutral,0.0,neutral,0.0,neutral,0
10968,neutral,neutral,0.0,neutral,0.0,neutral,0
10969,neutral,neutral,0.0,neutral,0.0,neutral,0
10970,neutral,neutral,0.0,neutral,0.0,neutral,0
10971,neutral,neutral,0.0,neutral,0.0,neutral,0
10972,neutral,neutral,0.0,neutral,0.0,neutral,0
10973,neutral,neutral,0.0,neutral,0.0,neutral,0
10974,neutral,neutral,0.0,neutral,0.0,neutral,0
10975,neutral,neutral,0.0,neutral,0.0,neutral,0
10976,neutral,neutral,0.0,neutral,0.0,neutral,0
10977,neutral,neutral,0.0,neutral,0.0,neutral,0
10978,neutral,neutral,0.0,neutral,0.0,neutral,0
10979,neutral,neutral,0.0,neutral,0.0,neutral,0
10980,neutral,neutral,0.0,neutral,0.0,neutral,0
10981,neutral,neutral,0.0,neutral,0.0,neutral,0
10982,neutral,neutral,0.0,neutral,0.0,neutral,0
10983,neutral,neutral,0.0,neutral,0.0,neutral,0
10984,neutral,neutral,0.0,neutral,0.0,neutral,0
10985,neutral,neutral,0.0,neutral,0.0,neutral,0
10986,neutral,neutral,0.0,neutral,0.0,neutral,0
10987,neutral,neutral,0.0,neutral,0.0,neutral,0
10988,neutral,neutral,0.0,neutral,0.0,neutral,0
10989,neutral,neutral,0.0,neutral,0.0,neutral,0
10990,neutral,neutral,0.0,neutral,0.0,neutral,0
10991,neutral,neutral,0.0,neutral,0.0,neutral,0
10992,neutral,neutral,0.0,neutral,0.0,neutral,0
10993,neutral,neutral,0.0,neutral,0.0,neutral,0
10994,neutral,neutral,0.0,neutral,0.0,neutral,0
10995,neutral,neutral,0.0,neutral,0.0,neutral,0
10996,neutral,neutral,0.0,neutral,0.0,neutral,0
10997,neutral,neutral,0.0,neutral,0.0,neutral,0
10998,neutral,neutral,0.0,neutral,0.0,neutral,0
10999,neutral,neutral,0.0,neutral,0.0,neutral,0
11000,neutral,neutral,0.0,neutral,0.0,neutral,0
11001,neutral,neutral,0.0,neutral,0.0,neutral,0
11002,neutral,neutral,0.0,neutral,0.0,neutral,0
11003,neutral,neutral,0.0,neutral,0.0,neutral,0
11004,neutral,neutral,0.0,neutral,0.0,neutral,0
11005,neutral,neutral,0.0,neutral,0.0,neutral,0
11006,neutral,neutral,0.0,neutral,0.0,neutral,0
11007,neutral,neutral,0.0,neutral,0.0,neutral,0
11008,neutral,neutral,0.0,neutral,0.0,neutral,0
11009,neutral,neutral,0.0,neutral,0.0,neutral,0
11010,neutral,neutral,0.0,neutral,0.0,neutral,0
11011,neutral,neutral,0.0,neutral,0.0,neutral,0
11012,neutral,neutral,0.0,neutral,0.0,neutral,0
11013,neutral,neutral,0.0,neutral,0.0,neutral,0
11014,neutral,neutral,0.0,neutral,0.0,neutral,0
11015,neutral,neutral,0.0,neutral,0.0,neutral,0
11016,neutral,neutral,0.0,neutral,0.0,neutral,0
11017,neutral,neutral,0.0,neutral,0.0,neutral,0
11018,neutral,neutral,0.0,neutral,0.0,neutral,0
11019,neutral,neutral,0.0,neutral,0.0,neutral,0
11020,neutral,neutral,0.0,neutral,0.0,neutral,0
11021,neutral,neutral,0.0,neutral,0.0,neutral,0
11022,neutral,neutral,0.0,neutral,0.0,neutral,0
11023,neutral,neutral,0.0,neutral,0.0,neutral,0
11024,neutral,neutral,0.0,neutral,0.0,neutral,0
11025,neutral,neutral,0.0,neutral,0.0,neutral,0
11026,neutral,neutral,0.0,neutral,0.0,neutral,0
11027,neutral,neutral,0.0,neutral,0.0,neutral,0
11028,neutral,neutral,0.0,neutral,0.0,neutral,0
11029,neutral,neutral,0.0,neutral,0.0,neutral,0
11030,neutral,neutral,0.0,neutral,0.0,neutral,0
11031,neutral,neutral,0.0,neutral,0.0,neutral,0
11032,neutral,neutral,0.0,neutral,0.0,neutral,0
11033,neutral,neutral,0.0,neutral,0.0,neutral,0
11034,neutral,neutral,0.0,neutral,0.0,neutral,0
11035,neutral,neutral,0.0,neutral,0.0,neutral,0
11036,neutral,neutral,0.0,neutral,0.0,neutral,0
11037,neutral,neutral,0.0,neutral,0.0,neutral,0
11038,neutral,neutral,0.0,neutral,0.0,neutral,0
11039,neutral,neutral,0.0,neutral,0.0,neutral,0
11040,neutral,neutral,0.0,neutral,0.0,neutral,0
11041,neutral,neutral,0.0,neutral,0.0,neutral,0
11042,neutral,neutral,0.0,neutral,0.0,neutral,0
11043,neutral,neutral,0.0,neutral,0.0,neutral,0
11044,neutral,neutral,0.0,neutral,0.0,neutral,0
11045,neutral,neutral,0.0,neutral,0.0,neutral,0
11046,neutral,neutral,0.0,neutral,0.0,neutral,0
11047,neutral,neutral,0.0,neutral,0.0,neutral,0
11048,neutral,neutral,0.0,neutral,0.0,neutral,0
11049,neutral,neutral,0.0,neutral,0.0,neutral,0
11050,neutral,neutral,0.0,neutral,0.0,neutral,0
11051,neutral,neutral,0.0,neutral,0.0,neutral,0
11052,neutral,neutral,0.0,neutral,0.0,neutral,0
11053,neutral,neutral,0.0,neutral,0.0,neutral,0
11054,neutral,neutral,0.0,neutral,0.0,neutral,0
11055,neutral,neutral,0.0,neutral,0.0,neutral,0
11056,neutral,neutral,0.0,neutral,0.0,neutral,0
11057,neutral,neutral,0.0,neutral,0.0,neutral,0
11058,neutral,neutral,0.0,neutral,0.0,neutral,0
11059,neutral,neutral,0.0,neutral,0.0,neutral,0
11060,neutral,neutral,0.0,neutral,0.0,neutral,0
11061,neutral,neutral,0.0,neutral,0.0,neutral,0
11062,neutral,neutral,0.0,neutral,0.0,neutral,0
11063,neutral,neutral,0.0,neutral,0.0,neutral,0
11064,neutral,neutral,0.0,neutral,0.0,neutral,0
11065,neutral,neutral,0.0,neutral,0.0,neutral,0
11066,neutral,neutral,0.0,neutral,0.0,neutral,0
11067,neutral,neutral,0.0,neutral,0.0,neutral,0
11068,neutral,neutral,0.0,neutral,0.0,neutral,0
11069,neutral,neutral,0.0,neutral,0.0,neutral,0
11070,neutral,neutral,0.0,neutral,0.0,neutral,0
11071,neutral,neutral,0.0,neutral,0.0,neutral,0
11072,neutral,neutral,0.0,neutral,0.0,neutral,0
11073,neutral,neutral,0.0,neutral,0.0,neutral,0
11074,neutral,neutral,0.0,neutral,0.0,neutral,0
11075,neutral,neutral,0.0,neutral,0.0,neutral,0
11076,neutral,neutral,0.0,neutral,0.0,neutral,0
11077,neutral,neutral,0.0,neutral,0.0,neutral,0
11078,neutral,neutral,0.0,neutral,0.0,neutral,0
11079,neutral,neutral,0.0,neutral,0.0,neutral,0
11080,neutral,neutral,0.0,neutral,0.0,neutral,0
11081,neutral,neutral,0.0,neutral,0.0,neutral,0
11082,neutral,neutral,0.0,neutral,0.0,neutral,0
11083,neutral,neutral,0.0,neutral,0.0,neutral,0
11084,neutral,neutral,0.0,neutral,0.0,neutral,0
11085,neutral,neutral,0.0,neutral,0.0,neutral,0
11086,neutral,neutral,0.0,neutral,0.0,neutral,0
11087,neutral,neutral,0.0,neutral,0.0,neutral,0
11088,neutral,neutral,0.0,neutral,0.0,neutral,0
11089,neutral,neutral,0.0,neutral,0.0,neutral,0
11090,neutral,neutral,0.0,neutral,0.0,neutral,0
11091,neutral,neutral,0.0,neutral,0.0,neutral,0
11092,neutral,neutral,0.0,neutral,0.0,neutral,0
11093,neutral,neutral,0.0,neutral,0.0,neutral,0
11094,neutral,neutral,0.0,neutral,0.0,neutral,0
11095,neutral,neutral,0.0,neutral,0.0,neutral,0
11096,neutral,neutral,0.0,neutral,0.0,neutral,0
11097,neutral,neutral,0.0,neutral,0.0,neutral,0
11098,neutral,neutral,0.0,neutral,0.0,neutral,0
11099,neutral,neutral,0.0,neutral,0.0,neutral,0
11100,neutral,neutral,0.0,neutral,0.0,neutral,0
11101,neutral,neutral,0.0,neutral,0.0,neutral,0
11102,neutral,neutral,0.0,neutral,0.0,neutral,0
11103,neutral,neutral,0.0,neutral,0.0,neutral,0
11104,neutral,neutral,0.0,neutral,0.0,neutral,0
11105,neutral,neutral,0.0,neutral,0.0,neutral,0
11106,neutral,neutral,0.0,neutral,0.0,neutral,0
11107,neutral,neutral,0.0,neutral,0.0,neutral,0
11108,neutral,neutral,0.0,neutral,0.0,neutral,0
11109,neutral,neutral,0.0,neutral,0.0,neutral,0
11110,neutral,neutral,0.0,neutral,0.0,neutral,0
11111,neutral,neutral,0.0,neutral,0.0,neutral,0
11112,neutral,neutral,0.0,neutral,0.0,neutral,0
11113,neutral,neutral,0.0,neutral,0.0,neutral,0
11114,neutral,neutral,0.0,neutral,0.0,neutral,0
11115,neutral,neutral,0.0,neutral,0.0,neutral,0
11116,neutral,neutral,0.0,neutral,0.0,neutral,0
11117,neutral,neutral,0.0,neutral,0.0,neutral,0
11118,neutral,neutral,0.0,neutral,0.0,neutral,0
11119,neutral,neutral,0.0,neutral,0.0,neutral,0
11120,neutral,neutral,0.0,neutral,0.0,neutral,0
11121,neutral,neutral,0.0,neutral,0.0,neutral,0
11122,neutral,neutral,0.0,neutral,0.0,neutral,0
11123,neutral,neutral,0.0,neutral,0.0,neutral,0
11124,neutral,neutral,0.0,neutral,0.0,neutral,0
11125,neutral,neutral,0.0,neutral,0.0,neutral,0
11126,neutral,neutral,0.0,neutral,0.0,neutral,0
11127,neutral,neutral,0.0,neutral,0.0,neutral,0
11128,neutral,neutral,0.0,neutral,0.0,neutral,0
11129,neutral,neutral,0.0,neutral,0.0,neutral,0
11130,neutral,neutral,0.0,neutral,0.0,neutral,0
11131,neutral,neutral,0.0,neutral,0.0,neutral,0
11132,neutral,neutral,0.0,neutral,0.0,neutral,0
11133,neutral,neutral,0.0,neutral,0.0,neutral,0
11134,neutral,neutral,0.0,neutral,0.0,neutral,0
11135,neutral,neutral,0.0,neutral,0.0,neutral,0
11136,neutral,neutral,0.0,neutral,0.0,neutral,0
11137,neutral,neutral,0.0,neutral,0.0,neutral,0
11138,neutral,neutral,0.0,neutral,0.0,neutral,0
11139,neutral,neutral,0.0,neutral,0.0,neutral,0
11140,neutral,neutral,0.0,neutral,0.0,neutral,0
11141,neutral,neutral,0.0,neutral,0.0,neutral,0
11142,neutral,neutral,0.0,neutral,0.0,neutral,0
11143,neutral,neutral,0.0,neutral,0.0,neutral,0
11144,neutral,neutral,0.0,neutral,0.0,neutral,0
11145,neutral,neutral,0.0,neutral,0.0,neutral,0
11146,neutral,neutral,0.0,neutral,0.0,neutral,0
11147,neutral,neutral,0.0,neutral,0.0,neutral,0
11148,neutral,neutral,0.0,neutral,0.0,neutral,0
11149,neutral,neutral,0.0,neutral,0.0,neutral,0
11150,neutral,neutral,0.0,neutral,0.0,neutral,0
11151,neutral,neutral,0.0,neutral,0.0,neutral,0
11152,neutral,neutral,0.0,neutral,0.0,neutral,0
11153,neutral,neutral,0.0,neutral,0.0,neutral,0
11154,neutral,neutral,0.0,neutral,0.0,neutral,0
11155,neutral,neutral,0.0,neutral,0.0,neutral,0
11156,neutral,neutral,0.0,neutral,0.0,neutral,0
11157,neutral,neutral,0.0,neutral,0.0,neutral,0
11158,neutral,neutral,0.0,neutral,0.0,neutral,0
11159,neutral,neutral,0.0,neutral,0.0,neutral,0
11160,neutral,neutral,0.0,neutral,0.0,neutral,0
11161,neutral,neutral,0.0,neutral,0.0,neutral,0
11162,neutral,neutral,0.0,neutral,0.0,neutral,0
11163,neutral,neutral,0.0,neutral,0.0,neutral,0
11164,neutral,neutral,0.0,neutral,0.0,neutral,0
11165,neutral,neutral,0.0,neutral,0.0,neutral,0
11166,neutral,neutral,0.0,neutral,0.0,neutral,0
11167,neutral,neutral,0.0,neutral,0.0,neutral,0
11168,neutral,neutral,0.0,neutral,0.0,neutral,0
11169,neutral,neutral,0.0,neutral,0.0,neutral,0
11170,neutral,neutral,0.0,neutral,0.0,neutral,0
11171,neutral,neutral,0.0,neutral,0.0,neutral,0
11172,neutral,neutral,0.0,neutral,0.0,neutral,0
11173,neutral,neutral,0.0,neutral,0.0,neutral,0
11174,neutral,neutral,0.0,neutral,0.0,neutral,0
11175,neutral,neutral,0.0,neutral,0.0,neutral,0
11176,neutral,neutral,0.0,neutral,0.0,neutral,0
11177,neutral,neutral,0.0,neutral,0.0,neutral,0
11178,neutral,neutral,0.0,neutral,0.0,neutral,0
11179,neutral,neutral,0.0,neutral,0.0,neutral,0
11180,neutral,neutral,0.0,neutral,0.0,neutral,0
11181,neutral,neutral,0.0,neutral,0.0,neutral,0
11182,neutral,neutral,0.0,neutral,0.0,neutral,0
11183,neutral,neutral,0.0,neutral,0.0,neutral,0
11184,neutral,neutral,0.0,neutral,0.0,neutral,0
11185,neutral,neutral,0.0,neutral,0.0,neutral,0
11186,neutral,neutral,0.0,neutral,0.0,neutral,0
11187,neutral,neutral,0.0,neutral,0.0,neutral,0
11188,neutral,neutral,0.0,neutral,0.0,neutral,0
11189,neutral,neutral,0.0,neutral,0.0,neutral,0
11190,neutral,neutral,0.0,neutral,0.0,neutral,0
11191,neutral,neutral,0.0,neutral,0.0,neutral,0
11192,neutral,neutral,0.0,neutral,0.0,neutral,0
11193,neutral,neutral,0.0,neutral,0.0,neutral,0
11194,neutral,neutral,0.0,neutral,0.0,neutral,0
11195,neutral,neutral,0.0,neutral,0.0,neutral,0
11196,neutral,neutral,0.0,neutral,0.0,neutral,0
11197,neutral,neutral,0.0,neutral,0.0,neutral,0
11198,neutral,neutral,0.0,neutral,0.0,neutral,0
11199,neutral,neutral,0.0,neutral,0.0,neutral,0
11200,neutral,neutral,0.0,neutral,0.0,neutral,0
11201,neutral,neutral,0.0,neutral,0.0,neutral,0
11202,neutral,neutral,0.0,neutral,0.0,neutral,0
11203,neutral,neutral,0.0,neutral,0.0,neutral,0
11204,neutral,neutral,0.0,neutral,0.0,neutral,0
11205,neutral,neutral,0.0,neutral,0.0,neutral,0
11206,neutral,neutral,0.0,neutral,0.0,neutral,0
11207,neutral,neutral,0.0,neutral,0.0,neutral,0
11208,neutral,neutral,0.0,neutral,0.0,neutral,0
11209,neutral,neutral,0.0,neutral,0.0,neutral,0
11210,neutral,neutral,0.0,neutral,0.0,neutral,0
11211,neutral,neutral,0.0,neutral,0.0,neutral,0
11212,neutral,neutral,0.0,neutral,0.0,neutral,0
11213,neutral,neutral,0.0,neutral,0.0,neutral,0
11214,neutral,neutral,0.0,neutral,0.0,neutral,0
11215,neutral,neutral,0.0,neutral,0.0,neutral,0
11216,neutral,neutral,0.0,neutral,0.0,neutral,0
11217,neutral,neutral,0.0,neutral,0.0,neutral,0
11218,neutral,neutral,0.0,neutral,0.0,neutral,0
11219,neutral,neutral,0.0,neutral,0.0,neutral,0
11220,neutral,neutral,0.0,neutral,0.0,neutral,0
11221,neutral,neutral,0.0,neutral,0.0,neutral,0
11222,neutral,neutral,0.0,neutral,0.0,neutral,0
11223,neutral,neutral,0.0,neutral,0.0,neutral,0
11224,neutral,neutral,0.0,neutral,0.0,neutral,0
11225,neutral,neutral,0.0,neutral,0.0,neutral,0
11226,neutral,neutral,0.0,neutral,0.0,neutral,0
11227,neutral,neutral,0.0,neutral,0.0,neutral,0
11228,neutral,neutral,0.0,neutral,0.0,neutral,0
11229,neutral,neutral,0.0,neutral,0.0,neutral,0
11230,neutral,neutral,0.0,neutral,0.0,neutral,0
11231,neutral,neutral,0.0,neutral,0.0,neutral,0
11232,neutral,neutral,0.0,neutral,0.0,neutral,0
11233,neutral,neutral,0.0,neutral,0.0,neutral,0
11234,neutral,neutral,0.0,neutral,0.0,neutral,0
11235,neutral,neutral,0.0,neutral,0.0,neutral,0
11236,neutral,neutral,0.0,neutral,0.0,neutral,0
11237,neutral,neutral,0.0,neutral,0.0,neutral,0
11238,neutral,neutral,0.0,neutral,0.0,neutral,0
11239,neutral,neutral,0.0,neutral,0.0,neutral,0
11240,neutral,neutral,0.0,neutral,0.0,neutral,0
11241,neutral,neutral,0.0,neutral,0.0,neutral,0
11242,neutral,neutral,0.0,neutral,0.0,neutral,0
11243,neutral,neutral,0.0,neutral,0.0,neutral,0
11244,neutral,neutral,0.0,neutral,0.0,neutral,0
11245,neutral,neutral,0.0,neutral,0.0,neutral,0
11246,neutral,neutral,0.0,neutral,0.0,neutral,0
11247,neutral,neutral,0.0,neutral,0.0,neutral,0
11248,neutral,neutral,0.0,neutral,0.0,neutral,0
11249,neutral,neutral,0.0,neutral,0.0,neutral,0
11250,neutral,neutral,0.0,neutral,0.0,neutral,0
11251,neutral,neutral,0.0,neutral,0.0,neutral,0
11252,neutral,neutral,0.0,neutral,0.0,neutral,0
11253,neutral,neutral,0.0,neutral,0.0,neutral,0
11254,neutral,neutral,0.0,neutral,0.0,neutral,0
11255,neutral,neutral,0.0,neutral,0.0,neutral,0
11256,neutral,neutral,0.0,neutral,0.0,neutral,0
11257,neutral,neutral,0.0,neutral,0.0,neutral,0
11258,neutral,neutral,0.0,neutral,0.0,neutral,0
11259,neutral,neutral,0.0,neutral,0.0,neutral,0
11260,neutral,neutral,0.0,neutral,0.0,neutral,0
11261,neutral,neutral,0.0,neutral,0.0,neutral,0
11262,neutral,neutral,0.0,neutral,0.0,neutral,0
11263,neutral,neutral,0.0,neutral,0.0,neutral,0
11264,neutral,neutral,0.0,neutral,0.0,neutral,0
11265,neutral,neutral,0.0,neutral,0.0,neutral,0
11266,neutral,neutral,0.0,neutral,0.0,neutral,0
11267,neutral,neutral,0.0,neutral,0.0,neutral,0
11268,neutral,neutral,0.0,neutral,0.0,neutral,0
11269,neutral,neutral,0.0,neutral,0.0,neutral,0
11270,neutral,neutral,0.0,neutral,0.0,neutral,0
11271,neutral,neutral,0.0,neutral,0.0,neutral,0
11272,neutral,neutral,0.0,neutral,0.0,neutral,0
11273,neutral,neutral,0.0,neutral,0.0,neutral,0
11274,neutral,neutral,0.0,neutral,0.0,neutral,0
11275,neutral,neutral,0.0,neutral,0.0,neutral,0
11276,neutral,neutral,0.0,neutral,0.0,neutral,0
11277,neutral,neutral,0.0,neutral,0.0,neutral,0
11278,neutral,neutral,0.0,neutral,0.0,neutral,0
11279,neutral,neutral,0.0,neutral,0.0,neutral,0
11280,neutral,neutral,0.0,neutral,0.0,neutral,0
11281,neutral,neutral,0.0,neutral,0.0,neutral,0
11282,neutral,neutral,0.0,neutral,0.0,neutral,0
11283,neutral,neutral,0.0,neutral,0.0,neutral,0
11284,neutral,neutral,0.0,neutral,0.0,neutral,0
11285,neutral,neutral,0.0,neutral,0.0,neutral,0
11286,neutral,neutral,0.0,neutral,0.0,neutral,0
11287,neutral,neutral,0.0,neutral,0.0,neutral,0
11288,neutral,neutral,0.0,neutral,0.0,neutral,0
11289,neutral,neutral,0.0,neutral,0.0,neutral,0
11290,neutral,neutral,0.0,neutral,0.0,neutral,0
11291,neutral,neutral,0.0,neutral,0.0,neutral,0
11292,neutral,neutral,0.0,neutral,0.0,neutral,0
11293,neutral,neutral,0.0,neutral,0.0,neutral,0
11294,neutral,neutral,0.0,neutral,0.0,neutral,0
11295,neutral,neutral,0.0,neutral,0.0,neutral,0
11296,neutral,neutral,0.0,neutral,0.0,neutral,0
11297,neutral,neutral,0.0,neutral,0.0,neutral,0
11298,neutral,neutral,0.0,neutral,0.0,neutral,0
11299,neutral,neutral,0.0,neutral,0.0,neutral,0
11300,neutral,neutral,0.0,neutral,0.0,neutral,0
11301,neutral,neutral,0.0,neutral,0.0,neutral,0
11302,neutral,neutral,0.0,neutral,0.0,neutral,0
11303,neutral,neutral,0.0,neutral,0.0,neutral,0
11304,neutral,neutral,0.0,neutral,0.0,neutral,0
11305,neutral,neutral,0.0,neutral,0.0,neutral,0
11306,neutral,neutral,0.0,neutral,0.0,neutral,0
11307,neutral,neutral,0.0,neutral,0.0,neutral,0
11308,neutral,neutral,0.0,neutral,0.0,neutral,0
11309,neutral,neutral,0.0,neutral,0.0,neutral,0
11310,neutral,neutral,0.0,neutral,0.0,neutral,0
11311,neutral,neutral,0.0,neutral,0.0,neutral,0
11312,neutral,neutral,0.0,neutral,0.0,neutral,0
11313,neutral,neutral,0.0,neutral,0.0,neutral,0
11314,neutral,neutral,0.0,neutral,0.0,neutral,0
11315,neutral,neutral,0.0,neutral,0.0,neutral,0
11316,neutral,neutral,0.0,neutral,0.0,neutral,0
11317,neutral,neutral,0.0,neutral,0.0,neutral,0
11318,neutral,neutral,0.0,neutral,0.0,neutral,0
11319,neutral,neutral,0.0,neutral,0.0,neutral,0
11320,neutral,neutral,0.0,neutral,0.0,neutral,0
11321,neutral,neutral,0.0,neutral,0.0,neutral,0
11322,neutral,neutral,0.0,neutral,0.0,neutral,0
11323,neutral,neutral,0.0,neutral,0.0,neutral,0
11324,neutral,neutral,0.0,neutral,0.0,neutral,0
11325,neutral,neutral,0.0,neutral,0.0,neutral,0
11326,neutral,neutral,0.0,neutral,0.0,neutral,0
11327,neutral,neutral,0.0,neutral,0.0,neutral,0
11328,neutral,neutral,0.0,neutral,0.0,neutral,0
11329,neutral,neutral,0.0,neutral,0.0,neutral,0
11330,neutral,neutral,0.0,neutral,0.0,neutral,0
11331,neutral,neutral,0.0,neutral,0.0,neutral,0
11332,neutral,neutral,0.0,neutral,0.0,neutral,0
11333,neutral,neutral,0.0,neutral,0.0,neutral,0
11334,neutral,neutral,0.0,neutral,0.0,neutral,0
11335,neutral,neutral,0.0,neutral,0.0,neutral,0
11336,neutral,neutral,0.0,neutral,0.0,neutral,0
11337,neutral,neutral,0.0,neutral,0.0,neutral,0
11338,neutral,neutral,0.0,neutral,0.0,neutral,0
11339,neutral,neutral,0.0,neutral,0.0,neutral,0
11340,neutral,neutral,0.0,neutral,0.0,neutral,0
11341,neutral,neutral,0.0,neutral,0.0,neutral,0
11342,neutral,neutral,0.0,neutral,0.0,neutral,0
11343,neutral,neutral,0.0,neutral,0.0,neutral,0
11344,neutral,neutral,0.0,neutral,0.0,neutral,0
11345,neutral,neutral,0.0,neutral,0.0,neutral,0
11346,neutral,neutral,0.0,neutral,0.0,neutral,0
11347,neutral,neutral,0.0,neutral,0.0,neutral,0
11348,neutral,neutral,0.0,neutral,0.0,neutral,0
11349,neutral,neutral,0.0,neutral,0.0,neutral,0
11350,neutral,neutral,0.0,neutral,0.0,neutral,0
11351,neutral,neutral,0.0,neutral,0.0,neutral,0
11352,neutral,neutral,0.0,neutral,0.0,neutral,0
11353,neutral,neutral,0.0,neutral,0.0,neutral,0
11354,neutral,neutral,0.0,neutral,0.0,neutral,0
11355,neutral,neutral,0.0,neutral,0.0,neutral,0
11356,neutral,neutral,0.0,neutral,0.0,neutral,0
11357,neutral,neutral,0.0,neutral,0.0,neutral,0
11358,neutral,neutral,0.0,neutral,0.0,neutral,0
11359,neutral,neutral,0.0,neutral,0.0,neutral,0
11360,neutral,neutral,0.0,neutral,0.0,neutral,0
11361,neutral,neutral,0.0,neutral,0.0,neutral,0
11362,neutral,neutral,0.0,neutral,0.0,neutral,0
11363,neutral,neutral,0.0,neutral,0.0,neutral,0
11364,neutral,neutral,0.0,neutral,0.0,neutral,0
11365,neutral,neutral,0.0,neutral,0.0,neutral,0
11366,neutral,neutral,0.0,neutral,0.0,neutral,0
11367,neutral,neutral,0.0,neutral,0.0,neutral,0
11368,neutral,neutral,0.0,neutral,0.0,neutral,0
11369,neutral,neutral,0.0,neutral,0.0,neutral,0
11370,neutral,neutral,0.0,neutral,0.0,neutral,0
11371,neutral,neutral,0.0,neutral,0.0,neutral,0
11372,neutral,neutral,0.0,neutral,0.0,neutral,0
11373,neutral,neutral,0.0,neutral,0.0,neutral,0
11374,neutral,neutral,0.0,neutral,0.0,neutral,0
11375,neutral,neutral,0.0,neutral,0.0,neutral,0
11376,neutral,neutral,0.0,neutral,0.0,neutral,0
11377,neutral,neutral,0.0,neutral,0.0,neutral,0
11378,neutral,neutral,0.0,neutral,0.0,neutral,0
11379,neutral,neutral,0.0,neutral,0.0,neutral,0
11380,neutral,neutral,0.0,neutral,0.0,neutral,0
11381,neutral,neutral,0.0,neutral,0.0,neutral,0
11382,neutral,neutral,0.0,neutral,0.0,neutral,0
11383,neutral,neutral,0.0,neutral,0.0,neutral,0
11384,neutral,neutral,0.0,neutral,0.0,neutral,0
11385,neutral,neutral,0.0,neutral,0.0,neutral,0
11386,neutral,neutral,0.0,neutral,0.0,neutral,0
11387,neutral,neutral,0.0,neutral,0.0,neutral,0
11388,neutral,neutral,0.0,neutral,0.0,neutral,0
11389,neutral,neutral,0.0,neutral,0.0,neutral,0
11390,neutral,neutral,0.0,neutral,0.0,neutral,0
11391,neutral,neutral,0.0,neutral,0.0,neutral,0
11392,neutral,neutral,0.0,neutral,0.0,neutral,0
11393,neutral,neutral,0.0,neutral,0.0,neutral,0
11394,neutral,neutral,0.0,neutral,0.0,neutral,0
11395,neutral,neutral,0.0,neutral,0.0,neutral,0
11396,neutral,neutral,0.0,neutral,0.0,neutral,0
11397,neutral,neutral,0.0,neutral,0.0,neutral,0
11398,neutral,neutral,0.0,neutral,0.0,neutral,0
11399,neutral,neutral,0.0,neutral,0.0,neutral,0
11400,neutral,neutral,0.0,neutral,0.0,neutral,0
11401,neutral,neutral,0.0,neutral,0.0,neutral,0
11402,neutral,neutral,0.0,neutral,0.0,neutral,0
11403,neutral,neutral,0.0,neutral,0.0,neutral,0
11404,neutral,neutral,0.0,neutral,0.0,neutral,0
11405,neutral,neutral,0.0,neutral,0.0,neutral,0
11406,neutral,neutral,0.0,neutral,0.0,neutral,0
11407,neutral,neutral,0.0,neutral,0.0,neutral,0
11408,neutral,neutral,0.0,neutral,0.0,neutral,0
11409,neutral,neutral,0.0,neutral,0.0,neutral,0
11410,neutral,neutral,0.0,neutral,0.0,neutral,0
11411,neutral,neutral,0.0,neutral,0.0,neutral,0
11412,neutral,neutral,0.0,neutral,0.0,neutral,0
11413,neutral,neutral,0.0,neutral,0.0,neutral,0
11414,neutral,neutral,0.0,neutral,0.0,neutral,0
11415,neutral,neutral,0.0,neutral,0.0,neutral,0
11416,neutral,neutral,0.0,neutral,0.0,neutral,0
11417,neutral,neutral,0.0,neutral,0.0,neutral,0
11418,neutral,neutral,0.0,neutral,0.0,neutral,0
11419,neutral,neutral,0.0,neutral,0.0,neutral,0
11420,neutral,neutral,0.0,neutral,0.0,neutral,0
11421,neutral,neutral,0.0,neutral,0.0,neutral,0
11422,neutral,neutral,0.0,neutral,0.0,neutral,0
11423,neutral,neutral,0.0,neutral,0.0,neutral,0
11424,neutral,neutral,0.0,neutral,0.0,neutral,0
11425,neutral,neutral,0.0,neutral,0.0,neutral,0
11426,neutral,neutral,0.0,neutral,0.0,neutral,0
11427,neutral,neutral,0.0,neutral,0.0,neutral,0
11428,neutral,neutral,0.0,neutral,0.0,neutral,0
11429,neutral,neutral,0.0,neutral,0.0,neutral,0
11430,neutral,neutral,0.0,neutral,0.0,neutral,0
11431,neutral,neutral,0.0,neutral,0.0,neutral,0
11432,neutral,neutral,0.0,neutral,0.0,neutral,0
11433,neutral,neutral,0.0,neutral,0.0,neutral,0
11434,neutral,neutral,0.0,neutral,0.0,neutral,0
11435,neutral,neutral,0.0,neutral,0.0,neutral,0
11436,neutral,neutral,0.0,neutral,0.0,neutral,0
11437,neutral,neutral,0.0,neutral,0.0,neutral,0
11438,neutral,neutral,0.0,neutral,0.0,neutral,0
11439,neutral,neutral,0.0,neutral,0.0,neutral,0
11440,neutral,neutral,0.0,neutral,0.0,neutral,0
11441,neutral,neutral,0.0,neutral,0.0,neutral,0
11442,neutral,neutral,0.0,neutral,0.0,neutral,0
11443,neutral,neutral,0.0,neutral,0.0,neutral,0
11444,neutral,neutral,0.0,neutral,0.0,neutral,0
11445,neutral,neutral,0.0,neutral,0.0,neutral,0
11446,neutral,neutral,0.0,neutral,0.0,neutral,0
11447,neutral,neutral,0.0,neutral,0.0,neutral,0
11448,neutral,neutral,0.0,neutral,0.0,neutral,0
11449,neutral,neutral,0.0,neutral,0.0,neutral,0
11450,neutral,neutral,0.0,neutral,0.0,neutral,0
11451,neutral,neutral,0.0,neutral,0.0,neutral,0
11452,neutral,neutral,0.0,neutral,0.0,neutral,0
11453,neutral,neutral,0.0,neutral,0.0,neutral,0
11454,neutral,neutral,0.0,neutral,0.0,neutral,0
11455,neutral,neutral,0.0,neutral,0.0,neutral,0
11456,neutral,neutral,0.0,neutral,0.0,neutral,0
11457,neutral,neutral,0.0,neutral,0.0,neutral,0
11458,neutral,neutral,0.0,neutral,0.0,neutral,0
11459,neutral,neutral,0.0,neutral,0.0,neutral,0
11460,neutral,neutral,0.0,neutral,0.0,neutral,0
11461,neutral,neutral,0.0,neutral,0.0,neutral,0
11462,neutral,neutral,0.0,neutral,0.0,neutral,0
11463,neutral,neutral,0.0,neutral,0.0,neutral,0
11464,neutral,neutral,0.0,neutral,0.0,neutral,0
11465,neutral,neutral,0.0,neutral,0.0,neutral,0
11466,neutral,neutral,0.0,neutral,0.0,neutral,0
11467,neutral,neutral,0.0,neutral,0.0,neutral,0
11468,neutral,neutral,0.0,neutral,0.0,neutral,0
11469,neutral,neutral,0.0,neutral,0.0,neutral,0
11470,neutral,neutral,0.0,neutral,0.0,neutral,0
11471,neutral,neutral,0.0,neutral,0.0,neutral,0
11472,neutral,neutral,0.0,neutral,0.0,neutral,0
11473,neutral,neutral,0.0,neutral,0.0,neutral,0
11474,neutral,neutral,0.0,neutral,0.0,neutral,0
11475,neutral,neutral,0.0,neutral,0.0,neutral,0
11476,neutral,neutral,0.0,neutral,0.0,neutral,0
11477,neutral,neutral,0.0,neutral,0.0,neutral,0
11478,neutral,neutral,0.0,neutral,0.0,neutral,0
11479,neutral,neutral,0.0,neutral,0.0,neutral,0
11480,neutral,neutral,0.0,neutral,0.0,neutral,0
11481,neutral,neutral,0.0,neutral,0.0,neutral,0
11482,neutral,neutral,0.0,neutral,0.0,neutral,0
11483,neutral,neutral,0.0,neutral,0.0,neutral,0
11484,neutral,neutral,0.0,neutral,0.0,neutral,0
11485,neutral,neutral,0.0,neutral,0.0,neutral,0
11486,neutral,neutral,0.0,neutral,0.0,neutral,0
11487,neutral,neutral,0.0,neutral,0.0,neutral,0
11488,neutral,neutral,0.0,neutral,0.0,neutral,0
11489,neutral,neutral,0.0,neutral,0.0,neutral,0
11490,neutral,neutral,0.0,neutral,0.0,neutral,0
11491,neutral,neutral,0.0,neutral,0.0,neutral,0
11492,neutral,neutral,0.0,neutral,0.0,neutral,0
11493,neutral,neutral,0.0,neutral,0.0,neutral,0
11494,neutral,neutral,0.0,neutral,0.0,neutral,0
11495,neutral,neutral,0.0,neutral,0.0,neutral,0
11496,neutral,neutral,0.0,neutral,0.0,neutral,0
11497,neutral,neutral,0.0,neutral,0.0,neutral,0
11498,neutral,neutral,0.0,neutral,0.0,neutral,0
11499,neutral,neutral,0.0,neutral,0.0,neutral,0
11500,neutral,neutral,0.0,neutral,0.0,neutral,0
11501,neutral,neutral,0.0,neutral,0.0,neutral,0
11502,neutral,neutral,0.0,neutral,0.0,neutral,0
11503,neutral,neutral,0.0,neutral,0.0,neutral,0
11504,neutral,neutral,0.0,neutral,0.0,neutral,0
11505,neutral,neutral,0.0,neutral,0.0,neutral,0
11506,neutral,neutral,0.0,neutral,0.0,neutral,0
11507,neutral,neutral,0.0,neutral,0.0,neutral,0
11508,neutral,neutral,0.0,neutral,0.0,neutral,0
11509,neutral,neutral,0.0,neutral,0.0,neutral,0
11510,neutral,neutral,0.0,neutral,0.0,neutral,0
11511,neutral,neutral,0.0,neutral,0.0,neutral,0
11512,neutral,neutral,0.0,neutral,0.0,neutral,0
11513,neutral,neutral,0.0,neutral,0.0,neutral,0
11514,neutral,neutral,0.0,neutral,0.0,neutral,0
11515,neutral,neutral,0.0,neutral,0.0,neutral,0
11516,neutral,neutral,0.0,neutral,0.0,neutral,0
11517,neutral,neutral,0.0,neutral,0.0,neutral,0
11518,neutral,neutral,0.0,neutral,0.0,neutral,0
11519,neutral,neutral,0.0,neutral,0.0,neutral,0
11520,neutral,neutral,0.0,neutral,0.0,neutral,0
11521,neutral,neutral,0.0,neutral,0.0,neutral,0
11522,neutral,neutral,0.0,neutral,0.0,neutral,0
11523,neutral,neutral,0.0,neutral,0.0,neutral,0
11524,neutral,neutral,0.0,neutral,0.0,neutral,0
11525,neutral,neutral,0.0,neutral,0.0,neutral,0
11526,neutral,neutral,0.0,neutral,0.0,neutral,0
11527,neutral,neutral,0.0,neutral,0.0,neutral,0
11528,neutral,neutral,0.0,neutral,0.0,neutral,0
11529,neutral,neutral,0.0,neutral,0.0,neutral,0
11530,neutral,neutral,0.0,neutral,0.0,neutral,0
11531,neutral,neutral,0.0,neutral,0.0,neutral,0
11532,neutral,neutral,0.0,neutral,0.0,neutral,0
11533,neutral,neutral,0.0,neutral,0.0,neutral,0
11534,neutral,neutral,0.0,neutral,0.0,neutral,0
11535,neutral,neutral,0.0,neutral,0.0,neutral,0
11536,neutral,neutral,0.0,neutral,0.0,neutral,0
11537,neutral,neutral,0.0,neutral,0.0,neutral,0
11538,neutral,neutral,0.0,neutral,0.0,neutral,0
11539,neutral,neutral,0.0,neutral,0.0,neutral,0
11540,neutral,neutral,0.0,neutral,0.0,neutral,0
11541,neutral,neutral,0.0,neutral,0.0,neutral,0
11542,neutral,neutral,0.0,neutral,0.0,neutral,0
11543,neutral,neutral,0.0,neutral,0.0,neutral,0
11544,neutral,neutral,0.0,neutral,0.0,neutral,0
11545,neutral,neutral,0.0,neutral,0.0,neutral,0
11546,neutral,neutral,0.0,neutral,0.0,neutral,0
11547,neutral,neutral,0.0,neutral,0.0,neutral,0
11548,neutral,neutral,0.0,neutral,0.0,neutral,0
11549,neutral,neutral,0.0,neutral,0.0,neutral,0
11550,neutral,neutral,0.0,neutral,0.0,neutral,0
11551,neutral,neutral,0.0,neutral,0.0,neutral,0
11552,neutral,neutral,0.0,neutral,0.0,neutral,0
11553,neutral,neutral,0.0,neutral,0.0,neutral,0
11554,neutral,neutral,0.0,neutral,0.0,neutral,0
11555,neutral,neutral,0.0,neutral,0.0,neutral,0
11556,neutral,neutral,0.0,neutral,0.0,neutral,0
11557,neutral,neutral,0.0,neutral,0.0,neutral,0
11558,neutral,neutral,0.0,neutral,0.0,neutral,0
11559,neutral,neutral,0.0,neutral,0.0,neutral,0
11560,neutral,neutral,0.0,neutral,0.0,neutral,0
11561,neutral,neutral,0.0,neutral,0.0,neutral,0
11562,neutral,neutral,0.0,neutral,0.0,neutral,0
11563,neutral,neutral,0.0,neutral,0.0,neutral,0
11564,neutral,neutral,0.0,neutral,0.0,neutral,0
11565,neutral,neutral,0.0,neutral,0.0,neutral,0
11566,neutral,neutral,0.0,neutral,0.0,neutral,0
11567,neutral,neutral,0.0,neutral,0.0,neutral,0
11568,neutral,neutral,0.0,neutral,0.0,neutral,0
11569,neutral,neutral,0.0,neutral,0.0,neutral,0
11570,neutral,neutral,0.0,neutral,0.0,neutral,0
11571,neutral,neutral,0.0,neutral,0.0,neutral,0
11572,neutral,neutral,0.0,neutral,0.0,neutral,0
11573,neutral,neutral,0.0,neutral,0.0,neutral,0
11574,neutral,neutral,0.0,neutral,0.0,neutral,0
11575,neutral,neutral,0.0,neutral,0.0,neutral,0
11576,neutral,neutral,0.0,neutral,0.0,neutral,0
11577,neutral,neutral,0.0,neutral,0.0,neutral,0
11578,neutral,neutral,0.0,neutral,0.0,neutral,0
11579,neutral,neutral,0.0,neutral,0.0,neutral,0
11580,neutral,neutral,0.0,neutral,0.0,neutral,0
11581,neutral,neutral,0.0,neutral,0.0,neutral,0
11582,neutral,neutral,0.0,neutral,0.0,neutral,0
11583,neutral,neutral,0.0,neutral,0.0,neutral,0
11584,neutral,neutral,0.0,neutral,0.0,neutral,0
11585,neutral,neutral,0.0,neutral,0.0,neutral,0
11586,neutral,neutral,0.0,neutral,0.0,neutral,0
11587,neutral,neutral,0.0,neutral,0.0,neutral,0
11588,neutral,neutral,0.0,neutral,0.0,neutral,0
11589,neutral,neutral,0.0,neutral,0.0,neutral,0
11590,neutral,neutral,0.0,neutral,0.0,neutral,0
11591,neutral,neutral,0.0,neutral,0.0,neutral,0
11592,neutral,neutral,0.0,neutral,0.0,neutral,0
11593,neutral,neutral,0.0,neutral,0.0,neutral,0
11594,neutral,neutral,0.0,neutral,0.0,neutral,0
11595,neutral,neutral,0.0,neutral,0.0,neutral,0
11596,neutral,neutral,0.0,neutral,0.0,neutral,0
11597,neutral,neutral,0.0,neutral,0.0,neutral,0
11598,neutral,neutral,0.0,neutral,0.0,neutral,0
11599,neutral,neutral,0.0,neutral,0.0,neutral,0
11600,neutral,neutral,0.0,neutral,0.0,neutral,0
11601,neutral,neutral,0.0,neutral,0.0,neutral,0
11602,neutral,neutral,0.0,neutral,0.0,neutral,0
11603,neutral,neutral,0.0,neutral,0.0,neutral,0
11604,neutral,neutral,0.0,neutral,0.0,neutral,0
11605,neutral,neutral,0.0,neutral,0.0,neutral,0
11606,neutral,neutral,0.0,neutral,0.0,neutral,0
11607,neutral,neutral,0.0,neutral,0.0,neutral,0
11608,neutral,neutral,0.0,neutral,0.0,neutral,0
11609,neutral,neutral,0.0,neutral,0.0,neutral,0
11610,neutral,neutral,0.0,neutral,0.0,neutral,0
11611,neutral,neutral,0.0,neutral,0.0,neutral,0
11612,neutral,neutral,0.0,neutral,0.0,neutral,0
11613,neutral,neutral,0.0,neutral,0.0,neutral,0
11614,neutral,neutral,0.0,neutral,0.0,neutral,0
11615,neutral,neutral,0.0,neutral,0.0,neutral,0
11616,neutral,neutral,0.0,neutral,0.0,neutral,0
11617,neutral,neutral,0.0,neutral,0.0,neutral,0
11618,neutral,neutral,0.0,neutral,0.0,neutral,0
11619,neutral,neutral,0.0,neutral,0.0,neutral,0
11620,neutral,neutral,0.0,neutral,0.0,neutral,0
11621,neutral,neutral,0.0,neutral,0.0,neutral,0
11622,neutral,neutral,0.0,neutral,0.0,neutral,0
11623,neutral,neutral,0.0,neutral,0.0,neutral,0
11624,neutral,neutral,0.0,neutral,0.0,neutral,0
11625,neutral,neutral,0.0,neutral,0.0,neutral,0
11626,neutral,neutral,0.0,neutral,0.0,neutral,0
11627,neutral,neutral,0.0,neutral,0.0,neutral,0
11628,neutral,neutral,0.0,neutral,0.0,neutral,0
11629,neutral,neutral,0.0,neutral,0.0,neutral,0
11630,neutral,neutral,0.0,neutral,0.0,neutral,0
11631,neutral,neutral,0.0,neutral,0.0,neutral,0
11632,neutral,neutral,0.0,neutral,0.0,neutral,0
11633,neutral,neutral,0.0,neutral,0.0,neutral,0
11634,neutral,neutral,0.0,neutral,0.0,neutral,0
11635,neutral,neutral,0.0,neutral,0.0,neutral,0
11636,neutral,neutral,0.0,neutral,0.0,neutral,0
11637,neutral,neutral,0.0,neutral,0.0,neutral,0
11638,neutral,neutral,0.0,neutral,0.0,neutral,0
11639,neutral,neutral,0.0,neutral,0.0,neutral,0
11640,neutral,neutral,0.0,neutral,0.0,neutral,0
11641,neutral,neutral,0.0,neutral,0.0,neutral,0
11642,neutral,neutral,0.0,neutral,0.0,neutral,0
11643,neutral,neutral,0.0,neutral,0.0,neutral,0
11644,neutral,neutral,0.0,neutral,0.0,neutral,0
11645,neutral,neutral,0.0,neutral,0.0,neutral,0
11646,neutral,neutral,0.0,neutral,0.0,neutral,0
11647,neutral,neutral,0.0,neutral,0.0,neutral,0
11648,neutral,neutral,0.0,neutral,0.0,neutral,0
11649,neutral,neutral,0.0,neutral,0.0,neutral,0
11650,neutral,neutral,0.0,neutral,0.0,neutral,0
11651,neutral,neutral,0.0,neutral,0.0,neutral,0
11652,neutral,neutral,0.0,neutral,0.0,neutral,0
11653,neutral,neutral,0.0,neutral,0.0,neutral,0
11654,neutral,neutral,0.0,neutral,0.0,neutral,0
11655,neutral,neutral,0.0,neutral,0.0,neutral,0
11656,neutral,neutral,0.0,neutral,0.0,neutral,0
11657,neutral,neutral,0.0,neutral,0.0,neutral,0
11658,neutral,neutral,0.0,neutral,0.0,neutral,0
11659,neutral,neutral,0.0,neutral,0.0,neutral,0
11660,neutral,neutral,0.0,neutral,0.0,neutral,0
11661,neutral,neutral,0.0,neutral,0.0,neutral,0
11662,neutral,neutral,0.0,neutral,0.0,neutral,0
11663,neutral,neutral,0.0,neutral,0.0,neutral,0
11664,neutral,neutral,0.0,neutral,0.0,neutral,0
11665,neutral,neutral,0.0,neutral,0.0,neutral,0
11666,neutral,neutral,0.0,neutral,0.0,neutral,0
11667,neutral,neutral,0.0,neutral,0.0,neutral,0
11668,neutral,neutral,0.0,neutral,0.0,neutral,0
11669,neutral,neutral,0.0,neutral,0.0,neutral,0
11670,neutral,neutral,0.0,neutral,0.0,neutral,0
11671,neutral,neutral,0.0,neutral,0.0,neutral,0
11672,neutral,neutral,0.0,neutral,0.0,neutral,0
11673,neutral,neutral,0.0,neutral,0.0,neutral,0
11674,neutral,neutral,0.0,neutral,0.0,neutral,0
11675,neutral,neutral,0.0,neutral,0.0,neutral,0
11676,neutral,neutral,0.0,neutral,0.0,neutral,0
11677,neutral,neutral,0.0,neutral,0.0,neutral,0
11678,neutral,neutral,0.0,neutral,0.0,neutral,0
11679,neutral,neutral,0.0,neutral,0.0,neutral,0
11680,neutral,neutral,0.0,neutral,0.0,neutral,0
11681,neutral,neutral,0.0,neutral,0.0,neutral,0
11682,neutral,neutral,0.0,neutral,0.0,neutral,0
11683,neutral,neutral,0.0,neutral,0.0,neutral,0
11684,neutral,neutral,0.0,neutral,0.0,neutral,0
11685,neutral,neutral,0.0,neutral,0.0,neutral,0
11686,neutral,neutral,0.0,neutral,0.0,neutral,0
11687,neutral,neutral,0.0,neutral,0.0,neutral,0
11688,neutral,neutral,0.0,neutral,0.0,neutral,0
11689,neutral,neutral,0.0,neutral,0.0,neutral,0
11690,neutral,neutral,0.0,neutral,0.0,neutral,0
11691,neutral,neutral,0.0,neutral,0.0,neutral,0
11692,neutral,neutral,0.0,neutral,0.0,neutral,0
11693,neutral,neutral,0.0,neutral,0.0,neutral,0
11694,neutral,neutral,0.0,neutral,0.0,neutral,0
11695,neutral,neutral,0.0,neutral,0.0,neutral,0
11696,neutral,neutral,0.0,neutral,0.0,neutral,0
11697,neutral,neutral,0.0,neutral,0.0,neutral,0
11698,neutral,neutral,0.0,neutral,0.0,neutral,0
11699,neutral,neutral,0.0,neutral,0.0,neutral,0
11700,neutral,neutral,0.0,neutral,0.0,neutral,0
11701,neutral,neutral,0.0,neutral,0.0,neutral,0
11702,neutral,neutral,0.0,neutral,0.0,neutral,0
11703,neutral,neutral,0.0,neutral,0.0,neutral,0
11704,neutral,neutral,0.0,neutral,0.0,neutral,0
11705,neutral,neutral,0.0,neutral,0.0,neutral,0
11706,neutral,neutral,0.0,neutral,0.0,neutral,0
11707,neutral,neutral,0.0,neutral,0.0,neutral,0
11708,neutral,neutral,0.0,neutral,0.0,neutral,0
11709,neutral,neutral,0.0,neutral,0.0,neutral,0
11710,neutral,neutral,0.0,neutral,0.0,neutral,0
11711,neutral,neutral,0.0,neutral,0.0,neutral,0
11712,neutral,neutral,0.0,neutral,0.0,neutral,0
11713,neutral,neutral,0.0,neutral,0.0,neutral,0
11714,neutral,neutral,0.0,neutral,0.0,neutral,0
11715,neutral,neutral,0.0,neutral,0.0,neutral,0
11716,neutral,neutral,0.0,neutral,0.0,neutral,0
11717,neutral,neutral,0.0,neutral,0.0,neutral,0
11718,neutral,neutral,0.0,neutral,0.0,neutral,0
11719,neutral,neutral,0.0,neutral,0.0,neutral,0
11720,neutral,neutral,0.0,neutral,0.0,neutral,0
11721,neutral,neutral,0.0,neutral,0.0,neutral,0
11722,neutral,neutral,0.0,neutral,0.0,neutral,0
11723,neutral,neutral,0.0,neutral,0.0,neutral,0
11724,neutral,neutral,0.0,neutral,0.0,neutral,0
11725,neutral,neutral,0.0,neutral,0.0,neutral,0
11726,neutral,neutral,0.0,neutral,0.0,neutral,0
11727,neutral,neutral,0.0,neutral,0.0,neutral,0
11728,neutral,neutral,0.0,neutral,0.0,neutral,0
11729,neutral,neutral,0.0,neutral,0.0,neutral,0
11730,neutral,neutral,0.0,neutral,0.0,neutral,0
11731,neutral,neutral,0.0,neutral,0.0,neutral,0
11732,neutral,neutral,0.0,neutral,0.0,neutral,0
11733,neutral,neutral,0.0,neutral,0.0,neutral,0
11734,neutral,neutral,0.0,neutral,0.0,neutral,0
11735,neutral,neutral,0.0,neutral,0.0,neutral,0
11736,neutral,neutral,0.0,neutral,0.0,neutral,0
11737,neutral,neutral,0.0,neutral,0.0,neutral,0
11738,neutral,neutral,0.0,neutral,0.0,neutral,0
11739,neutral,neutral,0.0,neutral,0.0,neutral,0
11740,neutral,neutral,0.0,neutral,0.0,neutral,0
11741,neutral,neutral,0.0,neutral,0.0,neutral,0
11742,neutral,neutral,0.0,neutral,0.0,neutral,0
11743,neutral,neutral,0.0,neutral,0.0,neutral,0
11744,neutral,neutral,0.0,neutral,0.0,neutral,0
11745,neutral,neutral,0.0,neutral,0.0,neutral,0
11746,neutral,neutral,0.0,neutral,0.0,neutral,0
11747,neutral,neutral,0.0,neutral,0.0,neutral,0
11748,neutral,neutral,0.0,neutral,0.0,neutral,0
11749,neutral,neutral,0.0,neutral,0.0,neutral,0
11750,neutral,neutral,0.0,neutral,0.0,neutral,0
11751,neutral,neutral,0.0,neutral,0.0,neutral,0
11752,neutral,neutral,0.0,neutral,0.0,neutral,0
11753,neutral,neutral,0.0,neutral,0.0,neutral,0
11754,neutral,neutral,0.0,neutral,0.0,neutral,0
11755,neutral,neutral,0.0,neutral,0.0,neutral,0
11756,neutral,neutral,0.0,neutral,0.0,neutral,0
11757,neutral,neutral,0.0,neutral,0.0,neutral,0
11758,neutral,neutral,0.0,neutral,0.0,neutral,0
11759,neutral,neutral,0.0,neutral,0.0,neutral,0
11760,neutral,neutral,0.0,neutral,0.0,neutral,0
11761,neutral,neutral,0.0,neutral,0.0,neutral,0
11762,neutral,neutral,0.0,neutral,0.0,neutral,0
11763,neutral,neutral,0.0,neutral,0.0,neutral,0
11764,neutral,neutral,0.0,neutral,0.0,neutral,0
11765,neutral,neutral,0.0,neutral,0.0,neutral,0
11766,neutral,neutral,0.0,neutral,0.0,neutral,0
11767,neutral,neutral,0.0,neutral,0.0,neutral,0
11768,neutral,neutral,0.0,neutral,0.0,neutral,0
11769,neutral,neutral,0.0,neutral,0.0,neutral,0
11770,neutral,neutral,0.0,neutral,0.0,neutral,0
11771,neutral,neutral,0.0,neutral,0.0,neutral,0
11772,neutral,neutral,0.0,neutral,0.0,neutral,0
11773,neutral,neutral,0.0,neutral,0.0,neutral,0
11774,neutral,neutral,0.0,neutral,0.0,neutral,0
11775,neutral,neutral,0.0,neutral,0.0,neutral,0
11776,neutral,neutral,0.0,neutral,0.0,neutral,0
11777,neutral,neutral,0.0,neutral,0.0,neutral,0
11778,neutral,neutral,0.0,neutral,0.0,neutral,0
11779,neutral,neutral,0.0,neutral,0.0,neutral,0
11780,neutral,neutral,0.0,neutral,0.0,neutral,0
11781,neutral,neutral,0.0,neutral,0.0,neutral,0
11782,neutral,neutral,0.0,neutral,0.0,neutral,0
11783,neutral,neutral,0.0,neutral,0.0,neutral,0
11784,neutral,neutral,0.0,neutral,0.0,neutral,0
11785,neutral,neutral,0.0,neutral,0.0,neutral,0
11786,neutral,neutral,0.0,neutral,0.0,neutral,0
11787,neutral,neutral,0.0,neutral,0.0,neutral,0
11788,neutral,neutral,0.0,neutral,0.0,neutral,0
11789,neutral,neutral,0.0,neutral,0.0,neutral,0
11790,neutral,neutral,0.0,neutral,0.0,neutral,0
11791,neutral,neutral,0.0,neutral,0.0,neutral,0
11792,neutral,neutral,0.0,neutral,0.0,neutral,0
11793,neutral,neutral,0.0,neutral,0.0,neutral,0
11794,neutral,neutral,0.0,neutral,0.0,neutral,0
11795,neutral,neutral,0.0,neutral,0.0,neutral,0
11796,neutral,neutral,0.0,neutral,0.0,neutral,0
11797,neutral,neutral,0.0,neutral,0.0,neutral,0
11798,neutral,neutral,0.0,neutral,0.0,neutral,0
11799,neutral,neutral,0.0,neutral,0.0,neutral,0
11800,neutral,neutral,0.0,neutral,0.0,neutral,0
11801,neutral,neutral,0.0,neutral,0.0,neutral,0
11802,neutral,neutral,0.0,neutral,0.0,neutral,0
11803,neutral,neutral,0.0,neutral,0.0,neutral,0
11804,neutral,neutral,0.0,neutral,0.0,neutral,0
11805,neutral,neutral,0.0,neutral,0.0,neutral,0
11806,neutral,neutral,0.0,neutral,0.0,neutral,0
11807,neutral,neutral,0.0,neutral,0.0,neutral,0
11808,neutral,neutral,0.0,neutral,0.0,neutral,0
11809,neutral,neutral,0.0,neutral,0.0,neutral,0
11810,neutral,neutral,0.0,neutral,0.0,neutral,0
11811,neutral,neutral,0.0,neutral,0.0,neutral,0
11812,neutral,neutral,0.0,neutral,0.0,neutral,0
11813,neutral,neutral,0.0,neutral,0.0,neutral,0
11814,neutral,neutral,0.0,neutral,0.0,neutral,0
11815,neutral,neutral,0.0,neutral,0.0,neutral,0
11816,neutral,neutral,0.0,neutral,0.0,neutral,0
11817,neutral,neutral,0.0,neutral,0.0,neutral,0
11818,neutral,neutral,0.0,neutral,0.0,neutral,0
11819,neutral,neutral,0.0,neutral,0.0,neutral,0
11820,neutral,neutral,0.0,neutral,0.0,neutral,0
11821,neutral,neutral,0.0,neutral,0.0,neutral,0
11822,neutral,neutral,0.0,neutral,0.0,neutral,0
11823,neutral,neutral,0.0,neutral,0.0,neutral,0
11824,neutral,neutral,0.0,neutral,0.0,neutral,0
11825,neutral,neutral,0.0,neutral,0.0,neutral,0
11826,neutral,neutral,0.0,neutral,0.0,neutral,0
11827,neutral,neutral,0.0,neutral,0.0,neutral,0
11828,neutral,neutral,0.0,neutral,0.0,neutral,0
11829,neutral,neutral,0.0,neutral,0.0,neutral,0
11830,neutral,neutral,0.0,neutral,0.0,neutral,0
11831,neutral,neutral,0.0,neutral,0.0,neutral,0
11832,neutral,neutral,0.0,neutral,0.0,neutral,0
11833,neutral,neutral,0.0,neutral,0.0,neutral,0
11834,neutral,neutral,0.0,neutral,0.0,neutral,0
11835,neutral,neutral,0.0,neutral,0.0,neutral,0
11836,neutral,neutral,0.0,neutral,0.0,neutral,0
11837,neutral,neutral,0.0,neutral,0.0,neutral,0
11838,neutral,neutral,0.0,neutral,0.0,neutral,0
11839,neutral,neutral,0.0,neutral,0.0,neutral,0
11840,neutral,neutral,0.0,neutral,0.0,neutral,0
11841,neutral,neutral,0.0,neutral,0.0,neutral,0
11842,neutral,neutral,0.0,neutral,0.0,neutral,0
11843,neutral,neutral,0.0,neutral,0.0,neutral,0
11844,neutral,neutral,0.0,neutral,0.0,neutral,0
11845,neutral,neutral,0.0,neutral,0.0,neutral,0
11846,neutral,neutral,0.0,neutral,0.0,neutral,0
11847,neutral,neutral,0.0,neutral,0.0,neutral,0
11848,neutral,neutral,0.0,neutral,0.0,neutral,0
11849,neutral,neutral,0.0,neutral,0.0,neutral,0
11850,neutral,neutral,0.0,neutral,0.0,neutral,0
11851,neutral,neutral,0.0,neutral,0.0,neutral,0
11852,neutral,neutral,0.0,neutral,0.0,neutral,0
11853,neutral,neutral,0.0,neutral,0.0,neutral,0
11854,neutral,neutral,0.0,neutral,0.0,neutral,0
11855,neutral,neutral,0.0,neutral,0.0,neutral,0
11856,neutral,neutral,0.0,neutral,0.0,neutral,0
11857,neutral,neutral,0.0,neutral,0.0,neutral,0
11858,neutral,neutral,0.0,neutral,0.0,neutral,0
11859,neutral,neutral,0.0,neutral,0.0,neutral,0
11860,neutral,neutral,0.0,neutral,0.0,neutral,0
11861,neutral,neutral,0.0,neutral,0.0,neutral,0
11862,neutral,neutral,0.0,neutral,0.0,neutral,0
11863,neutral,neutral,0.0,neutral,0.0,neutral,0
11864,neutral,neutral,0.0,neutral,0.0,neutral,0
11865,neutral,neutral,0.0,neutral,0.0,neutral,0
11866,neutral,neutral,0.0,neutral,0.0,neutral,0
11867,neutral,neutral,0.0,neutral,0.0,neutral,0
11868,neutral,neutral,0.0,neutral,0.0,neutral,0
11869,neutral,neutral,0.0,neutral,0.0,neutral,0
11870,neutral,neutral,0.0,neutral,0.0,neutral,0
11871,neutral,neutral,0.0,neutral,0.0,neutral,0
11872,neutral,neutral,0.0,neutral,0.0,neutral,0
11873,neutral,neutral,0.0,neutral,0.0,neutral,0
11874,neutral,neutral,0.0,neutral,0.0,neutral,0
11875,neutral,neutral,0.0,neutral,0.0,neutral,0
11876,neutral,neutral,0.0,neutral,0.0,neutral,0
11877,neutral,neutral,0.0,neutral,0.0,neutral,0
11878,neutral,neutral,0.0,neutral,0.0,neutral,0
11879,neutral,neutral,0.0,neutral,0.0,neutral,0
11880,neutral,neutral,0.0,neutral,0.0,neutral,0
11881,neutral,neutral,0.0,neutral,0.0,neutral,0
11882,neutral,neutral,0.0,neutral,0.0,neutral,0
11883,neutral,neutral,0.0,neutral,0.0,neutral,0
11884,neutral,neutral,0.0,neutral,0.0,neutral,0
11885,neutral,neutral,0.0,neutral,0.0,neutral,0
11886,neutral,neutral,0.0,neutral,0.0,neutral,0
11887,neutral,neutral,0.0,neutral,0.0,neutral,0
11888,neutral,neutral,0.0,neutral,0.0,neutral,0
11889,neutral,neutral,0.0,neutral,0.0,neutral,0
11890,neutral,neutral,0.0,neutral,0.0,neutral,0
11891,neutral,neutral,0.0,neutral,0.0,neutral,0
11892,neutral,neutral,0.0,neutral,0.0,neutral,0
11893,neutral,neutral,0.0,neutral,0.0,neutral,0
11894,neutral,neutral,0.0,neutral,0.0,neutral,0
11895,neutral,neutral,0.0,neutral,0.0,neutral,0
11896,neutral,neutral,0.0,neutral,0.0,neutral,0
11897,neutral,neutral,0.0,neutral,0.0,neutral,0
11898,neutral,neutral,0.0,neutral,0.0,neutral,0
11899,neutral,neutral,0.0,neutral,0.0,neutral,0
11900,neutral,neutral,0.0,neutral,0.0,neutral,0
11901,neutral,neutral,0.0,neutral,0.0,neutral,0
11902,neutral,neutral,0.0,neutral,0.0,neutral,0
11903,neutral,neutral,0.0,neutral,0.0,neutral,0
11904,neutral,neutral,0.0,neutral,0.0,neutral,0
11905,neutral,neutral,0.0,neutral,0.0,neutral,0
11906,neutral,neutral,0.0,neutral,0.0,neutral,0
11907,neutral,neutral,0.0,neutral,0.0,neutral,0
11908,neutral,neutral,0.0,neutral,0.0,neutral,0
11909,neutral,neutral,0.0,neutral,0.0,neutral,0
11910,neutral,neutral,0.0,neutral,0.0,neutral,0
11911,neutral,neutral,0.0,neutral,0.0,neutral,0
11912,neutral,neutral,0.0,neutral,0.0,neutral,0
11913,neutral,neutral,0.0,neutral,0.0,neutral,0
11914,neutral,neutral,0.0,neutral,0.0,neutral,0
11915,neutral,neutral,0.0,neutral,0.0,neutral,0
11916,neutral,neutral,0.0,neutral,0.0,neutral,0
11917,neutral,neutral,0.0,neutral,0.0,neutral,0
11918,neutral,neutral,0.0,neutral,0.0,neutral,0
11919,neutral,neutral,0.0,neutral,0.0,neutral,0
11920,neutral,neutral,0.0,neutral,0.0,neutral,0
11921,neutral,neutral,0.0,neutral,0.0,neutral,0
11922,neutral,neutral,0.0,neutral,0.0,neutral,0
11923,neutral,neutral,0.0,neutral,0.0,neutral,0
11924,neutral,neutral,0.0,neutral,0.0,neutral,0
11925,neutral,neutral,0.0,neutral,0.0,neutral,0
11926,neutral,neutral,0.0,neutral,0.0,neutral,0
11927,neutral,neutral,0.0,neutral,0.0,neutral,0
11928,neutral,neutral,0.0,neutral,0.0,neutral,0
11929,neutral,neutral,0.0,neutral,0.0,neutral,0
11930,neutral,neutral,0.0,neutral,0.0,neutral,0
11931,neutral,neutral,0.0,neutral,0.0,neutral,0
11932,neutral,neutral,0.0,neutral,0.0,neutral,0
11933,neutral,neutral,0.0,neutral,0.0,neutral,0
11934,neutral,neutral,0.0,neutral,0.0,neutral,0
11935,neutral,neutral,0.0,neutral,0.0,neutral,0
11936,neutral,neutral,0.0,neutral,0.0,neutral,0
11937,neutral,neutral,0.0,neutral,0.0,neutral,0
11938,neutral,neutral,0.0,neutral,0.0,neutral,0
11939,neutral,neutral,0.0,neutral,0.0,neutral,0
11940,neutral,neutral,0.0,neutral,0.0,neutral,0
11941,neutral,neutral,0.0,neutral,0.0,neutral,0
11942,neutral,neutral,0.0,neutral,0.0,neutral,0
11943,neutral,neutral,0.0,neutral,0.0,neutral,0
11944,neutral,neutral,0.0,neutral,0.0,neutral,0
11945,neutral,neutral,0.0,neutral,0.0,neutral,0
11946,neutral,neutral,0.0,neutral,0.0,neutral,0
11947,neutral,neutral,0.0,neutral,0.0,neutral,0
11948,neutral,neutral,0.0,neutral,0.0,neutral,0
11949,neutral,neutral,0.0,neutral,0.0,neutral,0
11950,neutral,neutral,0.0,neutral,0.0,neutral,0
11951,neutral,neutral,0.0,neutral,0.0,neutral,0
11952,neutral,neutral,0.0,neutral,0.0,neutral,0
11953,neutral,neutral,0.0,neutral,0.0,neutral,0
11954,neutral,neutral,0.0,neutral,0.0,neutral,0
11955,neutral,neutral,0.0,neutral,0.0,neutral,0
11956,neutral,neutral,0.0,neutral,0.0,neutral,0
11957,neutral,neutral,0.0,neutral,0.0,neutral,0
11958,neutral,neutral,0.0,neutral,0.0,neutral,0
11959,neutral,neutral,0.0,neutral,0.0,neutral,0
11960,neutral,neutral,0.0,neutral,0.0,neutral,0
11961,neutral,neutral,0.0,neutral,0.0,neutral,0
11962,neutral,neutral,0.0,neutral,0.0,neutral,0
11963,neutral,neutral,0.0,neutral,0.0,neutral,0
11964,neutral,neutral,0.0,neutral,0.0,neutral,0
11965,neutral,neutral,0.0,neutral,0.0,neutral,0
11966,neutral,neutral,0.0,neutral,0.0,neutral,0
11967,neutral,neutral,0.0,neutral,0.0,neutral,0
11968,neutral,neutral,0.0,neutral,0.0,neutral,0
11969,neutral,neutral,0.0,neutral,0.0,neutral,0
11970,neutral,neutral,0.0,neutral,0.0,neutral,0
11971,neutral,neutral,0.0,neutral,0.0,neutral,0
11972,neutral,neutral,0.0,neutral,0.0,neutral,0
11973,neutral,neutral,0.0,neutral,0.0,neutral,0
11974,neutral,neutral,0.0,neutral,0.0,neutral,0
11975,neutral,neutral,0.0,neutral,0.0,neutral,0
11976,neutral,neutral,0.0,neutral,0.0,neutral,0
11977,neutral,neutral,0.0,neutral,0.0,neutral,0
11978,neutral,neutral,0.0,neutral,0.0,neutral,0
11979,neutral,neutral,0.0,neutral,0.0,neutral,0
11980,neutral,neutral,0.0,neutral,0.0,neutral,0
11981,neutral,neutral,0.0,neutral,0.0,neutral,0
11982,neutral,neutral,0.0,neutral,0.0,neutral,0
11983,neutral,neutral,0.0,neutral,0.0,neutral,0
11984,neutral,neutral,0.0,neutral,0.0,neutral,0
11985,neutral,neutral,0.0,neutral,0.0,neutral,0
11986,neutral,neutral,0.0,neutral,0.0,neutral,0
11987,neutral,neutral,0.0,neutral,0.0,neutral,0
11988,neutral,neutral,0.0,neutral,0.0,neutral,0
11989,neutral,neutral,0.0,neutral,0.0,neutral,0
11990,neutral,neutral,0.0,neutral,0.0,neutral,0
11991,neutral,neutral,0.0,neutral,0.0,neutral,0
11992,neutral,neutral,0.0,neutral,0.0,neutral,0
11993,neutral,neutral,0.0,neutral,0.0,neutral,0
11994,neutral,neutral,0.0,neutral,0.0,neutral,0
11995,neutral,neutral,0.0,neutral,0.0,neutral,0
11996,neutral,neutral,0.0,neutral,0.0,neutral,0
11997,neutral,neutral,0.0,neutral,0.0,neutral,0
11998,neutral,neutral,0.0,neutral,0.0,neutral,0
11999,neutral,neutral,0.0,neutral,0.0,neutral,0
12000,neutral,neutral,0.0,neutral,0.0,neutral,0
12001,neutral,neutral,0.0,neutral,0.0,neutral,0
12002,neutral,neutral,0.0,neutral,0.0,neutral,0
12003,neutral,neutral,0.0,neutral,0.0,neutral,0
12004,neutral,neutral,0.0,neutral,0.0,neutral,0
12005,neutral,neutral,0.0,neutral,0.0,neutral,0
12006,neutral,neutral,0.0,neutral,0.0,neutral,0
12007,neutral,neutral,0.0,neutral,0.0,neutral,0
12008,neutral,neutral,0.0,neutral,0.0,neutral,0
12009,neutral,neutral,0.0,neutral,0.0,neutral,0
12010,neutral,neutral,0.0,neutral,0.0,neutral,0
12011,neutral,neutral,0.0,neutral,0.0,neutral,0
12012,neutral,neutral,0.0,neutral,0.0,neutral,0
12013,neutral,neutral,0.0,neutral,0.0,neutral,0
12014,neutral,neutral,0.0,neutral,0.0,neutral,0
12015,neutral,neutral,0.0,neutral,0.0,neutral,0
12016,neutral,neutral,0.0,neutral,0.0,neutral,0
12017,neutral,neutral,0.0,neutral,0.0,neutral,0
12018,neutral,neutral,0.0,neutral,0.0,neutral,0
12019,neutral,neutral,0.0,neutral,0.0,neutral,0
12020,neutral,neutral,0.0,neutral,0.0,neutral,0
12021,neutral,neutral,0.0,neutral,0.0,neutral,0
12022,neutral,neutral,0.0,neutral,0.0,neutral,0
12023,neutral,neutral,0.0,neutral,0.0,neutral,0
12024,neutral,neutral,0.0,neutral,0.0,neutral,0
12025,neutral,neutral,0.0,neutral,0.0,neutral,0
12026,neutral,neutral,0.0,neutral,0.0,neutral,0
12027,neutral,neutral,0.0,neutral,0.0,neutral,0
12028,neutral,neutral,0.0,neutral,0.0,neutral,0
12029,neutral,neutral,0.0,neutral,0.0,neutral,0
12030,neutral,neutral,0.0,neutral,0.0,neutral,0
12031,neutral,neutral,0.0,neutral,0.0,neutral,0
12032,neutral,neutral,0.0,neutral,0.0,neutral,0
12033,neutral,neutral,0.0,neutral,0.0,neutral,0
12034,neutral,neutral,0.0,neutral,0.0,neutral,0
12035,neutral,neutral,0.0,neutral,0.0,neutral,0
12036,neutral,neutral,0.0,neutral,0.0,neutral,0
12037,neutral,neutral,0.0,neutral,0.0,neutral,0
12038,neutral,neutral,0.0,neutral,0.0,neutral,0
12039,neutral,neutral,0.0,neutral,0.0,neutral,0
12040,neutral,neutral,0.0,neutral,0.0,neutral,0
12041,neutral,neutral,0.0,neutral,0.0,neutral,0
12042,neutral,neutral,0.0,neutral,0.0,neutral,0
12043,neutral,neutral,0.0,neutral,0.0,neutral,0
12044,neutral,neutral,0.0,neutral,0.0,neutral,0
12045,neutral,neutral,0.0,neutral,0.0,neutral,0
12046,neutral,neutral,0.0,neutral,0.0,neutral,0
12047,neutral,neutral,0.0,neutral,0.0,neutral,0
12048,neutral,neutral,0.0,neutral,0.0,neutral,0
12049,neutral,neutral,0.0,neutral,0.0,neutral,0
12050,neutral,neutral,0.0,neutral,0.0,neutral,0
12051,neutral,neutral,0.0,neutral,0.0,neutral,0
12052,neutral,neutral,0.0,neutral,0.0,neutral,0
12053,neutral,neutral,0.0,neutral,0.0,neutral,0
12054,neutral,neutral,0.0,neutral,0.0,neutral,0
12055,neutral,neutral,0.0,neutral,0.0,neutral,0
12056,neutral,neutral,0.0,neutral,0.0,neutral,0
12057,neutral,neutral,0.0,neutral,0.0,neutral,0
12058,neutral,neutral,0.0,neutral,0.0,neutral,0
12059,neutral,neutral,0.0,neutral,0.0,neutral,0
12060,neutral,neutral,0.0,neutral,0.0,neutral,0
12061,neutral,neutral,0.0,neutral,0.0,neutral,0
12062,neutral,neutral,0.0,neutral,0.0,neutral,0
12063,neutral,neutral,0.0,neutral,0.0,neutral,0
12064,neutral,neutral,0.0,neutral,0.0,neutral,0
12065,neutral,neutral,0.0,neutral,0.0,neutral,0
12066,neutral,neutral,0.0,neutral,0.0,neutral,0
12067,neutral,neutral,0.0,neutral,0.0,neutral,0
12068,neutral,neutral,0.0,neutral,0.0,neutral,0
12069,neutral,neutral,0.0,neutral,0.0,neutral,0
12070,neutral,neutral,0.0,neutral,0.0,neutral,0
12071,neutral,neutral,0.0,neutral,0.0,neutral,0
12072,neutral,neutral,0.0,neutral,0.0,neutral,0
12073,neutral,neutral,0.0,neutral,0.0,neutral,0
12074,neutral,neutral,0.0,neutral,0.0,neutral,0
12075,neutral,neutral,0.0,neutral,0.0,neutral,0
12076,neutral,neutral,0.0,neutral,0.0,neutral,0
12077,neutral,neutral,0.0,neutral,0.0,neutral,0
12078,neutral,neutral,0.0,neutral,0.0,neutral,0
12079,neutral,neutral,0.0,neutral,0.0,neutral,0
12080,neutral,neutral,0.0,neutral,0.0,neutral,0
12081,neutral,neutral,0.0,neutral,0.0,neutral,0
12082,neutral,neutral,0.0,neutral,0.0,neutral,0
12083,neutral,neutral,0.0,neutral,0.0,neutral,0
12084,neutral,neutral,0.0,neutral,0.0,neutral,0
12085,neutral,neutral,0.0,neutral,0.0,neutral,0
12086,neutral,neutral,0.0,neutral,0.0,neutral,0
12087,neutral,neutral,0.0,neutral,0.0,neutral,0
12088,neutral,neutral,0.0,neutral,0.0,neutral,0
12089,neutral,neutral,0.0,neutral,0.0,neutral,0
12090,neutral,neutral,0.0,neutral,0.0,neutral,0
12091,neutral,neutral,0.0,neutral,0.0,neutral,0
12092,neutral,neutral,0.0,neutral,0.0,neutral,0
12093,neutral,neutral,0.0,neutral,0.0,neutral,0
12094,neutral,neutral,0.0,neutral,0.0,neutral,0
12095,neutral,neutral,0.0,neutral,0.0,neutral,0
12096,neutral,neutral,0.0,neutral,0.0,neutral,0
12097,neutral,neutral,0.0,neutral,0.0,neutral,0
12098,neutral,neutral,0.0,neutral,0.0,neutral,0
12099,neutral,neutral,0.0,neutral,0.0,neutral,0
12100,neutral,neutral,0.0,neutral,0.0,neutral,0
12101,neutral,neutral,0.0,neutral,0.0,neutral,0
12102,neutral,neutral,0.0,neutral,0.0,neutral,0
12103,neutral,neutral,0.0,neutral,0.0,neutral,0
12104,neutral,neutral,0.0,neutral,0.0,neutral,0
12105,neutral,neutral,0.0,neutral,0.0,neutral,0
12106,neutral,neutral,0.0,neutral,0.0,neutral,0
12107,neutral,neutral,0.0,neutral,0.0,neutral,0
12108,neutral,neutral,0.0,neutral,0.0,neutral,0
12109,neutral,neutral,0.0,neutral,0.0,neutral,0
12110,neutral,neutral,0.0,neutral,0.0,neutral,0
12111,neutral,neutral,0.0,neutral,0.0,neutral,0
12112,neutral,neutral,0.0,neutral,0.0,neutral,0
12113,neutral,neutral,0.0,neutral,0.0,neutral,0
12114,neutral,neutral,0.0,neutral,0.0,neutral,0
12115,neutral,neutral,0.0,neutral,0.0,neutral,0
12116,neutral,neutral,0.0,neutral,0.0,neutral,0
12117,neutral,neutral,0.0,neutral,0.0,neutral,0
12118,neutral,neutral,0.0,neutral,0.0,neutral,0
12119,neutral,neutral,0.0,neutral,0.0,neutral,0
12120,neutral,neutral,0.0,neutral,0.0,neutral,0
12121,neutral,neutral,0.0,neutral,0.0,neutral,0
12122,neutral,neutral,0.0,neutral,0.0,neutral,0
12123,neutral,neutral,0.0,neutral,0.0,neutral,0
12124,neutral,neutral,0.0,neutral,0.0,neutral,0
12125,neutral,neutral,0.0,neutral,0.0,neutral,0
12126,neutral,neutral,0.0,neutral,0.0,neutral,0
12127,neutral,neutral,0.0,neutral,0.0,neutral,0
12128,neutral,neutral,0.0,neutral,0.0,neutral,0
12129,neutral,neutral,0.0,neutral,0.0,neutral,0
12130,neutral,neutral,0.0,neutral,0.0,neutral,0
12131,neutral,neutral,0.0,neutral,0.0,neutral,0
12132,neutral,neutral,0.0,neutral,0.0,neutral,0
12133,neutral,neutral,0.0,neutral,0.0,neutral,0
12134,neutral,neutral,0.0,neutral,0.0,neutral,0
12135,neutral,neutral,0.0,neutral,0.0,neutral,0
12136,neutral,neutral,0.0,neutral,0.0,neutral,0
12137,neutral,neutral,0.0,neutral,0.0,neutral,0
12138,neutral,neutral,0.0,neutral,0.0,neutral,0
12139,neutral,neutral,0.0,neutral,0.0,neutral,0
12140,neutral,neutral,0.0,neutral,0.0,neutral,0
12141,neutral,neutral,0.0,neutral,0.0,neutral,0
12142,neutral,neutral,0.0,neutral,0.0,neutral,0
12143,neutral,neutral,0.0,neutral,0.0,neutral,0
12144,neutral,neutral,0.0,neutral,0.0,neutral,0
12145,neutral,neutral,0.0,neutral,0.0,neutral,0
12146,neutral,neutral,0.0,neutral,0.0,neutral,0
12147,neutral,neutral,0.0,neutral,0.0,neutral,0
12148,neutral,neutral,0.0,neutral,0.0,neutral,0
12149,neutral,neutral,0.0,neutral,0.0,neutral,0
12150,neutral,neutral,0.0,neutral,0.0,neutral,0
12151,neutral,neutral,0.0,neutral,0.0,neutral,0
12152,neutral,neutral,0.0,neutral,0.0,neutral,0
12153,neutral,neutral,0.0,neutral,0.0,neutral,0
12154,neutral,neutral,0.0,neutral,0.0,neutral,0
12155,neutral,neutral,0.0,neutral,0.0,neutral,0
12156,neutral,neutral,0.0,neutral,0.0,neutral,0
12157,neutral,neutral,0.0,neutral,0.0,neutral,0
12158,neutral,neutral,0.0,neutral,0.0,neutral,0
12159,neutral,neutral,0.0,neutral,0.0,neutral,0
12160,neutral,neutral,0.0,neutral,0.0,neutral,0
12161,neutral,neutral,0.0,neutral,0.0,neutral,0
12162,neutral,neutral,0.0,neutral,0.0,neutral,0
12163,neutral,neutral,0.0,neutral,0.0,neutral,0
12164,neutral,neutral,0.0,neutral,0.0,neutral,0
12165,neutral,neutral,0.0,neutral,0.0,neutral,0
12166,neutral,neutral,0.0,neutral,0.0,neutral,0
12167,neutral,neutral,0.0,neutral,0.0,neutral,0
12168,neutral,neutral,0.0,neutral,0.0,neutral,0
12169,neutral,neutral,0.0,neutral,0.0,neutral,0
12170,neutral,neutral,0.0,neutral,0.0,neutral,0
12171,neutral,neutral,0.0,neutral,0.0,neutral,0
12172,neutral,neutral,0.0,neutral,0.0,neutral,0
12173,neutral,neutral,0.0,neutral,0.0,neutral,0
12174,neutral,neutral,0.0,neutral,0.0,neutral,0
12175,neutral,neutral,0.0,neutral,0.0,neutral,0
12176,neutral,neutral,0.0,neutral,0.0,neutral,0
12177,neutral,neutral,0.0,neutral,0.0,neutral,0
12178,neutral,neutral,0.0,neutral,0.0,neutral,0
12179,neutral,neutral,0.0,neutral,0.0,neutral,0
12180,neutral,neutral,0.0,neutral,0.0,neutral,0
12181,neutral,neutral,0.0,neutral,0.0,neutral,0
12182,neutral,neutral,0.0,neutral,0.0,neutral,0
12183,neutral,neutral,0.0,neutral,0.0,neutral,0
12184,neutral,neutral,0.0,neutral,0.0,neutral,0
12185,neutral,neutral,0.0,neutral,0.0,neutral,0
12186,neutral,neutral,0.0,neutral,0.0,neutral,0
12187,neutral,neutral,0.0,neutral,0.0,neutral,0
12188,neutral,neutral,0.0,neutral,0.0,neutral,0
12189,neutral,neutral,0.0,neutral,0.0,neutral,0
12190,neutral,neutral,0.0,neutral,0.0,neutral,0
12191,neutral,neutral,0.0,neutral,0.0,neutral,0
12192,neutral,neutral,0.0,neutral,0.0,neutral,0
12193,neutral,neutral,0.0,neutral,0.0,neutral,0
12194,neutral,neutral,0.0,neutral,0.0,neutral,0
12195,neutral,neutral,0.0,neutral,0.0,neutral,0
12196,neutral,neutral,0.0,neutral,0.0,neutral,0
12197,neutral,neutral,0.0,neutral,0.0,neutral,0
12198,neutral,neutral,0.0,neutral,0.0,neutral,0
12199,neutral,neutral,0.0,neutral,0.0,neutral,0
12200,neutral,neutral,0.0,neutral,0.0,neutral,0
12201,neutral,neutral,0.0,neutral,0.0,neutral,0
12202,neutral,neutral,0.0,neutral,0.0,neutral,0
12203,neutral,neutral,0.0,neutral,0.0,neutral,0
12204,neutral,neutral,0.0,neutral,0.0,neutral,0
12205,neutral,neutral,0.0,neutral,0.0,neutral,0
12206,neutral,neutral,0.0,neutral,0.0,neutral,0
12207,neutral,neutral,0.0,neutral,0.0,neutral,0
12208,neutral,neutral,0.0,neutral,0.0,neutral,0
12209,neutral,neutral,0.0,neutral,0.0,neutral,0
12210,neutral,neutral,0.0,neutral,0.0,neutral,0
12211,neutral,neutral,0.0,neutral,0.0,neutral,0
12212,neutral,neutral,0.0,neutral,0.0,neutral,0
12213,neutral,neutral,0.0,neutral,0.0,neutral,0
12214,neutral,neutral,0.0,neutral,0.0,neutral,0
12215,neutral,neutral,0.0,neutral,0.0,neutral,0
12216,neutral,neutral,0.0,neutral,0.0,neutral,0
12217,neutral,neutral,0.0,neutral,0.0,neutral,0
12218,neutral,neutral,0.0,neutral,0.0,neutral,0
12219,neutral,neutral,0.0,neutral,0.0,neutral,0
12220,neutral,neutral,0.0,neutral,0.0,neutral,0
12221,neutral,neutral,0.0,neutral,0.0,neutral,0
12222,neutral,neutral,0.0,neutral,0.0,neutral,0
12223,neutral,neutral,0.0,neutral,0.0,neutral,0
12224,neutral,neutral,0.0,neutral,0.0,neutral,0
12225,neutral,neutral,0.0,neutral,0.0,neutral,0
12226,neutral,neutral,0.0,neutral,0.0,neutral,0
12227,neutral,neutral,0.0,neutral,0.0,neutral,0
12228,neutral,neutral,0.0,neutral,0.0,neutral,0
12229,neutral,neutral,0.0,neutral,0.0,neutral,0
12230,neutral,neutral,0.0,neutral,0.0,neutral,0
12231,neutral,neutral,0.0,neutral,0.0,neutral,0
12232,neutral,neutral,0.0,neutral,0.0,neutral,0
12233,neutral,neutral,0.0,neutral,0.0,neutral,0
12234,neutral,neutral,0.0,neutral,0.0,neutral,0
12235,neutral,neutral,0.0,neutral,0.0,neutral,0
12236,neutral,neutral,0.0,neutral,0.0,neutral,0
12237,neutral,neutral,0.0,neutral,0.0,neutral,0
12238,neutral,neutral,0.0,neutral,0.0,neutral,0
12239,neutral,neutral,0.0,neutral,0.0,neutral,0
12240,neutral,neutral,0.0,neutral,0.0,neutral,0
12241,neutral,neutral,0.0,neutral,0.0,neutral,0
12242,neutral,neutral,0.0,neutral,0.0,neutral,0
12243,neutral,neutral,0.0,neutral,0.0,neutral,0
12244,neutral,neutral,0.0,neutral,0.0,neutral,0
12245,neutral,neutral,0.0,neutral,0.0,neutral,0
12246,neutral,neutral,0.0,neutral,0.0,neutral,0
12247,neutral,neutral,0.0,neutral,0.0,neutral,0
12248,neutral,neutral,0.0,neutral,0.0,neutral,0
12249,neutral,neutral,0.0,neutral,0.0,neutral,0
12250,neutral,neutral,0.0,neutral,0.0,neutral,0
12251,neutral,neutral,0.0,neutral,0.0,neutral,0
12252,neutral,neutral,0.0,neutral,0.0,neutral,0
12253,neutral,neutral,0.0,neutral,0.0,neutral,0
12254,neutral,neutral,0.0,neutral,0.0,neutral,0
12255,neutral,neutral,0.0,neutral,0.0,neutral,0
12256,neutral,neutral,0.0,neutral,0.0,neutral,0
12257,neutral,neutral,0.0,neutral,0.0,neutral,0
12258,neutral,neutral,0.0,neutral,0.0,neutral,0
12259,neutral,neutral,0.0,neutral,0.0,neutral,0
12260,neutral,neutral,0.0,neutral,0.0,neutral,0
12261,neutral,neutral,0.0,neutral,0.0,neutral,0
12262,neutral,neutral,0.0,neutral,0.0,neutral,0
12263,neutral,neutral,0.0,neutral,0.0,neutral,0
12264,neutral,neutral,0.0,neutral,0.0,neutral,0
12265,neutral,neutral,0.0,neutral,0.0,neutral,0
12266,neutral,neutral,0.0,neutral,0.0,neutral,0
12267,neutral,neutral,0.0,neutral,0.0,neutral,0
12268,neutral,neutral,0.0,neutral,0.0,neutral,0
12269,neutral,neutral,0.0,neutral,0.0,neutral,0
12270,neutral,neutral,0.0,neutral,0.0,neutral,0
12271,neutral,neutral,0.0,neutral,0.0,neutral,0
12272,neutral,neutral,0.0,neutral,0.0,neutral,0
12273,neutral,neutral,0.0,neutral,0.0,neutral,0
12274,neutral,neutral,0.0,neutral,0.0,neutral,0
12275,neutral,neutral,0.0,neutral,0.0,neutral,0
12276,neutral,neutral,0.0,neutral,0.0,neutral,0
12277,neutral,neutral,0.0,neutral,0.0,neutral,0
12278,neutral,neutral,0.0,neutral,0.0,neutral,0
12279,neutral,neutral,0.0,neutral,0.0,neutral,0
12280,neutral,neutral,0.0,neutral,0.0,neutral,0
12281,neutral,neutral,0.0,neutral,0.0,neutral,0
12282,neutral,neutral,0.0,neutral,0.0,neutral,0
12283,neutral,neutral,0.0,neutral,0.0,neutral,0
12284,neutral,neutral,0.0,neutral,0.0,neutral,0
12285,neutral,neutral,0.0,neutral,0.0,neutral,0
12286,neutral,neutral,0.0,neutral,0.0,neutral,0
12287,neutral,neutral,0.0,neutral,0.0,neutral,0
12288,neutral,neutral,0.0,neutral,0.0,neutral,0
12289,neutral,neutral,0.0,neutral,0.0,neutral,0
12290,neutral,neutral,0.0,neutral,0.0,neutral,0
12291,neutral,neutral,0.0,neutral,0.0,neutral,0
12292,neutral,neutral,0.0,neutral,0.0,neutral,0
12293,neutral,neutral,0.0,neutral,0.0,neutral,0
12294,neutral,neutral,0.0,neutral,0.0,neutral,0
12295,neutral,neutral,0.0,neutral,0.0,neutral,0
12296,neutral,neutral,0.0,neutral,0.0,neutral,0
12297,neutral,neutral,0.0,neutral,0.0,neutral,0
12298,neutral,neutral,0.0,neutral,0.0,neutral,0
12299,neutral,neutral,0.0,neutral,0.0,neutral,0
12300,neutral,neutral,0.0,neutral,0.0,neutral,0
12301,neutral,neutral,0.0,neutral,0.0,neutral,0
12302,neutral,neutral,0.0,neutral,0.0,neutral,0
12303,neutral,neutral,0.0,neutral,0.0,neutral,0
12304,neutral,neutral,0.0,neutral,0.0,neutral,0
12305,neutral,neutral,0.0,neutral,0.0,neutral,0
12306,neutral,neutral,0.0,neutral,0.0,neutral,0
12307,neutral,neutral,0.0,neutral,0.0,neutral,0
12308,neutral,neutral,0.0,neutral,0.0,neutral,0
12309,neutral,neutral,0.0,neutral,0.0,neutral,0
12310,neutral,neutral,0.0,neutral,0.0,neutral,0
12311,neutral,neutral,0.0,neutral,0.0,neutral,0
12312,neutral,neutral,0.0,neutral,0.0,neutral,0
12313,neutral,neutral,0.0,neutral,0.0,neutral,0
12314,neutral,neutral,0.0,neutral,0.0,neutral,0
12315,neutral,neutral,0.0,neutral,0.0,neutral,0
12316,neutral,neutral,0.0,neutral,0.0,neutral,0
12317,neutral,neutral,0.0,neutral,0.0,neutral,0
12318,neutral,neutral,0.0,neutral,0.0,neutral,0
12319,neutral,neutral,0.0,neutral,0.0,neutral,0
12320,neutral,neutral,0.0,neutral,0.0,neutral,0
12321,neutral,neutral,0.0,neutral,0.0,neutral,0
12322,neutral,neutral,0.0,neutral,0.0,neutral,0
12323,neutral,neutral,0.0,neutral,0.0,neutral,0
12324,neutral,neutral,0.0,neutral,0.0,neutral,0
12325,neutral,neutral,0.0,neutral,0.0,neutral,0
12326,neutral,neutral,0.0,neutral,0.0,neutral,0
12327,neutral,neutral,0.0,neutral,0.0,neutral,0
12328,neutral,neutral,0.0,neutral,0.0,neutral,0
12329,neutral,neutral,0.0,neutral,0.0,neutral,0
12330,neutral,neutral,0.0,neutral,0.0,neutral,0
12331,neutral,neutral,0.0,neutral,0.0,neutral,0
12332,neutral,neutral,0.0,neutral,0.0,neutral,0
12333,neutral,neutral,0.0,neutral,0.0,neutral,0
12334,neutral,neutral,0.0,neutral,0.0,neutral,0
12335,neutral,neutral,0.0,neutral,0.0,neutral,0
12336,neutral,neutral,0.0,neutral,0.0,neutral,0
12337,neutral,neutral,0.0,neutral,0.0,neutral,0
12338,neutral,neutral,0.0,neutral,0.0,neutral,0
12339,neutral,neutral,0.0,neutral,0.0,neutral,0
12340,neutral,neutral,0.0,neutral,0.0,neutral,0
12341,neutral,neutral,0.0,neutral,0.0,neutral,0
12342,neutral,neutral,0.0,neutral,0.0,neutral,0
12343,neutral,neutral,0.0,neutral,0.0,neutral,0
12344,neutral,neutral,0.0,neutral,0.0,neutral,0
12345,neutral,neutral,0.0,neutral,0.0,neutral,0
12346,neutral,neutral,0.0,neutral,0.0,neutral,0
12347,neutral,neutral,0.0,neutral,0.0,neutral,0
12348,neutral,neutral,0.0,neutral,0.0,neutral,0
12349,neutral,neutral,0.0,neutral,0.0,neutral,0
12350,neutral,neutral,0.0,neutral,0.0,neutral,0
12351,neutral,neutral,0.0,neutral,0.0,neutral,0
12352,neutral,neutral,0.0,neutral,0.0,neutral,0
12353,neutral,neutral,0.0,neutral,0.0,neutral,0
12354,neutral,neutral,0.0,neutral,0.0,neutral,0
12355,neutral,neutral,0.0,neutral,0.0,neutral,0
12356,neutral,neutral,0.0,neutral,0.0,neutral,0
12357,neutral,neutral,0.0,neutral,0.0,neutral,0
12358,neutral,neutral,0.0,neutral,0.0,neutral,0
12359,neutral,neutral,0.0,neutral,0.0,neutral,0
12360,neutral,neutral,0.0,neutral,0.0,neutral,0
12361,neutral,neutral,0.0,neutral,0.0,neutral,0
12362,neutral,neutral,0.0,neutral,0.0,neutral,0
12363,neutral,neutral,0.0,neutral,0.0,neutral,0
12364,neutral,neutral,0.0,neutral,0.0,neutral,0
12365,neutral,neutral,0.0,neutral,0.0,neutral,0
12366,neutral,neutral,0.0,neutral,0.0,neutral,0
12367,neutral,neutral,0.0,neutral,0.0,neutral,0
12368,neutral,neutral,0.0,neutral,0.0,neutral,0
12369,neutral,neutral,0.0,neutral,0.0,neutral,0
12370,neutral,neutral,0.0,neutral,0.0,neutral,0
12371,neutral,neutral,0.0,neutral,0.0,neutral,0
12372,neutral,neutral,0.0,neutral,0.0,neutral,0
12373,neutral,neutral,0.0,neutral,0.0,neutral,0
12374,neutral,neutral,0.0,neutral,0.0,neutral,0
12375,neutral,neutral,0.0,neutral,0.0,neutral,0
12376,neutral,neutral,0.0,neutral,0.0,neutral,0
12377,neutral,neutral,0.0,neutral,0.0,neutral,0
12378,neutral,neutral,0.0,neutral,0.0,neutral,0
12379,neutral,neutral,0.0,neutral,0.0,neutral,0
12380,neutral,neutral,0.0,neutral,0.0,neutral,0
12381,neutral,neutral,0.0,neutral,0.0,neutral,0
12382,neutral,neutral,0.0,neutral,0.0,neutral,0
12383,neutral,neutral,0.0,neutral,0.0,neutral,0
12384,neutral,neutral,0.0,neutral,0.0,neutral,0
12385,neutral,neutral,0.0,neutral,0.0,neutral,0
12386,neutral,neutral,0.0,neutral,0.0,neutral,0
12387,neutral,neutral,0.0,neutral,0.0,neutral,0
12388,neutral,neutral,0.0,neutral,0.0,neutral,0
12389,neutral,neutral,0.0,neutral,0.0,neutral,0
12390,neutral,neutral,0.0,neutral,0.0,neutral,0
12391,neutral,neutral,0.0,neutral,0.0,neutral,0
12392,neutral,neutral,0.0,neutral,0.0,neutral,0
12393,neutral,neutral,0.0,neutral,0.0,neutral,0
12394,neutral,neutral,0.0,neutral,0.0,neutral,0
12395,neutral,neutral,0.0,neutral,0.0,neutral,0
12396,neutral,neutral,0.0,neutral,0.0,neutral,0
12397,neutral,neutral,0.0,neutral,0.0,neutral,0
12398,neutral,neutral,0.0,neutral,0.0,neutral,0
12399,neutral,neutral,0.0,neutral,0.0,neutral,0
12400,neutral,neutral,0.0,neutral,0.0,neutral,0
12401,neutral,neutral,0.0,neutral,0.0,neutral,0
12402,neutral,neutral,0.0,neutral,0.0,neutral,0
12403,neutral,neutral,0.0,neutral,0.0,neutral,0
12404,neutral,neutral,0.0,neutral,0.0,neutral,0
12405,neutral,neutral,0.0,neutral,0.0,neutral,0
12406,neutral,neutral,0.0,neutral,0.0,neutral,0
12407,neutral,neutral,0.0,neutral,0.0,neutral,0
12408,neutral,neutral,0.0,neutral,0.0,neutral,0
12409,neutral,neutral,0.0,neutral,0.0,neutral,0
12410,neutral,neutral,0.0,neutral,0.0,neutral,0
12411,neutral,neutral,0.0,neutral,0.0,neutral,0
12412,neutral,neutral,0.0,neutral,0.0,neutral,0
12413,neutral,neutral,0.0,neutral,0.0,neutral,0
12414,neutral,neutral,0.0,neutral,0.0,neutral,0
12415,neutral,neutral,0.0,neutral,0.0,neutral,0
12416,neutral,neutral,0.0,neutral,0.0,neutral,0
12417,neutral,neutral,0.0,neutral,0.0,neutral,0
12418,neutral,neutral,0.0,neutral,0.0,neutral,0
12419,neutral,neutral,0.0,neutral,0.0,neutral,0
12420,neutral,neutral,0.0,neutral,0.0,neutral,0
12421,neutral,neutral,0.0,neutral,0.0,neutral,0
12422,neutral,neutral,0.0,neutral,0.0,neutral,0
12423,neutral,neutral,0.0,neutral,0.0,neutral,0
12424,neutral,neutral,0.0,neutral,0.0,neutral,0
12425,neutral,neutral,0.0,neutral,0.0,neutral,0
12426,neutral,neutral,0.0,neutral,0.0,neutral,0
12427,neutral,neutral,0.0,neutral,0.0,neutral,0
12428,neutral,neutral,0.0,neutral,0.0,neutral,0
12429,neutral,neutral,0.0,neutral,0.0,neutral,0
12430,neutral,neutral,0.0,neutral,0.0,neutral,0
12431,neutral,neutral,0.0,neutral,0.0,neutral,0
12432,neutral,neutral,0.0,neutral,0.0,neutral,0
12433,neutral,neutral,0.0,neutral,0.0,neutral,0
12434,neutral,neutral,0.0,neutral,0.0,neutral,0
12435,neutral,neutral,0.0,neutral,0.0,neutral,0
12436,neutral,neutral,0.0,neutral,0.0,neutral,0
12437,neutral,neutral,0.0,neutral,0.0,neutral,0
12438,neutral,neutral,0.0,neutral,0.0,neutral,0
12439,neutral,neutral,0.0,neutral,0.0,neutral,0
12440,neutral,neutral,0.0,neutral,0.0,neutral,0
12441,neutral,neutral,0.0,neutral,0.0,neutral,0
12442,neutral,neutral,0.0,neutral,0.0,neutral,0
12443,neutral,neutral,0.0,neutral,0.0,neutral,0
12444,neutral,neutral,0.0,neutral,0.0,neutral,0
12445,neutral,neutral,0.0,neutral,0.0,neutral,0
12446,neutral,neutral,0.0,neutral,0.0,neutral,0
12447,neutral,neutral,0.0,neutral,0.0,neutral,0
12448,neutral,neutral,0.0,neutral,0.0,neutral,0
12449,neutral,neutral,0.0,neutral,0.0,neutral,0
12450,neutral,neutral,0.0,neutral,0.0,neutral,0
12451,neutral,neutral,0.0,neutral,0.0,neutral,0
12452,neutral,neutral,0.0,neutral,0.0,neutral,0
12453,neutral,neutral,0.0,neutral,0.0,neutral,0
12454,neutral,neutral,0.0,neutral,0.0,neutral,0
12455,neutral,neutral,0.0,neutral,0.0,neutral,0
12456,neutral,neutral,0.0,neutral,0.0,neutral,0
12457,neutral,neutral,0.0,neutral,0.0,neutral,0
12458,neutral,neutral,0.0,neutral,0.0,neutral,0
12459,neutral,neutral,0.0,neutral,0.0,neutral,0
12460,neutral,neutral,0.0,neutral,0.0,neutral,0
12461,neutral,neutral,0.0,neutral,0.0,neutral,0
12462,neutral,neutral,0.0,neutral,0.0,neutral,0
12463,neutral,neutral,0.0,neutral,0.0,neutral,0
12464,neutral,neutral,0.0,neutral,0.0,neutral,0
12465,neutral,neutral,0.0,neutral,0.0,neutral,0
12466,neutral,neutral,0.0,neutral,0.0,neutral,0
12467,neutral,neutral,0.0,neutral,0.0,neutral,0
12468,neutral,neutral,0.0,neutral,0.0,neutral,0
12469,neutral,neutral,0.0,neutral,0.0,neutral,0
12470,neutral,neutral,0.0,neutral,0.0,neutral,0
12471,neutral,neutral,0.0,neutral,0.0,neutral,0
12472,neutral,neutral,0.0,neutral,0.0,neutral,0
12473,neutral,neutral,0.0,neutral,0.0,neutral,0
12474,neutral,neutral,0.0,neutral,0.0,neutral,0
12475,neutral,neutral,0.0,neutral,0.0,neutral,0
12476,neutral,neutral,0.0,neutral,0.0,neutral,0
12477,neutral,neutral,0.0,neutral,0.0,neutral,0
12478,neutral,neutral,0.0,neutral,0.0,neutral,0
12479,neutral,neutral,0.0,neutral,0.0,neutral,0
12480,neutral,neutral,0.0,neutral,0.0,neutral,0
12481,neutral,neutral,0.0,neutral,0.0,neutral,0
12482,neutral,neutral,0.0,neutral,0.0,neutral,0
12483,neutral,neutral,0.0,neutral,0.0,neutral,0
12484,neutral,neutral,0.0,neutral,0.0,neutral,0
12485,neutral,neutral,0.0,neutral,0.0,neutral,0
12486,neutral,neutral,0.0,neutral,0.0,neutral,0
12487,neutral,neutral,0.0,neutral,0.0,neutral,0
12488,neutral,neutral,0.0,neutral,0.0,neutral,0
12489,neutral,neutral,0.0,neutral,0.0,neutral,0
12490,neutral,neutral,0.0,neutral,0.0,neutral,0
12491,neutral,neutral,0.0,neutral,0.0,neutral,0
12492,neutral,neutral,0.0,neutral,0.0,neutral,0
12493,neutral,neutral,0.0,neutral,0.0,neutral,0
12494,neutral,neutral,0.0,neutral,0.0,neutral,0
12495,neutral,neutral,0.0,neutral,0.0,neutral,0
12496,neutral,neutral,0.0,neutral,0.0,neutral,0
12497,neutral,neutral,0.0,neutral,0.0,neutral,0
12498,neutral,neutral,0.0,neutral,0.0,neutral,0
12499,neutral,neutral,0.0,neutral,0.0,neutral,0
12500,neutral,neutral,0.0,neutral,0.0,neutral,0
12501,neutral,neutral,0.0,neutral,0.0,neutral,0
12502,neutral,neutral,0.0,neutral,0.0,neutral,0
12503,neutral,neutral,0.0,neutral,0.0,neutral,0
12504,neutral,neutral,0.0,neutral,0.0,neutral,0
12505,neutral,neutral,0.0,neutral,0.0,neutral,0
12506,neutral,neutral,0.0,neutral,0.0,neutral,0
12507,neutral,neutral,0.0,neutral,0.0,neutral,0
12508,neutral,neutral,0.0,neutral,0.0,neutral,0
12509,neutral,neutral,0.0,neutral,0.0,neutral,0
12510,neutral,neutral,0.0,neutral,0.0,neutral,0
12511,neutral,neutral,0.0,neutral,0.0,neutral,0
12512,neutral,neutral,0.0,neutral,0.0,neutral,0
12513,neutral,neutral,0.0,neutral,0.0,neutral,0
12514,neutral,neutral,0.0,neutral,0.0,neutral,0
12515,neutral,neutral,0.0,neutral,0.0,neutral,0
12516,neutral,neutral,0.0,neutral,0.0,neutral,0
12517,neutral,neutral,0.0,neutral,0.0,neutral,0
12518,neutral,neutral,0.0,neutral,0.0,neutral,0
12519,neutral,neutral,0.0,neutral,0.0,neutral,0
12520,neutral,neutral,0.0,neutral,0.0,neutral,0
12521,neutral,neutral,0.0,neutral,0.0,neutral,0
12522,neutral,neutral,0.0,neutral,0.0,neutral,0
12523,neutral,neutral,0.0,neutral,0.0,neutral,0
12524,neutral,neutral,0.0,neutral,0.0,neutral,0
12525,neutral,neutral,0.0,neutral,0.0,neutral,0
12526,neutral,neutral,0.0,neutral,0.0,neutral,0
12527,neutral,neutral,0.0,neutral,0.0,neutral,0
12528,neutral,neutral,0.0,neutral,0.0,neutral,0
12529,neutral,neutral,0.0,neutral,0.0,neutral,0
12530,neutral,neutral,0.0,neutral,0.0,neutral,0
12531,neutral,neutral,0.0,neutral,0.0,neutral,0
12532,neutral,neutral,0.0,neutral,0.0,neutral,0
12533,neutral,neutral,0.0,neutral,0.0,neutral,0
12534,neutral,neutral,0.0,neutral,0.0,neutral,0
12535,neutral,neutral,0.0,neutral,0.0,neutral,0
12536,neutral,neutral,0.0,neutral,0.0,neutral,0
12537,neutral,neutral,0.0,neutral,0.0,neutral,0
12538,neutral,neutral,0.0,neutral,0.0,neutral,0
12539,neutral,neutral,0.0,neutral,0.0,neutral,0
12540,neutral,neutral,0.0,neutral,0.0,neutral,0
12541,neutral,neutral,0.0,neutral,0.0,neutral,0
12542,neutral,neutral,0.0,neutral,0.0,neutral,0
12543,neutral,neutral,0.0,neutral,0.0,neutral,0
12544,neutral,neutral,0.0,neutral,0.0,neutral,0
12545,neutral,neutral,0.0,neutral,0.0,neutral,0
12546,neutral,neutral,0.0,neutral,0.0,neutral,0
12547,neutral,neutral,0.0,neutral,0.0,neutral,0
12548,neutral,neutral,0.0,neutral,0.0,neutral,0
12549,neutral,neutral,0.0,neutral,0.0,neutral,0
12550,neutral,neutral,0.0,neutral,0.0,neutral,0
12551,neutral,neutral,0.0,neutral,0.0,neutral,0
12552,neutral,neutral,0.0,neutral,0.0,neutral,0
12553,neutral,neutral,0.0,neutral,0.0,neutral,0
12554,neutral,neutral,0.0,neutral,0.0,neutral,0
12555,neutral,neutral,0.0,neutral,0.0,neutral,0
12556,neutral,neutral,0.0,neutral,0.0,neutral,0
12557,neutral,neutral,0.0,neutral,0.0,neutral,0
12558,neutral,neutral,0.0,neutral,0.0,neutral,0
12559,neutral,neutral,0.0,neutral,0.0,neutral,0
12560,neutral,neutral,0.0,neutral,0.0,neutral,0
12561,neutral,neutral,0.0,neutral,0.0,neutral,0
12562,neutral,neutral,0.0,neutral,0.0,neutral,0
12563,neutral,neutral,0.0,neutral,0.0,neutral,0
12564,neutral,neutral,0.0,neutral,0.0,neutral,0
12565,neutral,neutral,0.0,neutral,0.0,neutral,0
12566,neutral,neutral,0.0,neutral,0.0,neutral,0
12567,neutral,neutral,0.0,neutral,0.0,neutral,0
12568,neutral,neutral,0.0,neutral,0.0,neutral,0
12569,neutral,neutral,0.0,neutral,0.0,neutral,0
12570,neutral,neutral,0.0,neutral,0.0,neutral,0
12571,neutral,neutral,0.0,neutral,0.0,neutral,0
12572,neutral,neutral,0.0,neutral,0.0,neutral,0
12573,neutral,neutral,0.0,neutral,0.0,neutral,0
12574,neutral,neutral,0.0,neutral,0.0,neutral,0
12575,neutral,neutral,0.0,neutral,0.0,neutral,0
12576,neutral,neutral,0.0,neutral,0.0,neutral,0
12577,neutral,neutral,0.0,neutral,0.0,neutral,0
12578,neutral,neutral,0.0,neutral,0.0,neutral,0
12579,neutral,neutral,0.0,neutral,0.0,neutral,0
12580,neutral,neutral,0.0,neutral,0.0,neutral,0
12581,neutral,neutral,0.0,neutral,0.0,neutral,0
12582,neutral,neutral,0.0,neutral,0.0,neutral,0
12583,neutral,neutral,0.0,neutral,0.0,neutral,0
12584,neutral,neutral,0.0,neutral,0.0,neutral,0
12585,neutral,neutral,0.0,neutral,0.0,neutral,0
12586,neutral,neutral,0.0,neutral,0.0,neutral,0
12587,neutral,neutral,0.0,neutral,0.0,neutral,0
12588,neutral,neutral,0.0,neutral,0.0,neutral,0
12589,neutral,neutral,0.0,neutral,0.0,neutral,0
12590,neutral,neutral,0.0,neutral,0.0,neutral,0
12591,neutral,neutral,0.0,neutral,0.0,neutral,0
12592,neutral,neutral,0.0,neutral,0.0,neutral,0
12593,neutral,neutral,0.0,neutral,0.0,neutral,0
12594,neutral,neutral,0.0,neutral,0.0,neutral,0
12595,neutral,neutral,0.0,neutral,0.0,neutral,0
12596,neutral,neutral,0.0,neutral,0.0,neutral,0
12597,neutral,neutral,0.0,neutral,0.0,neutral,0
12598,neutral,neutral,0.0,neutral,0.0,neutral,0
12599,neutral,neutral,0.0,neutral,0.0,neutral,0
12600,neutral,neutral,0.0,neutral,0.0,neutral,0
12601,neutral,neutral,0.0,neutral,0.0,neutral,0
12602,neutral,neutral,0.0,neutral,0.0,neutral,0
12603,neutral,neutral,0.0,neutral,0.0,neutral,0
12604,neutral,neutral,0.0,neutral,0.0,neutral,0
12605,neutral,neutral,0.0,neutral,0.0,neutral,0
12606,neutral,neutral,0.0,neutral,0.0,neutral,0
12607,neutral,neutral,0.0,neutral,0.0,neutral,0
12608,neutral,neutral,0.0,neutral,0.0,neutral,0
12609,neutral,neutral,0.0,neutral,0.0,neutral,0
12610,neutral,neutral,0.0,neutral,0.0,neutral,0
12611,neutral,neutral,0.0,neutral,0.0,neutral,0
12612,neutral,neutral,0.0,neutral,0.0,neutral,0
12613,neutral,neutral,0.0,neutral,0.0,neutral,0
12614,neutral,neutral,0.0,neutral,0.0,neutral,0
12615,neutral,neutral,0.0,neutral,0.0,neutral,0
12616,neutral,neutral,0.0,neutral,0.0,neutral,0
12617,neutral,neutral,0.0,neutral,0.0,neutral,0
12618,neutral,neutral,0.0,neutral,0.0,neutral,0
12619,neutral,neutral,0.0,neutral,0.0,neutral,0
12620,neutral,neutral,0.0,neutral,0.0,neutral,0
12621,neutral,neutral,0.0,neutral,0.0,neutral,0
12622,neutral,neutral,0.0,neutral,0.0,neutral,0
12623,neutral,neutral,0.0,neutral,0.0,neutral,0
12624,neutral,neutral,0.0,neutral,0.0,neutral,0
12625,neutral,neutral,0.0,neutral,0.0,neutral,0
12626,neutral,neutral,0.0,neutral,0.0,neutral,0
12627,neutral,neutral,0.0,neutral,0.0,neutral,0
12628,neutral,neutral,0.0,neutral,0.0,neutral,0
12629,neutral,neutral,0.0,neutral,0.0,neutral,0
12630,neutral,neutral,0.0,neutral,0.0,neutral,0
12631,neutral,neutral,0.0,neutral,0.0,neutral,0
12632,neutral,neutral,0.0,neutral,0.0,neutral,0
12633,neutral,neutral,0.0,neutral,0.0,neutral,0
12634,neutral,neutral,0.0,neutral,0.0,neutral,0
12635,neutral,neutral,0.0,neutral,0.0,neutral,0
12636,neutral,neutral,0.0,neutral,0.0,neutral,0
12637,neutral,neutral,0.0,neutral,0.0,neutral,0
12638,neutral,neutral,0.0,neutral,0.0,neutral,0
12639,neutral,neutral,0.0,neutral,0.0,neutral,0
12640,neutral,neutral,0.0,neutral,0.0,neutral,0
12641,neutral,neutral,0.0,neutral,0.0,neutral,0
12642,neutral,neutral,0.0,neutral,0.0,neutral,0
12643,neutral,neutral,0.0,neutral,0.0,neutral,0
12644,neutral,neutral,0.0,neutral,0.0,neutral,0
12645,neutral,neutral,0.0,neutral,0.0,neutral,0
12646,neutral,neutral,0.0,neutral,0.0,neutral,0
12647,neutral,neutral,0.0,neutral,0.0,neutral,0
12648,neutral,neutral,0.0,neutral,0.0,neutral,0
12649,neutral,neutral,0.0,neutral,0.0,neutral,0
12650,neutral,neutral,0.0,neutral,0.0,neutral,0
12651,neutral,neutral,0.0,neutral,0.0,neutral,0
12652,neutral,neutral,0.0,neutral,0.0,neutral,0
12653,neutral,neutral,0.0,neutral,0.0,neutral,0
12654,neutral,neutral,0.0,neutral,0.0,neutral,0
12655,neutral,neutral,0.0,neutral,0.0,neutral,0
12656,neutral,neutral,0.0,neutral,0.0,neutral,0
12657,neutral,neutral,0.0,neutral,0.0,neutral,0
12658,neutral,neutral,0.0,neutral,0.0,neutral,0
12659,neutral,neutral,0.0,neutral,0.0,neutral,0
12660,neutral,neutral,0.0,neutral,0.0,neutral,0
12661,neutral,neutral,0.0,neutral,0.0,neutral,0
12662,neutral,neutral,0.0,neutral,0.0,neutral,0
12663,neutral,neutral,0.0,neutral,0.0,neutral,0
12664,neutral,neutral,0.0,neutral,0.0,neutral,0
12665,neutral,neutral,0.0,neutral,0.0,neutral,0
12666,neutral,neutral,0.0,neutral,0.0,neutral,0
12667,neutral,neutral,0.0,neutral,0.0,neutral,0
12668,neutral,neutral,0.0,neutral,0.0,neutral,0
12669,neutral,neutral,0.0,neutral,0.0,neutral,0
12670,neutral,neutral,0.0,neutral,0.0,neutral,0
12671,neutral,neutral,0.0,neutral,0.0,neutral,0
12672,neutral,neutral,0.0,neutral,0.0,neutral,0
12673,neutral,neutral,0.0,neutral,0.0,neutral,0
12674,neutral,neutral,0.0,neutral,0.0,neutral,0
12675,neutral,neutral,0.0,neutral,0.0,neutral,0
12676,neutral,neutral,0.0,neutral,0.0,neutral,0
12677,neutral,neutral,0.0,neutral,0.0,neutral,0
12678,neutral,neutral,0.0,neutral,0.0,neutral,0
12679,neutral,neutral,0.0,neutral,0.0,neutral,0
12680,neutral,neutral,0.0,neutral,0.0,neutral,0
12681,neutral,neutral,0.0,neutral,0.0,neutral,0
12682,neutral,neutral,0.0,neutral,0.0,neutral,0
12683,neutral,neutral,0.0,neutral,0.0,neutral,0
12684,neutral,neutral,0.0,neutral,0.0,neutral,0
12685,neutral,neutral,0.0,neutral,0.0,neutral,0
12686,neutral,neutral,0.0,neutral,0.0,neutral,0
12687,neutral,neutral,0.0,neutral,0.0,neutral,0
12688,neutral,neutral,0.0,neutral,0.0,neutral,0
12689,neutral,neutral,0.0,neutral,0.0,neutral,0
12690,neutral,neutral,0.0,neutral,0.0,neutral,0
12691,neutral,neutral,0.0,neutral,0.0,neutral,0
12692,neutral,neutral,0.0,neutral,0.0,neutral,0
12693,neutral,neutral,0.0,neutral,0.0,neutral,0
12694,neutral,neutral,0.0,neutral,0.0,neutral,0
12695,neutral,neutral,0.0,neutral,0.0,neutral,0
12696,neutral,neutral,0.0,neutral,0.0,neutral,0
12697,neutral,neutral,0.0,neutral,0.0,neutral,0
12698,neutral,neutral,0.0,neutral,0.0,neutral,0
12699,neutral,neutral,0.0,neutral,0.0,neutral,0
12700,neutral,neutral,0.0,neutral,0.0,neutral,0
12701,neutral,neutral,0.0,neutral,0.0,neutral,0
12702,neutral,neutral,0.0,neutral,0.0,neutral,0
12703,neutral,neutral,0.0,neutral,0.0,neutral,0
12704,neutral,neutral,0.0,neutral,0.0,neutral,0
12705,neutral,neutral,0.0,neutral,0.0,neutral,0
12706,neutral,neutral,0.0,neutral,0.0,neutral,0
12707,neutral,neutral,0.0,neutral,0.0,neutral,0
12708,neutral,neutral,0.0,neutral,0.0,neutral,0
12709,neutral,neutral,0.0,neutral,0.0,neutral,0
12710,neutral,neutral,0.0,neutral,0.0,neutral,0
12711,neutral,neutral,0.0,neutral,0.0,neutral,0
12712,neutral,neutral,0.0,neutral,0.0,neutral,0
12713,neutral,neutral,0.0,neutral,0.0,neutral,0
12714,neutral,neutral,0.0,neutral,0.0,neutral,0
12715,neutral,neutral,0.0,neutral,0.0,neutral,0
12716,neutral,neutral,0.0,neutral,0.0,neutral,0
12717,neutral,neutral,0.0,neutral,0.0,neutral,0
12718,neutral,neutral,0.0,neutral,0.0,neutral,0
12719,neutral,neutral,0.0,neutral,0.0,neutral,0
12720,neutral,neutral,0.0,neutral,0.0,neutral,0
12721,neutral,neutral,0.0,neutral,0.0,neutral,0
12722,neutral,neutral,0.0,neutral,0.0,neutral,0
12723,neutral,neutral,0.0,neutral,0.0,neutral,0
12724,neutral,neutral,0.0,neutral,0.0,neutral,0
12725,neutral,neutral,0.0,neutral,0.0,neutral,0
12726,neutral,neutral,0.0,neutral,0.0,neutral,0
12727,neutral,neutral,0.0,neutral,0.0,neutral,0
12728,neutral,neutral,0.0,neutral,0.0,neutral,0
12729,neutral,neutral,0.0,neutral,0.0,neutral,0
12730,neutral,neutral,0.0,neutral,0.0,neutral,0
12731,neutral,neutral,0.0,neutral,0.0,neutral,0
12732,neutral,neutral,0.0,neutral,0.0,neutral,0
12733,neutral,neutral,0.0,neutral,0.0,neutral,0
12734,neutral,neutral,0.0,neutral,0.0,neutral,0
12735,neutral,neutral,0.0,neutral,0.0,neutral,0
12736,neutral,neutral,0.0,neutral,0.0,neutral,0
12737,neutral,neutral,0.0,neutral,0.0,neutral,0
12738,neutral,neutral,0.0,neutral,0.0,neutral,0
12739,neutral,neutral,0.0,neutral,0.0,neutral,0
12740,neutral,neutral,0.0,neutral,0.0,neutral,0
12741,neutral,neutral,0.0,neutral,0.0,neutral,0
12742,neutral,neutral,0.0,neutral,0.0,neutral,0
12743,neutral,neutral,0.0,neutral,0.0,neutral,0
12744,neutral,neutral,0.0,neutral,0.0,neutral,0
12745,neutral,neutral,0.0,neutral,0.0,neutral,0
12746,neutral,neutral,0.0,neutral,0.0,neutral,0
12747,neutral,neutral,0.0,neutral,0.0,neutral,0
12748,neutral,neutral,0.0,neutral,0.0,neutral,0
12749,neutral,neutral,0.0,neutral,0.0,neutral,0
12750,neutral,neutral,0.0,neutral,0.0,neutral,0
12751,neutral,neutral,0.0,neutral,0.0,neutral,0
12752,neutral,neutral,0.0,neutral,0.0,neutral,0
12753,neutral,neutral,0.0,neutral,0.0,neutral,0
12754,neutral,neutral,0.0,neutral,0.0,neutral,0
12755,neutral,neutral,0.0,neutral,0.0,neutral,0
12756,neutral,neutral,0.0,neutral,0.0,neutral,0
12757,neutral,neutral,0.0,neutral,0.0,neutral,0
12758,neutral,neutral,0.0,neutral,0.0,neutral,0
12759,neutral,neutral,0.0,neutral,0.0,neutral,0
12760,neutral,neutral,0.0,neutral,0.0,neutral,0
12761,neutral,neutral,0.0,neutral,0.0,neutral,0
12762,neutral,neutral,0.0,neutral,0.0,neutral,0
12763,neutral,neutral,0.0,neutral,0.0,neutral,0
12764,neutral,neutral,0.0,neutral,0.0,neutral,0
12765,neutral,neutral,0.0,neutral,0.0,neutral,0
12766,neutral,neutral,0.0,neutral,0.0,neutral,0
12767,neutral,neutral,0.0,neutral,0.0,neutral,0
12768,neutral,neutral,0.0,neutral,0.0,neutral,0
12769,neutral,neutral,0.0,neutral,0.0,neutral,0
12770,neutral,neutral,0.0,neutral,0.0,neutral,0
12771,neutral,neutral,0.0,neutral,0.0,neutral,0
12772,neutral,neutral,0.0,neutral,0.0,neutral,0
12773,neutral,neutral,0.0,neutral,0.0,neutral,0
12774,neutral,neutral,0.0,neutral,0.0,neutral,0
12775,neutral,neutral,0.0,neutral,0.0,neutral,0
12776,neutral,neutral,0.0,neutral,0.0,neutral,0
12777,neutral,neutral,0.0,neutral,0.0,neutral,0
12778,neutral,neutral,0.0,neutral,0.0,neutral,0
12779,neutral,neutral,0.0,neutral,0.0,neutral,0
12780,neutral,neutral,0.0,neutral,0.0,neutral,0
12781,neutral,neutral,0.0,neutral,0.0,neutral,0
12782,neutral,neutral,0.0,neutral,0.0,neutral,0
12783,neutral,neutral,0.0,neutral,0.0,neutral,0
12784,neutral,neutral,0.0,neutral,0.0,neutral,0
12785,neutral,neutral,0.0,neutral,0.0,neutral,0
12786,neutral,neutral,0.0,neutral,0.0,neutral,0
12787,neutral,neutral,0.0,neutral,0.0,neutral,0
12788,neutral,neutral,0.0,neutral,0.0,neutral,0
12789,neutral,neutral,0.0,neutral,0.0,neutral,0
12790,neutral,neutral,0.0,neutral,0.0,neutral,0
12791,neutral,neutral,0.0,neutral,0.0,neutral,0
12792,neutral,neutral,0.0,neutral,0.0,neutral,0
12793,neutral,neutral,0.0,neutral,0.0,neutral,0
12794,neutral,neutral,0.0,neutral,0.0,neutral,0
12795,neutral,neutral,0.0,neutral,0.0,neutral,0
12796,neutral,neutral,0.0,neutral,0.0,neutral,0
12797,neutral,neutral,0.0,neutral,0.0,neutral,0
12798,neutral,neutral,0.0,neutral,0.0,neutral,0
12799,neutral,neutral,0.0,neutral,0.0,neutral,0
12800,neutral,neutral,0.0,neutral,0.0,neutral,0
12801,neutral,neutral,0.0,neutral,0.0,neutral,0
12802,neutral,neutral,0.0,neutral,0.0,neutral,0
12803,neutral,neutral,0.0,neutral,0.0,neutral,0
12804,neutral,neutral,0.0,neutral,0.0,neutral,0
12805,neutral,neutral,0.0,neutral,0.0,neutral,0
12806,neutral,neutral,0.0,neutral,0.0,neutral,0
12807,neutral,neutral,0.0,neutral,0.0,neutral,0
12808,neutral,neutral,0.0,neutral,0.0,neutral,0
12809,neutral,neutral,0.0,neutral,0.0,neutral,0
12810,neutral,neutral,0.0,neutral,0.0,neutral,0
12811,neutral,neutral,0.0,neutral,0.0,neutral,0
12812,neutral,neutral,0.0,neutral,0.0,neutral,0
12813,neutral,neutral,0.0,neutral,0.0,neutral,0
12814,neutral,neutral,0.0,neutral,0.0,neutral,0
12815,neutral,neutral,0.0,neutral,0.0,neutral,0
12816,neutral,neutral,0.0,neutral,0.0,neutral,0
12817,neutral,neutral,0.0,neutral,0.0,neutral,0
12818,neutral,neutral,0.0,neutral,0.0,neutral,0
12819,neutral,neutral,0.0,neutral,0.0,neutral,0
12820,neutral,neutral,0.0,neutral,0.0,neutral,0
12821,neutral,neutral,0.0,neutral,0.0,neutral,0
12822,neutral,neutral,0.0,neutral,0.0,neutral,0
12823,neutral,neutral,0.0,neutral,0.0,neutral,0
12824,neutral,neutral,0.0,neutral,0.0,neutral,0
12825,neutral,neutral,0.0,neutral,0.0,neutral,0
12826,neutral,neutral,0.0,neutral,0.0,neutral,0
12827,neutral,neutral,0.0,neutral,0.0,neutral,0
12828,neutral,neutral,0.0,neutral,0.0,neutral,0
12829,neutral,neutral,0.0,neutral,0.0,neutral,0
12830,neutral,neutral,0.0,neutral,0.0,neutral,0
12831,neutral,neutral,0.0,neutral,0.0,neutral,0
12832,neutral,neutral,0.0,neutral,0.0,neutral,0
12833,neutral,neutral,0.0,neutral,0.0,neutral,0
12834,neutral,neutral,0.0,neutral,0.0,neutral,0
12835,neutral,neutral,0.0,neutral,0.0,neutral,0
12836,neutral,neutral,0.0,neutral,0.0,neutral,0
12837,neutral,neutral,0.0,neutral,0.0,neutral,0
12838,neutral,neutral,0.0,neutral,0.0,neutral,0
12839,neutral,neutral,0.0,neutral,0.0,neutral,0
12840,neutral,neutral,0.0,neutral,0.0,neutral,0
12841,neutral,neutral,0.0,neutral,0.0,neutral,0
12842,neutral,neutral,0.0,neutral,0.0,neutral,0
12843,neutral,neutral,0.0,neutral,0.0,neutral,0
12844,neutral,neutral,0.0,neutral,0.0,neutral,0
12845,neutral,neutral,0.0,neutral,0.0,neutral,0
12846,neutral,neutral,0.0,neutral,0.0,neutral,0
12847,neutral,neutral,0.0,neutral,0.0,neutral,0
12848,neutral,neutral,0.0,neutral,0.0,neutral,0
12849,neutral,neutral,0.0,neutral,0.0,neutral,0
12850,neutral,neutral,0.0,neutral,0.0,neutral,0
12851,neutral,neutral,0.0,neutral,0.0,neutral,0
12852,neutral,neutral,0.0,neutral,0.0,neutral,0
12853,neutral,neutral,0.0,neutral,0.0,neutral,0
12854,neutral,neutral,0.0,neutral,0.0,neutral,0
12855,neutral,neutral,0.0,neutral,0.0,neutral,0
12856,neutral,neutral,0.0,neutral,0.0,neutral,0
12857,neutral,neutral,0.0,neutral,0.0,neutral,0
12858,neutral,neutral,0.0,neutral,0.0,neutral,0
12859,neutral,neutral,0.0,neutral,0.0,neutral,0
12860,neutral,neutral,0.0,neutral,0.0,neutral,0
12861,neutral,neutral,0.0,neutral,0.0,neutral,0
12862,neutral,neutral,0.0,neutral,0.0,neutral,0
12863,neutral,neutral,0.0,neutral,0.0,neutral,0
12864,neutral,neutral,0.0,neutral,0.0,neutral,0
12865,neutral,neutral,0.0,neutral,0.0,neutral,0
12866,neutral,neutral,0.0,neutral,0.0,neutral,0
12867,neutral,neutral,0.0,neutral,0.0,neutral,0
12868,neutral,neutral,0.0,neutral,0.0,neutral,0
12869,neutral,neutral,0.0,neutral,0.0,neutral,0
12870,neutral,neutral,0.0,neutral,0.0,neutral,0
12871,neutral,neutral,0.0,neutral,0.0,neutral,0
12872,neutral,neutral,0.0,neutral,0.0,neutral,0
12873,neutral,neutral,0.0,neutral,0.0,neutral,0
12874,neutral,neutral,0.0,neutral,0.0,neutral,0
12875,neutral,neutral,0.0,neutral,0.0,neutral,0
12876,neutral,neutral,0.0,neutral,0.0,neutral,0
12877,neutral,neutral,0.0,neutral,0.0,neutral,0
12878,neutral,neutral,0.0,neutral,0.0,neutral,0
12879,neutral,neutral,0.0,neutral,0.0,neutral,0
12880,neutral,neutral,0.0,neutral,0.0,neutral,0
12881,neutral,neutral,0.0,neutral,0.0,neutral,0
12882,neutral,neutral,0.0,neutral,0.0,neutral,0
12883,neutral,neutral,0.0,neutral,0.0,neutral,0
12884,neutral,neutral,0.0,neutral,0.0,neutral,0
12885,neutral,neutral,0.0,neutral,0.0,neutral,0
12886,neutral,neutral,0.0,neutral,0.0,neutral,0
12887,neutral,neutral,0.0,neutral,0.0,neutral,0
12888,neutral,neutral,0.0,neutral,0.0,neutral,0
12889,neutral,neutral,0.0,neutral,0.0,neutral,0
12890,neutral,neutral,0.0,neutral,0.0,neutral,0
12891,neutral,neutral,0.0,neutral,0.0,neutral,0
12892,neutral,neutral,0.0,neutral,0.0,neutral,0
12893,neutral,neutral,0.0,neutral,0.0,neutral,0
12894,neutral,neutral,0.0,neutral,0.0,neutral,0
12895,neutral,neutral,0.0,neutral,0.0,neutral,0
12896,neutral,neutral,0.0,neutral,0.0,neutral,0
12897,neutral,neutral,0.0,neutral,0.0,neutral,0
12898,neutral,neutral,0.0,neutral,0.0,neutral,0
12899,neutral,neutral,0.0,neutral,0.0,neutral,0
12900,neutral,neutral,0.0,neutral,0.0,neutral,0
12901,neutral,neutral,0.0,neutral,0.0,neutral,0
12902,neutral,neutral,0.0,neutral,0.0,neutral,0
12903,neutral,neutral,0.0,neutral,0.0,neutral,0
12904,neutral,neutral,0.0,neutral,0.0,neutral,0
12905,neutral,neutral,0.0,neutral,0.0,neutral,0
12906,neutral,neutral,0.0,neutral,0.0,neutral,0
12907,neutral,neutral,0.0,neutral,0.0,neutral,0
12908,neutral,neutral,0.0,neutral,0.0,neutral,0
12909,neutral,neutral,0.0,neutral,0.0,neutral,0
12910,neutral,neutral,0.0,neutral,0.0,neutral,0
12911,neutral,neutral,0.0,neutral,0.0,neutral,0
12912,neutral,neutral,0.0,neutral,0.0,neutral,0
12913,neutral,neutral,0.0,neutral,0.0,neutral,0
12914,neutral,neutral,0.0,neutral,0.0,neutral,0
12915,neutral,neutral,0.0,neutral,0.0,neutral,0
12916,neutral,neutral,0.0,neutral,0.0,neutral,0
12917,neutral,neutral,0.0,neutral,0.0,neutral,0
12918,neutral,neutral,0.0,neutral,0.0,neutral,0
12919,neutral,neutral,0.0,neutral,0.0,neutral,0
12920,neutral,neutral,0.0,neutral,0.0,neutral,0
12921,neutral,neutral,0.0,neutral,0.0,neutral,0
12922,neutral,neutral,0.0,neutral,0.0,neutral,0
12923,neutral,neutral,0.0,neutral,0.0,neutral,0
12924,neutral,neutral,0.0,neutral,0.0,neutral,0
12925,neutral,neutral,0.0,neutral,0.0,neutral,0
12926,neutral,neutral,0.0,neutral,0.0,neutral,0
12927,neutral,neutral,0.0,neutral,0.0,neutral,0
12928,neutral,neutral,0.0,neutral,0.0,neutral,0
12929,neutral,neutral,0.0,neutral,0.0,neutral,0
12930,neutral,neutral,0.0,neutral,0.0,neutral,0
12931,neutral,neutral,0.0,neutral,0.0,neutral,0
12932,neutral,neutral,0.0,neutral,0.0,neutral,0
12933,neutral,neutral,0.0,neutral,0.0,neutral,0
12934,neutral,neutral,0.0,neutral,0.0,neutral,0
12935,neutral,neutral,0.0,neutral,0.0,neutral,0
12936,neutral,neutral,0.0,neutral,0.0,neutral,0
12937,neutral,neutral,0.0,neutral,0.0,neutral,0
12938,neutral,neutral,0.0,neutral,0.0,neutral,0
12939,neutral,neutral,0.0,neutral,0.0,neutral,0
12940,neutral,neutral,0.0,neutral,0.0,neutral,0
12941,neutral,neutral,0.0,neutral,0.0,neutral,0
12942,neutral,neutral,0.0,neutral,0.0,neutral,0
12943,neutral,neutral,0.0,neutral,0.0,neutral,0
12944,neutral,neutral,0.0,neutral,0.0,neutral,0
12945,neutral,neutral,0.0,neutral,0.0,neutral,0
12946,neutral,neutral,0.0,neutral,0.0,neutral,0
12947,neutral,neutral,0.0,neutral,0.0,neutral,0
12948,neutral,neutral,0.0,neutral,0.0,neutral,0
12949,neutral,neutral,0.0,neutral,0.0,neutral,0
12950,neutral,neutral,0.0,neutral,0.0,neutral,0
12951,neutral,neutral,0.0,neutral,0.0,neutral,0
12952,neutral,neutral,0.0,neutral,0.0,neutral,0
12953,neutral,neutral,0.0,neutral,0.0,neutral,0
12954,neutral,neutral,0.0,neutral,0.0,neutral,0
12955,neutral,neutral,0.0,neutral,0.0,neutral,0
12956,neutral,neutral,0.0,neutral,0.0,neutral,0
12957,neutral,neutral,0.0,neutral,0.0,neutral,0
12958,neutral,neutral,0.0,neutral,0.0,neutral,0
12959,neutral,neutral,0.0,neutral,0.0,neutral,0
12960,neutral,neutral,0.0,neutral,0.0,neutral,0
12961,neutral,neutral,0.0,neutral,0.0,neutral,0
12962,neutral,neutral,0.0,neutral,0.0,neutral,0
12963,neutral,neutral,0.0,neutral,0.0,neutral,0
12964,neutral,neutral,0.0,neutral,0.0,neutral,0
12965,neutral,neutral,0.0,neutral,0.0,neutral,0
12966,neutral,neutral,0.0,neutral,0.0,neutral,0
12967,neutral,neutral,0.0,neutral,0.0,neutral,0
12968,neutral,neutral,0.0,neutral,0.0,neutral,0
12969,neutral,neutral,0.0,neutral,0.0,neutral,0
12970,neutral,neutral,0.0,neutral,0.0,neutral,0
12971,neutral,neutral,0.0,neutral,0.0,neutral,0
12972,neutral,neutral,0.0,neutral,0.0,neutral,0
12973,neutral,neutral,0.0,neutral,0.0,neutral,0
12974,neutral,neutral,0.0,neutral,0.0,neutral,0
12975,neutral,neutral,0.0,neutral,0.0,neutral,0
12976,neutral,neutral,0.0,neutral,0.0,neutral,0
12977,neutral,neutral,0.0,neutral,0.0,neutral,0
12978,neutral,neutral,0.0,neutral,0.0,neutral,0
12979,neutral,neutral,0.0,neutral,0.0,neutral,0
12980,neutral,neutral,0.0,neutral,0.0,neutral,0
12981,neutral,neutral,0.0,neutral,0.0,neutral,0
12982,neutral,neutral,0.0,neutral,0.0,neutral,0
12983,neutral,neutral,0.0,neutral,0.0,neutral,0
12984,neutral,neutral,0.0,neutral,0.0,neutral,0
12985,neutral,neutral,0.0,neutral,0.0,neutral,0
12986,neutral,neutral,0.0,neutral,0.0,neutral,0
12987,neutral,neutral,0.0,neutral,0.0,neutral,0
12988,neutral,neutral,0.0,neutral,0.0,neutral,0
12989,neutral,neutral,0.0,neutral,0.0,neutral,0
12990,neutral,neutral,0.0,neutral,0.0,neutral,0
12991,neutral,neutral,0.0,neutral,0.0,neutral,0
12992,neutral,neutral,0.0,neutral,0.0,neutral,0
12993,neutral,neutral,0.0,neutral,0.0,neutral,0
12994,neutral,neutral,0.0,neutral,0.0,neutral,0
12995,neutral,neutral,0.0,neutral,0.0,neutral,0
12996,neutral,neutral,0.0,neutral,0.0,neutral,0
12997,neutral,neutral,0.0,neutral,0.0,neutral,0
12998,neutral,neutral,0.0,neutral,0.0,neutral,0
12999,neutral,neutral,0.0,neutral,0.0,neutral,0
13000,neutral,neutral,0.0,neutral,0.0,neutral,0
13001,neutral,neutral,0.0,neutral,0.0,neutral,0
13002,neutral,neutral,0.0,neutral,0.0,neutral,0
13003,neutral,neutral,0.0,neutral,0.0,neutral,0
13004,neutral,neutral,0.0,neutral,0.0,neutral,0
13005,neutral,neutral,0.0,neutral,0.0,neutral,0
13006,neutral,neutral,0.0,neutral,0.0,neutral,0
13007,neutral,neutral,0.0,neutral,0.0,neutral,0
13008,neutral,neutral,0.0,neutral,0.0,neutral,0
13009,neutral,neutral,0.0,neutral,0.0,neutral,0
13010,neutral,neutral,0.0,neutral,0.0,neutral,0
13011,neutral,neutral,0.0,neutral,0.0,neutral,0
13012,neutral,neutral,0.0,neutral,0.0,neutral,0
13013,neutral,neutral,0.0,neutral,0.0,neutral,0
13014,neutral,neutral,0.0,neutral,0.0,neutral,0
13015,neutral,neutral,0.0,neutral,0.0,neutral,0
13016,neutral,neutral,0.0,neutral,0.0,neutral,0
13017,neutral,neutral,0.0,neutral,0.0,neutral,0
13018,neutral,neutral,0.0,neutral,0.0,neutral,0
13019,neutral,neutral,0.0,neutral,0.0,neutral,0
13020,neutral,neutral,0.0,neutral,0.0,neutral,0
13021,neutral,neutral,0.0,neutral,0.0,neutral,0
13022,neutral,neutral,0.0,neutral,0.0,neutral,0
13023,neutral,neutral,0.0,neutral,0.0,neutral,0
13024,neutral,neutral,0.0,neutral,0.0,neutral,0
13025,neutral,neutral,0.0,neutral,0.0,neutral,0
13026,neutral,neutral,0.0,neutral,0.0,neutral,0
13027,neutral,neutral,0.0,neutral,0.0,neutral,0
13028,neutral,neutral,0.0,neutral,0.0,neutral,0
13029,neutral,neutral,0.0,neutral,0.0,neutral,0
13030,neutral,neutral,0.0,neutral,0.0,neutral,0
13031,neutral,neutral,0.0,neutral,0.0,neutral,0
13032,neutral,neutral,0.0,neutral,0.0,neutral,0
13033,neutral,neutral,0.0,neutral,0.0,neutral,0
13034,neutral,neutral,0.0,neutral,0.0,neutral,0
13035,neutral,neutral,0.0,neutral,0.0,neutral,0
13036,neutral,neutral,0.0,neutral,0.0,neutral,0
13037,neutral,neutral,0.0,neutral,0.0,neutral,0
13038,neutral,neutral,0.0,neutral,0.0,neutral,0
13039,neutral,neutral,0.0,neutral,0.0,neutral,0
13040,neutral,neutral,0.0,neutral,0.0,neutral,0
13041,neutral,neutral,0.0,neutral,0.0,neutral,0
13042,neutral,neutral,0.0,neutral,0.0,neutral,0
13043,neutral,neutral,0.0,neutral,0.0,neutral,0
13044,neutral,neutral,0.0,neutral,0.0,neutral,0
13045,neutral,neutral,0.0,neutral,0.0,neutral,0
13046,neutral,neutral,0.0,neutral,0.0,neutral,0
13047,neutral,neutral,0.0,neutral,0.0,neutral,0
13048,neutral,neutral,0.0,neutral,0.0,neutral,0
13049,neutral,neutral,0.0,neutral,0.0,neutral,0
13050,neutral,neutral,0.0,neutral,0.0,neutral,0
13051,neutral,neutral,0.0,neutral,0.0,neutral,0
13052,neutral,neutral,0.0,neutral,0.0,neutral,0
13053,neutral,neutral,0.0,neutral,0.0,neutral,0
13054,neutral,neutral,0.0,neutral,0.0,neutral,0
13055,neutral,neutral,0.0,neutral,0.0,neutral,0
13056,neutral,neutral,0.0,neutral,0.0,neutral,0
13057,neutral,neutral,0.0,neutral,0.0,neutral,0
13058,neutral,neutral,0.0,neutral,0.0,neutral,0
13059,neutral,neutral,0.0,neutral,0.0,neutral,0
13060,neutral,neutral,0.0,neutral,0.0,neutral,0
13061,neutral,neutral,0.0,neutral,0.0,neutral,0
13062,neutral,neutral,0.0,neutral,0.0,neutral,0
13063,neutral,neutral,0.0,neutral,0.0,neutral,0
13064,neutral,neutral,0.0,neutral,0.0,neutral,0
13065,neutral,neutral,0.0,neutral,0.0,neutral,0
13066,neutral,neutral,0.0,neutral,0.0,neutral,0
13067,neutral,neutral,0.0,neutral,0.0,neutral,0
13068,neutral,neutral,0.0,neutral,0.0,neutral,0
13069,neutral,neutral,0.0,neutral,0.0,neutral,0
13070,neutral,neutral,0.0,neutral,0.0,neutral,0
13071,neutral,neutral,0.0,neutral,0.0,neutral,0
13072,neutral,neutral,0.0,neutral,0.0,neutral,0
13073,neutral,neutral,0.0,neutral,0.0,neutral,0
13074,neutral,neutral,0.0,neutral,0.0,neutral,0
13075,neutral,neutral,0.0,neutral,0.0,neutral,0
13076,neutral,neutral,0.0,neutral,0.0,neutral,0
13077,neutral,neutral,0.0,neutral,0.0,neutral,0
13078,neutral,neutral,0.0,neutral,0.0,neutral,0
13079,neutral,neutral,0.0,neutral,0.0,neutral,0
13080,neutral,neutral,0.0,neutral,0.0,neutral,0
13081,neutral,neutral,0.0,neutral,0.0,neutral,0
13082,neutral,neutral,0.0,neutral,0.0,neutral,0
13083,neutral,neutral,0.0,neutral,0.0,neutral,0
13084,neutral,neutral,0.0,neutral,0.0,neutral,0
13085,neutral,neutral,0.0,neutral,0.0,neutral,0
13086,neutral,neutral,0.0,neutral,0.0,neutral,0
13087,neutral,neutral,0.0,neutral,0.0,neutral,0
13088,neutral,neutral,0.0,neutral,0.0,neutral,0
13089,neutral,neutral,0.0,neutral,0.0,neutral,0
13090,neutral,neutral,0.0,neutral,0.0,neutral,0
13091,neutral,neutral,0.0,neutral,0.0,neutral,0
13092,neutral,neutral,0.0,neutral,0.0,neutral,0
13093,neutral,neutral,0.0,neutral,0.0,neutral,0
13094,neutral,neutral,0.0,neutral,0.0,neutral,0
13095,neutral,neutral,0.0,neutral,0.0,neutral,0
13096,neutral,neutral,0.0,neutral,0.0,neutral,0
13097,neutral,neutral,0.0,neutral,0.0,neutral,0
13098,neutral,neutral,0.0,neutral,0.0,neutral,0
13099,neutral,neutral,0.0,neutral,0.0,neutral,0
13100,neutral,neutral,0.0,neutral,0.0,neutral,0
13101,neutral,neutral,0.0,neutral,0.0,neutral,0
13102,neutral,neutral,0.0,neutral,0.0,neutral,0
13103,neutral,neutral,0.0,neutral,0.0,neutral,0
13104,neutral,neutral,0.0,neutral,0.0,neutral,0
13105,neutral,neutral,0.0,neutral,0.0,neutral,0
13106,neutral,neutral,0.0,neutral,0.0,neutral,0
13107,neutral,neutral,0.0,neutral,0.0,neutral,0
13108,neutral,neutral,0.0,neutral,0.0,neutral,0
13109,neutral,neutral,0.0,neutral,0.0,neutral,0
13110,neutral,neutral,0.0,neutral,0.0,neutral,0
13111,neutral,neutral,0.0,neutral,0.0,neutral,0
13112,neutral,neutral,0.0,neutral,0.0,neutral,0
13113,neutral,neutral,0.0,neutral,0.0,neutral,0
13114,neutral,neutral,0.0,neutral,0.0,neutral,0
13115,neutral,neutral,0.0,neutral,0.0,neutral,0
13116,neutral,neutral,0.0,neutral,0.0,neutral,0
13117,neutral,neutral,0.0,neutral,0.0,neutral,0
13118,neutral,neutral,0.0,neutral,0.0,neutral,0
13119,neutral,neutral,0.0,neutral,0.0,neutral,0
13120,neutral,neutral,0.0,neutral,0.0,neutral,0
13121,neutral,neutral,0.0,neutral,0.0,neutral,0
13122,neutral,neutral,0.0,neutral,0.0,neutral,0
13123,neutral,neutral,0.0,neutral,0.0,neutral,0
13124,neutral,neutral,0.0,neutral,0.0,neutral,0
13125,neutral,neutral,0.0,neutral,0.0,neutral,0
13126,neutral,neutral,0.0,neutral,0.0,neutral,0
13127,neutral,neutral,0.0,neutral,0.0,neutral,0
13128,neutral,neutral,0.0,neutral,0.0,neutral,0
13129,neutral,neutral,0.0,neutral,0.0,neutral,0
13130,neutral,neutral,0.0,neutral,0.0,neutral,0
13131,neutral,neutral,0.0,neutral,0.0,neutral,0
13132,neutral,neutral,0.0,neutral,0.0,neutral,0
13133,neutral,neutral,0.0,neutral,0.0,neutral,0
13134,neutral,neutral,0.0,neutral,0.0,neutral,0
13135,neutral,neutral,0.0,neutral,0.0,neutral,0
13136,neutral,neutral,0.0,neutral,0.0,neutral,0
13137,neutral,neutral,0.0,neutral,0.0,neutral,0
13138,neutral,neutral,0.0,neutral,0.0,neutral,0
13139,neutral,neutral,0.0,neutral,0.0,neutral,0
13140,neutral,neutral,0.0,neutral,0.0,neutral,0
13141,neutral,neutral,0.0,neutral,0.0,neutral,0
13142,neutral,neutral,0.0,neutral,0.0,neutral,0
13143,neutral,neutral,0.0,neutral,0.0,neutral,0
13144,neutral,neutral,0.0,neutral,0.0,neutral,0
13145,neutral,neutral,0.0,neutral,0.0,neutral,0
13146,neutral,neutral,0.0,neutral,0.0,neutral,0
13147,neutral,neutral,0.0,neutral,0.0,neutral,0
13148,neutral,neutral,0.0,neutral,0.0,neutral,0
13149,neutral,neutral,0.0,neutral,0.0,neutral,0
13150,neutral,neutral,0.0,neutral,0.0,neutral,0
13151,neutral,neutral,0.0,neutral,0.0,neutral,0
13152,neutral,neutral,0.0,neutral,0.0,neutral,0
13153,neutral,neutral,0.0,neutral,0.0,neutral,0
13154,neutral,neutral,0.0,neutral,0.0,neutral,0
13155,neutral,neutral,0.0,neutral,0.0,neutral,0
13156,neutral,neutral,0.0,neutral,0.0,neutral,0
13157,neutral,neutral,0.0,neutral,0.0,neutral,0
13158,neutral,neutral,0.0,neutral,0.0,neutral,0
13159,neutral,neutral,0.0,neutral,0.0,neutral,0
13160,neutral,neutral,0.0,neutral,0.0,neutral,0
13161,neutral,neutral,0.0,neutral,0.0,neutral,0
13162,neutral,neutral,0.0,neutral,0.0,neutral,0
13163,neutral,neutral,0.0,neutral,0.0,neutral,0
13164,neutral,neutral,0.0,neutral,0.0,neutral,0
13165,neutral,neutral,0.0,neutral,0.0,neutral,0
13166,neutral,neutral,0.0,neutral,0.0,neutral,0
13167,neutral,neutral,0.0,neutral,0.0,neutral,0
13168,neutral,neutral,0.0,neutral,0.0,neutral,0
13169,neutral,neutral,0.0,neutral,0.0,neutral,0
13170,neutral,neutral,0.0,neutral,0.0,neutral,0
13171,neutral,neutral,0.0,neutral,0.0,neutral,0
13172,neutral,neutral,0.0,neutral,0.0,neutral,0
13173,neutral,neutral,0.0,neutral,0.0,neutral,0
13174,neutral,neutral,0.0,neutral,0.0,neutral,0
13175,neutral,neutral,0.0,neutral,0.0,neutral,0
13176,neutral,neutral,0.0,neutral,0.0,neutral,0
13177,neutral,neutral,0.0,neutral,0.0,neutral,0
13178,neutral,neutral,0.0,neutral,0.0,neutral,0
13179,neutral,neutral,0.0,neutral,0.0,neutral,0
13180,neutral,neutral,0.0,neutral,0.0,neutral,0
13181,neutral,neutral,0.0,neutral,0.0,neutral,0
13182,neutral,neutral,0.0,neutral,0.0,neutral,0
13183,neutral,neutral,0.0,neutral,0.0,neutral,0
13184,neutral,neutral,0.0,neutral,0.0,neutral,0
13185,neutral,neutral,0.0,neutral,0.0,neutral,0
13186,neutral,neutral,0.0,neutral,0.0,neutral,0
13187,neutral,neutral,0.0,neutral,0.0,neutral,0
13188,neutral,neutral,0.0,neutral,0.0,neutral,0
13189,neutral,neutral,0.0,neutral,0.0,neutral,0
13190,neutral,neutral,0.0,neutral,0.0,neutral,0
13191,neutral,neutral,0.0,neutral,0.0,neutral,0
13192,neutral,neutral,0.0,neutral,0.0,neutral,0
13193,neutral,neutral,0.0,neutral,0.0,neutral,0
13194,neutral,neutral,0.0,neutral,0.0,neutral,0
13195,neutral,neutral,0.0,neutral,0.0,neutral,0
13196,neutral,neutral,0.0,neutral,0.0,neutral,0
13197,neutral,neutral,0.0,neutral,0.0,neutral,0
13198,neutral,neutral,0.0,neutral,0.0,neutral,0
13199,neutral,neutral,0.0,neutral,0.0,neutral,0
13200,neutral,neutral,0.0,neutral,0.0,neutral,0
13201,neutral,neutral,0.0,neutral,0.0,neutral,0
13202,neutral,neutral,0.0,neutral,0.0,neutral,0
13203,neutral,neutral,0.0,neutral,0.0,neutral,0
13204,neutral,neutral,0.0,neutral,0.0,neutral,0
13205,neutral,neutral,0.0,neutral,0.0,neutral,0
13206,neutral,neutral,0.0,neutral,0.0,neutral,0
13207,neutral,neutral,0.0,neutral,0.0,neutral,0
13208,neutral,neutral,0.0,neutral,0.0,neutral,0
13209,neutral,neutral,0.0,neutral,0.0,neutral,0
13210,neutral,neutral,0.0,neutral,0.0,neutral,0
13211,neutral,neutral,0.0,neutral,0.0,neutral,0
13212,neutral,neutral,0.0,neutral,0.0,neutral,0
13213,neutral,neutral,0.0,neutral,0.0,neutral,0
13214,neutral,neutral,0.0,neutral,0.0,neutral,0
13215,neutral,neutral,0.0,neutral,0.0,neutral,0
13216,neutral,neutral,0.0,neutral,0.0,neutral,0
13217,neutral,neutral,0.0,neutral,0.0,neutral,0
13218,neutral,neutral,0.0,neutral,0.0,neutral,0
13219,neutral,neutral,0.0,neutral,0.0,neutral,0
13220,neutral,neutral,0.0,neutral,0.0,neutral,0
13221,neutral,neutral,0.0,neutral,0.0,neutral,0
13222,neutral,neutral,0.0,neutral,0.0,neutral,0
13223,neutral,neutral,0.0,neutral,0.0,neutral,0
13224,neutral,neutral,0.0,neutral,0.0,neutral,0
13225,neutral,neutral,0.0,neutral,0.0,neutral,0
13226,neutral,neutral,0.0,neutral,0.0,neutral,0
13227,neutral,neutral,0.0,neutral,0.0,neutral,0
13228,neutral,neutral,0.0,neutral,0.0,neutral,0
13229,neutral,neutral,0.0,neutral,0.0,neutral,0
13230,neutral,neutral,0.0,neutral,0.0,neutral,0
13231,neutral,neutral,0.0,neutral,0.0,neutral,0
13232,neutral,neutral,0.0,neutral,0.0,neutral,0
13233,neutral,neutral,0.0,neutral,0.0,neutral,0
13234,neutral,neutral,0.0,neutral,0.0,neutral,0
13235,neutral,neutral,0.0,neutral,0.0,neutral,0
13236,neutral,neutral,0.0,neutral,0.0,neutral,0
13237,neutral,neutral,0.0,neutral,0.0,neutral,0
13238,neutral,neutral,0.0,neutral,0.0,neutral,0
13239,neutral,neutral,0.0,neutral,0.0,neutral,0
13240,neutral,neutral,0.0,neutral,0.0,neutral,0
13241,neutral,neutral,0.0,neutral,0.0,neutral,0
13242,neutral,neutral,0.0,neutral,0.0,neutral,0
13243,neutral,neutral,0.0,neutral,0.0,neutral,0
13244,neutral,neutral,0.0,neutral,0.0,neutral,0
13245,neutral,neutral,0.0,neutral,0.0,neutral,0
13246,neutral,neutral,0.0,neutral,0.0,neutral,0
13247,neutral,neutral,0.0,neutral,0.0,neutral,0
13248,neutral,neutral,0.0,neutral,0.0,neutral,0
13249,neutral,neutral,0.0,neutral,0.0,neutral,0
13250,neutral,neutral,0.0,neutral,0.0,neutral,0
13251,neutral,neutral,0.0,neutral,0.0,neutral,0
13252,neutral,neutral,0.0,neutral,0.0,neutral,0
13253,neutral,neutral,0.0,neutral,0.0,neutral,0
13254,neutral,neutral,0.0,neutral,0.0,neutral,0
13255,neutral,neutral,0.0,neutral,0.0,neutral,0
13256,neutral,neutral,0.0,neutral,0.0,neutral,0
13257,neutral,neutral,0.0,neutral,0.0,neutral,0
13258,neutral,neutral,0.0,neutral,0.0,neutral,0
13259,neutral,neutral,0.0,neutral,0.0,neutral,0
13260,neutral,neutral,0.0,neutral,0.0,neutral,0
13261,neutral,neutral,0.0,neutral,0.0,neutral,0
13262,neutral,neutral,0.0,neutral,0.0,neutral,0
13263,neutral,neutral,0.0,neutral,0.0,neutral,0
13264,neutral,neutral,0.0,neutral,0.0,neutral,0
13265,neutral,neutral,0.0,neutral,0.0,neutral,0
13266,neutral,neutral,0.0,neutral,0.0,neutral,0
13267,neutral,neutral,0.0,neutral,0.0,neutral,0
13268,neutral,neutral,0.0,neutral,0.0,neutral,0
13269,neutral,neutral,0.0,neutral,0.0,neutral,0
13270,neutral,neutral,0.0,neutral,0.0,neutral,0
13271,neutral,neutral,0.0,neutral,0.0,neutral,0
13272,neutral,neutral,0.0,neutral,0.0,neutral,0
13273,neutral,neutral,0.0,neutral,0.0,neutral,0
13274,neutral,neutral,0.0,neutral,0.0,neutral,0
13275,neutral,neutral,0.0,neutral,0.0,neutral,0
13276,neutral,neutral,0.0,neutral,0.0,neutral,0
13277,neutral,neutral,0.0,neutral,0.0,neutral,0
13278,neutral,neutral,0.0,neutral,0.0,neutral,0
13279,neutral,neutral,0.0,neutral,0.0,neutral,0
13280,neutral,neutral,0.0,neutral,0.0,neutral,0
13281,neutral,neutral,0.0,neutral,0.0,neutral,0
13282,neutral,neutral,0.0,neutral,0.0,neutral,0
13283,neutral,neutral,0.0,neutral,0.0,neutral,0
13284,neutral,neutral,0.0,neutral,0.0,neutral,0
13285,neutral,neutral,0.0,neutral,0.0,neutral,0
13286,neutral,neutral,0.0,neutral,0.0,neutral,0
13287,neutral,neutral,0.0,neutral,0.0,neutral,0
13288,neutral,neutral,0.0,neutral,0.0,neutral,0
13289,neutral,neutral,0.0,neutral,0.0,neutral,0
13290,neutral,neutral,0.0,neutral,0.0,neutral,0
13291,neutral,neutral,0.0,neutral,0.0,neutral,0
13292,neutral,neutral,0.0,neutral,0.0,neutral,0
13293,neutral,neutral,0.0,neutral,0.0,neutral,0
13294,neutral,neutral,0.0,neutral,0.0,neutral,0
13295,neutral,neutral,0.0,neutral,0.0,neutral,0
13296,neutral,neutral,0.0,neutral,0.0,neutral,0
13297,neutral,neutral,0.0,neutral,0.0,neutral,0
13298,neutral,neutral,0.0,neutral,0.0,neutral,0
13299,neutral,neutral,0.0,neutral,0.0,neutral,0
13300,neutral,neutral,0.0,neutral,0.0,neutral,0
13301,neutral,neutral,0.0,neutral,0.0,neutral,0
13302,neutral,neutral,0.0,neutral,0.0,neutral,0
13303,neutral,neutral,0.0,neutral,0.0,neutral,0
13304,neutral,neutral,0.0,neutral,0.0,neutral,0
13305,neutral,neutral,0.0,neutral,0.0,neutral,0
13306,neutral,neutral,0.0,neutral,0.0,neutral,0
13307,neutral,neutral,0.0,neutral,0.0,neutral,0
13308,neutral,neutral,0.0,neutral,0.0,neutral,0
13309,neutral,neutral,0.0,neutral,0.0,neutral,0
13310,neutral,neutral,0.0,neutral,0.0,neutral,0
13311,neutral,neutral,0.0,neutral,0.0,neutral,0
13312,neutral,neutral,0.0,neutral,0.0,neutral,0
13313,neutral,neutral,0.0,neutral,0.0,neutral,0
13314,neutral,neutral,0.0,neutral,0.0,neutral,0
13315,neutral,neutral,0.0,neutral,0.0,neutral,0
13316,neutral,neutral,0.0,neutral,0.0,neutral,0
13317,neutral,neutral,0.0,neutral,0.0,neutral,0
13318,neutral,neutral,0.0,neutral,0.0,neutral,0
13319,neutral,neutral,0.0,neutral,0.0,neutral,0
13320,neutral,neutral,0.0,neutral,0.0,neutral,0
13321,neutral,neutral,0.0,neutral,0.0,neutral,0
13322,neutral,neutral,0.0,neutral,0.0,neutral,0
13323,neutral,neutral,0.0,neutral,0.0,neutral,0
13324,neutral,neutral,0.0,neutral,0.0,neutral,0
13325,neutral,neutral,0.0,neutral,0.0,neutral,0
13326,neutral,neutral,0.0,neutral,0.0,neutral,0
13327,neutral,neutral,0.0,neutral,0.0,neutral,0
13328,neutral,neutral,0.0,neutral,0.0,neutral,0
13329,neutral,neutral,0.0,neutral,0.0,neutral,0
13330,neutral,neutral,0.0,neutral,0.0,neutral,0
13331,neutral,neutral,0.0,neutral,0.0,neutral,0
13332,neutral,neutral,0.0,neutral,0.0,neutral,0
13333,neutral,neutral,0.0,neutral,0.0,neutral,0
13334,neutral,neutral,0.0,neutral,0.0,neutral,0
13335,neutral,neutral,0.0,neutral,0.0,neutral,0
13336,neutral,neutral,0.0,neutral,0.0,neutral,0
13337,neutral,neutral,0.0,neutral,0.0,neutral,0
13338,neutral,neutral,0.0,neutral,0.0,neutral,0
13339,neutral,neutral,0.0,neutral,0.0,neutral,0
13340,neutral,neutral,0.0,neutral,0.0,neutral,0
13341,neutral,neutral,0.0,neutral,0.0,neutral,0
13342,neutral,neutral,0.0,neutral,0.0,neutral,0
13343,neutral,neutral,0.0,neutral,0.0,neutral,0
13344,neutral,neutral,0.0,neutral,0.0,neutral,0
13345,neutral,neutral,0.0,neutral,0.0,neutral,0
13346,neutral,neutral,0.0,neutral,0.0,neutral,0
13347,neutral,neutral,0.0,neutral,0.0,neutral,0
13348,neutral,neutral,0.0,neutral,0.0,neutral,0
13349,neutral,neutral,0.0,neutral,0.0,neutral,0
13350,neutral,neutral,0.0,neutral,0.0,neutral,0
13351,neutral,neutral,0.0,neutral,0.0,neutral,0
13352,neutral,neutral,0.0,neutral,0.0,neutral,0
13353,neutral,neutral,0.0,neutral,0.0,neutral,0
13354,neutral,neutral,0.0,neutral,0.0,neutral,0
13355,neutral,neutral,0.0,neutral,0.0,neutral,0
13356,neutral,neutral,0.0,neutral,0.0,neutral,0
13357,neutral,neutral,0.0,neutral,0.0,neutral,0
13358,neutral,neutral,0.0,neutral,0.0,neutral,0
13359,neutral,neutral,0.0,neutral,0.0,neutral,0
13360,neutral,neutral,0.0,neutral,0.0,neutral,0
13361,neutral,neutral,0.0,neutral,0.0,neutral,0
13362,neutral,neutral,0.0,neutral,0.0,neutral,0
13363,neutral,neutral,0.0,neutral,0.0,neutral,0
13364,neutral,neutral,0.0,neutral,0.0,neutral,0
13365,neutral,neutral,0.0,neutral,0.0,neutral,0
13366,neutral,neutral,0.0,neutral,0.0,neutral,0
13367,neutral,neutral,0.0,neutral,0.0,neutral,0
13368,neutral,neutral,0.0,neutral,0.0,neutral,0
13369,neutral,neutral,0.0,neutral,0.0,neutral,0
13370,neutral,neutral,0.0,neutral,0.0,neutral,0
13371,neutral,neutral,0.0,neutral,0.0,neutral,0
13372,neutral,neutral,0.0,neutral,0.0,neutral,0
13373,neutral,neutral,0.0,neutral,0.0,neutral,0
13374,neutral,neutral,0.0,neutral,0.0,neutral,0
13375,neutral,neutral,0.0,neutral,0.0,neutral,0
13376,neutral,neutral,0.0,neutral,0.0,neutral,0
13377,neutral,neutral,0.0,neutral,0.0,neutral,0
13378,neutral,neutral,0.0,neutral,0.0,neutral,0
13379,neutral,neutral,0.0,neutral,0.0,neutral,0
13380,neutral,neutral,0.0,neutral,0.0,neutral,0
13381,neutral,neutral,0.0,neutral,0.0,neutral,0
13382,neutral,neutral,0.0,neutral,0.0,neutral,0
13383,neutral,neutral,0.0,neutral,0.0,neutral,0
13384,neutral,neutral,0.0,neutral,0.0,neutral,0
13385,neutral,neutral,0.0,neutral,0.0,neutral,0
13386,neutral,neutral,0.0,neutral,0.0,neutral,0
13387,neutral,neutral,0.0,neutral,0.0,neutral,0
13388,neutral,neutral,0.0,neutral,0.0,neutral,0
13389,neutral,neutral,0.0,neutral,0.0,neutral,0
13390,neutral,neutral,0.0,neutral,0.0,neutral,0
13391,neutral,neutral,0.0,neutral,0.0,neutral,0
13392,neutral,neutral,0.0,neutral,0.0,neutral,0
13393,neutral,neutral,0.0,neutral,0.0,neutral,0
13394,neutral,neutral,0.0,neutral,0.0,neutral,0
13395,neutral,neutral,0.0,neutral,0.0,neutral,0
13396,neutral,neutral,0.0,neutral,0.0,neutral,0
13397,neutral,neutral,0.0,neutral,0.0,neutral,0
13398,neutral,neutral,0.0,neutral,0.0,neutral,0
13399,neutral,neutral,0.0,neutral,0.0,neutral,0
13400,neutral,neutral,0.0,neutral,0.0,neutral,0
13401,neutral,neutral,0.0,neutral,0.0,neutral,0
13402,neutral,neutral,0.0,neutral,0.0,neutral,0
13403,neutral,neutral,0.0,neutral,0.0,neutral,0
13404,neutral,neutral,0.0,neutral,0.0,neutral,0
13405,neutral,neutral,0.0,neutral,0.0,neutral,0
13406,neutral,neutral,0.0,neutral,0.0,neutral,0
13407,neutral,neutral,0.0,neutral,0.0,neutral,0
13408,neutral,neutral,0.0,neutral,0.0,neutral,0
13409,neutral,neutral,0.0,neutral,0.0,neutral,0
13410,neutral,neutral,0.0,neutral,0.0,neutral,0
13411,neutral,neutral,0.0,neutral,0.0,neutral,0
13412,neutral,neutral,0.0,neutral,0.0,neutral,0
13413,neutral,neutral,0.0,neutral,0.0,neutral,0
13414,neutral,neutral,0.0,neutral,0.0,neutral,0
13415,neutral,neutral,0.0,neutral,0.0,neutral,0
13416,neutral,neutral,0.0,neutral,0.0,neutral,0
13417,neutral,neutral,0.0,neutral,0.0,neutral,0
13418,neutral,neutral,0.0,neutral,0.0,neutral,0
13419,neutral,neutral,0.0,neutral,0.0,neutral,0
13420,neutral,neutral,0.0,neutral,0.0,neutral,0
13421,neutral,neutral,0.0,neutral,0.0,neutral,0
13422,neutral,neutral,0.0,neutral,0.0,neutral,0
13423,neutral,neutral,0.0,neutral,0.0,neutral,0
13424,neutral,neutral,0.0,neutral,0.0,neutral,0
13425,neutral,neutral,0.0,neutral,0.0,neutral,0
13426,neutral,neutral,0.0,neutral,0.0,neutral,0
13427,neutral,neutral,0.0,neutral,0.0,neutral,0
13428,neutral,neutral,0.0,neutral,0.0,neutral,0
13429,neutral,neutral,0.0,neutral,0.0,neutral,0
13430,neutral,neutral,0.0,neutral,0.0,neutral,0
13431,neutral,neutral,0.0,neutral,0.0,neutral,0
13432,neutral,neutral,0.0,neutral,0.0,neutral,0
13433,neutral,neutral,0.0,neutral,0.0,neutral,0
13434,neutral,neutral,0.0,neutral,0.0,neutral,0
13435,neutral,neutral,0.0,neutral,0.0,neutral,0
13436,neutral,neutral,0.0,neutral,0.0,neutral,0
13437,neutral,neutral,0.0,neutral,0.0,neutral,0
13438,neutral,neutral,0.0,neutral,0.0,neutral,0
13439,neutral,neutral,0.0,neutral,0.0,neutral,0
13440,neutral,neutral,0.0,neutral,0.0,neutral,0
13441,neutral,neutral,0.0,neutral,0.0,neutral,0
13442,neutral,neutral,0.0,neutral,0.0,neutral,0
13443,neutral,neutral,0.0,neutral,0.0,neutral,0
13444,neutral,neutral,0.0,neutral,0.0,neutral,0
13445,neutral,neutral,0.0,neutral,0.0,neutral,0
13446,neutral,neutral,0.0,neutral,0.0,neutral,0
13447,neutral,neutral,0.0,neutral,0.0,neutral,0
13448,neutral,neutral,0.0,neutral,0.0,neutral,0
13449,neutral,neutral,0.0,neutral,0.0,neutral,0
13450,neutral,neutral,0.0,neutral,0.0,neutral,0
13451,neutral,neutral,0.0,neutral,0.0,neutral,0
13452,neutral,neutral,0.0,neutral,0.0,neutral,0
13453,neutral,neutral,0.0,neutral,0.0,neutral,0
13454,neutral,neutral,0.0,neutral,0.0,neutral,0
13455,neutral,neutral,0.0,neutral,0.0,neutral,0
13456,neutral,neutral,0.0,neutral,0.0,neutral,0
13457,neutral,neutral,0.0,neutral,0.0,neutral,0
13458,neutral,neutral,0.0,neutral,0.0,neutral,0
13459,neutral,neutral,0.0,neutral,0.0,neutral,0
13460,neutral,neutral,0.0,neutral,0.0,neutral,0
13461,neutral,neutral,0.0,neutral,0.0,neutral,0
13462,neutral,neutral,0.0,neutral,0.0,neutral,0
13463,neutral,neutral,0.0,neutral,0.0,neutral,0
13464,neutral,neutral,0.0,neutral,0.0,neutral,0
13465,neutral,neutral,0.0,neutral,0.0,neutral,0
13466,neutral,neutral,0.0,neutral,0.0,neutral,0
13467,neutral,neutral,0.0,neutral,0.0,neutral,0
13468,neutral,neutral,0.0,neutral,0.0,neutral,0
13469,neutral,neutral,0.0,neutral,0.0,neutral,0
13470,neutral,neutral,0.0,neutral,0.0,neutral,0
13471,neutral,neutral,0.0,neutral,0.0,neutral,0
13472,neutral,neutral,0.0,neutral,0.0,neutral,0
13473,neutral,neutral,0.0,neutral,0.0,neutral,0
13474,neutral,neutral,0.0,neutral,0.0,neutral,0
13475,neutral,neutral,0.0,neutral,0.0,neutral,0
13476,neutral,neutral,0.0,neutral,0.0,neutral,0
13477,neutral,neutral,0.0,neutral,0.0,neutral,0
13478,neutral,neutral,0.0,neutral,0.0,neutral,0
13479,neutral,neutral,0.0,neutral,0.0,neutral,0
13480,neutral,neutral,0.0,neutral,0.0,neutral,0
13481,neutral,neutral,0.0,neutral,0.0,neutral,0
13482,neutral,neutral,0.0,neutral,0.0,neutral,0
13483,neutral,neutral,0.0,neutral,0.0,neutral,0
13484,neutral,neutral,0.0,neutral,0.0,neutral,0
13485,neutral,neutral,0.0,neutral,0.0,neutral,0
13486,neutral,neutral,0.0,neutral,0.0,neutral,0
13487,neutral,neutral,0.0,neutral,0.0,neutral,0
13488,neutral,neutral,0.0,neutral,0.0,neutral,0
13489,neutral,neutral,0.0,neutral,0.0,neutral,0
13490,neutral,neutral,0.0,neutral,0.0,neutral,0
13491,neutral,neutral,0.0,neutral,0.0,neutral,0
13492,neutral,neutral,0.0,neutral,0.0,neutral,0
13493,neutral,neutral,0.0,neutral,0.0,neutral,0
13494,neutral,neutral,0.0,neutral,0.0,neutral,0
13495,neutral,neutral,0.0,neutral,0.0,neutral,0
13496,neutral,neutral,0.0,neutral,0.0,neutral,0
13497,neutral,neutral,0.0,neutral,0.0,neutral,0
13498,neutral,neutral,0.0,neutral,0.0,neutral,0
13499,neutral,neutral,0.0,neutral,0.0,neutral,0
13500,neutral,neutral,0.0,neutral,0.0,neutral,0
13501,neutral,neutral,0.0,neutral,0.0,neutral,0
13502,neutral,neutral,0.0,neutral,0.0,neutral,0
13503,neutral,neutral,0.0,neutral,0.0,neutral,0
13504,neutral,neutral,0.0,neutral,0.0,neutral,0
13505,neutral,neutral,0.0,neutral,0.0,neutral,0
13506,neutral,neutral,0.0,neutral,0.0,neutral,0
13507,neutral,neutral,0.0,neutral,0.0,neutral,0
13508,neutral,neutral,0.0,neutral,0.0,neutral,0
13509,neutral,neutral,0.0,neutral,0.0,neutral,0
13510,neutral,neutral,0.0,neutral,0.0,neutral,0
13511,neutral,neutral,0.0,neutral,0.0,neutral,0
13512,neutral,neutral,0.0,neutral,0.0,neutral,0
13513,neutral,neutral,0.0,neutral,0.0,neutral,0
13514,neutral,neutral,0.0,neutral,0.0,neutral,0
13515,neutral,neutral,0.0,neutral,0.0,neutral,0
13516,neutral,neutral,0.0,neutral,0.0,neutral,0
13517,neutral,neutral,0.0,neutral,0.0,neutral,0
13518,neutral,neutral,0.0,neutral,0.0,neutral,0
13519,neutral,neutral,0.0,neutral,0.0,neutral,0
13520,neutral,neutral,0.0,neutral,0.0,neutral,0
13521,neutral,neutral,0.0,neutral,0.0,neutral,0
13522,neutral,neutral,0.0,neutral,0.0,neutral,0
13523,neutral,neutral,0.0,neutral,0.0,neutral,0
13524,neutral,neutral,0.0,neutral,0.0,neutral,0
13525,neutral,neutral,0.0,neutral,0.0,neutral,0
13526,neutral,neutral,0.0,neutral,0.0,neutral,0
13527,neutral,neutral,0.0,neutral,0.0,neutral,0
13528,neutral,neutral,0.0,neutral,0.0,neutral,0
13529,neutral,neutral,0.0,neutral,0.0,neutral,0
13530,neutral,neutral,0.0,neutral,0.0,neutral,0
13531,neutral,neutral,0.0,neutral,0.0,neutral,0
13532,neutral,neutral,0.0,neutral,0.0,neutral,0
13533,neutral,neutral,0.0,neutral,0.0,neutral,0
13534,neutral,neutral,0.0,neutral,0.0,neutral,0
13535,neutral,neutral,0.0,neutral,0.0,neutral,0
13536,neutral,neutral,0.0,neutral,0.0,neutral,0
13537,neutral,neutral,0.0,neutral,0.0,neutral,0
13538,neutral,neutral,0.0,neutral,0.0,neutral,0
13539,neutral,neutral,0.0,neutral,0.0,neutral,0
13540,neutral,neutral,0.0,neutral,0.0,neutral,0
13541,neutral,neutral,0.0,neutral,0.0,neutral,0
13542,neutral,neutral,0.0,neutral,0.0,neutral,0
13543,neutral,neutral,0.0,neutral,0.0,neutral,0
13544,neutral,neutral,0.0,neutral,0.0,neutral,0
13545,neutral,neutral,0.0,neutral,0.0,neutral,0
13546,neutral,neutral,0.0,neutral,0.0,neutral,0
13547,neutral,neutral,0.0,neutral,0.0,neutral,0
13548,neutral,neutral,0.0,neutral,0.0,neutral,0
13549,neutral,neutral,0.0,neutral,0.0,neutral,0
13550,neutral,neutral,0.0,neutral,0.0,neutral,0
13551,neutral,neutral,0.0,neutral,0.0,neutral,0
13552,neutral,neutral,0.0,neutral,0.0,neutral,0
13553,neutral,neutral,0.0,neutral,0.0,neutral,0
13554,neutral,neutral,0.0,neutral,0.0,neutral,0
13555,neutral,neutral,0.0,neutral,0.0,neutral,0
13556,neutral,neutral,0.0,neutral,0.0,neutral,0
13557,neutral,neutral,0.0,neutral,0.0,neutral,0
13558,neutral,neutral,0.0,neutral,0.0,neutral,0
13559,neutral,neutral,0.0,neutral,0.0,neutral,0
13560,neutral,neutral,0.0,neutral,0.0,neutral,0
13561,neutral,neutral,0.0,neutral,0.0,neutral,0
13562,neutral,neutral,0.0,neutral,0.0,neutral,0
13563,neutral,neutral,0.0,neutral,0.0,neutral,0
13564,neutral,neutral,0.0,neutral,0.0,neutral,0
13565,neutral,neutral,0.0,neutral,0.0,neutral,0
13566,neutral,neutral,0.0,neutral,0.0,neutral,0
13567,neutral,neutral,0.0,neutral,0.0,neutral,0
13568,neutral,neutral,0.0,neutral,0.0,neutral,0
13569,neutral,neutral,0.0,neutral,0.0,neutral,0
13570,neutral,neutral,0.0,neutral,0.0,neutral,0
13571,neutral,neutral,0.0,neutral,0.0,neutral,0
13572,neutral,neutral,0.0,neutral,0.0,neutral,0
13573,neutral,neutral,0.0,neutral,0.0,neutral,0
13574,neutral,neutral,0.0,neutral,0.0,neutral,0
13575,neutral,neutral,0.0,neutral,0.0,neutral,0
13576,neutral,neutral,0.0,neutral,0.0,neutral,0
13577,neutral,neutral,0.0,neutral,0.0,neutral,0
13578,neutral,neutral,0.0,neutral,0.0,neutral,0
13579,neutral,neutral,0.0,neutral,0.0,neutral,0
13580,neutral,neutral,0.0,neutral,0.0,neutral,0
13581,neutral,neutral,0.0,neutral,0.0,neutral,0
13582,neutral,neutral,0.0,neutral,0.0,neutral,0
13583,neutral,neutral,0.0,neutral,0.0,neutral,0
13584,neutral,neutral,0.0,neutral,0.0,neutral,0
13585,neutral,neutral,0.0,neutral,0.0,neutral,0
13586,neutral,neutral,0.0,neutral,0.0,neutral,0
13587,neutral,neutral,0.0,neutral,0.0,neutral,0
13588,neutral,neutral,0.0,neutral,0.0,neutral,0
13589,neutral,neutral,0.0,neutral,0.0,neutral,0
13590,neutral,neutral,0.0,neutral,0.0,neutral,0
13591,neutral,neutral,0.0,neutral,0.0,neutral,0
13592,neutral,neutral,0.0,neutral,0.0,neutral,0
13593,neutral,neutral,0.0,neutral,0.0,neutral,0
13594,neutral,neutral,0.0,neutral,0.0,neutral,0
13595,neutral,neutral,0.0,neutral,0.0,neutral,0
13596,neutral,neutral,0.0,neutral,0.0,neutral,0
13597,neutral,neutral,0.0,neutral,0.0,neutral,0
13598,neutral,neutral,0.0,neutral,0.0,neutral,0
13599,neutral,neutral,0.0,neutral,0.0,neutral,0
13600,neutral,neutral,0.0,neutral,0.0,neutral,0
13601,neutral,neutral,0.0,neutral,0.0,neutral,0
13602,neutral,neutral,0.0,neutral,0.0,neutral,0
13603,neutral,neutral,0.0,neutral,0.0,neutral,0
13604,neutral,neutral,0.0,neutral,0.0,neutral,0
13605,neutral,neutral,0.0,neutral,0.0,neutral,0
13606,neutral,neutral,0.0,neutral,0.0,neutral,0
13607,neutral,neutral,0.0,neutral,0.0,neutral,0
13608,neutral,neutral,0.0,neutral,0.0,neutral,0
13609,neutral,neutral,0.0,neutral,0.0,neutral,0
13610,neutral,neutral,0.0,neutral,0.0,neutral,0
13611,neutral,neutral,0.0,neutral,0.0,neutral,0
13612,neutral,neutral,0.0,neutral,0.0,neutral,0
13613,neutral,neutral,0.0,neutral,0.0,neutral,0
13614,neutral,neutral,0.0,neutral,0.0,neutral,0
13615,neutral,neutral,0.0,neutral,0.0,neutral,0
13616,neutral,neutral,0.0,neutral,0.0,neutral,0
13617,neutral,neutral,0.0,neutral,0.0,neutral,0
13618,neutral,neutral,0.0,neutral,0.0,neutral,0
13619,neutral,neutral,0.0,neutral,0.0,neutral,0
13620,neutral,neutral,0.0,neutral,0.0,neutral,0
13621,neutral,neutral,0.0,neutral,0.0,neutral,0
13622,neutral,neutral,0.0,neutral,0.0,neutral,0
13623,neutral,neutral,0.0,neutral,0.0,neutral,0
13624,neutral,neutral,0.0,neutral,0.0,neutral,0
13625,neutral,neutral,0.0,neutral,0.0,neutral,0
13626,neutral,neutral,0.0,neutral,0.0,neutral,0
13627,neutral,neutral,0.0,neutral,0.0,neutral,0
13628,neutral,neutral,0.0,neutral,0.0,neutral,0
13629,neutral,neutral,0.0,neutral,0.0,neutral,0
13630,neutral,neutral,0.0,neutral,0.0,neutral,0
13631,neutral,neutral,0.0,neutral,0.0,neutral,0
13632,neutral,neutral,0.0,neutral,0.0,neutral,0
13633,neutral,neutral,0.0,neutral,0.0,neutral,0
13634,neutral,neutral,0.0,neutral,0.0,neutral,0
13635,neutral,neutral,0.0,neutral,0.0,neutral,0
13636,neutral,neutral,0.0,neutral,0.0,neutral,0
13637,neutral,neutral,0.0,neutral,0.0,neutral,0
13638,neutral,neutral,0.0,neutral,0.0,neutral,0
13639,neutral,neutral,0.0,neutral,0.0,neutral,0
13640,neutral,neutral,0.0,neutral,0.0,neutral,0
13641,neutral,neutral,0.0,neutral,0.0,neutral,0
13642,neutral,neutral,0.0,neutral,0.0,neutral,0
13643,neutral,neutral,0.0,neutral,0.0,neutral,0
13644,neutral,neutral,0.0,neutral,0.0,neutral,0
13645,neutral,neutral,0.0,neutral,0.0,neutral,0
13646,neutral,neutral,0.0,neutral,0.0,neutral,0
13647,neutral,neutral,0.0,neutral,0.0,neutral,0
13648,neutral,neutral,0.0,neutral,0.0,neutral,0
13649,neutral,neutral,0.0,neutral,0.0,neutral,0
13650,neutral,neutral,0.0,neutral,0.0,neutral,0
13651,neutral,neutral,0.0,neutral,0.0,neutral,0
13652,neutral,neutral,0.0,neutral,0.0,neutral,0
13653,neutral,neutral,0.0,neutral,0.0,neutral,0
13654,neutral,neutral,0.0,neutral,0.0,neutral,0
13655,neutral,neutral,0.0,neutral,0.0,neutral,0
13656,neutral,neutral,0.0,neutral,0.0,neutral,0
13657,neutral,neutral,0.0,neutral,0.0,neutral,0
13658,neutral,neutral,0.0,neutral,0.0,neutral,0
13659,neutral,neutral,0.0,neutral,0.0,neutral,0
13660,neutral,neutral,0.0,neutral,0.0,neutral,0
13661,neutral,neutral,0.0,neutral,0.0,neutral,0
13662,neutral,neutral,0.0,neutral,0.0,neutral,0
13663,neutral,neutral,0.0,neutral,0.0,neutral,0
13664,neutral,neutral,0.0,neutral,0.0,neutral,0
13665,neutral,neutral,0.0,neutral,0.0,neutral,0
13666,neutral,neutral,0.0,neutral,0.0,neutral,0
13667,neutral,neutral,0.0,neutral,0.0,neutral,0
13668,neutral,neutral,0.0,neutral,0.0,neutral,0
13669,neutral,neutral,0.0,neutral,0.0,neutral,0
13670,neutral,neutral,0.0,neutral,0.0,neutral,0
13671,neutral,neutral,0.0,neutral,0.0,neutral,0
13672,neutral,neutral,0.0,neutral,0.0,neutral,0
13673,neutral,neutral,0.0,neutral,0.0,neutral,0
13674,neutral,neutral,0.0,neutral,0.0,neutral,0
13675,neutral,neutral,0.0,neutral,0.0,neutral,0
13676,neutral,neutral,0.0,neutral,0.0,neutral,0
13677,neutral,neutral,0.0,neutral,0.0,neutral,0
13678,neutral,neutral,0.0,neutral,0.0,neutral,0
13679,neutral,neutral,0.0,neutral,0.0,neutral,0
13680,neutral,neutral,0.0,neutral,0.0,neutral,0
13681,neutral,neutral,0.0,neutral,0.0,neutral,0
13682,neutral,neutral,0.0,neutral,0.0,neutral,0
13683,neutral,neutral,0.0,neutral,0.0,neutral,0
13684,neutral,neutral,0.0,neutral,0.0,neutral,0
13685,neutral,neutral,0.0,neutral,0.0,neutral,0
13686,neutral,neutral,0.0,neutral,0.0,neutral,0
13687,neutral,neutral,0.0,neutral,0.0,neutral,0
13688,neutral,neutral,0.0,neutral,0.0,neutral,0
13689,neutral,neutral,0.0,neutral,0.0,neutral,0
13690,neutral,neutral,0.0,neutral,0.0,neutral,0
13691,neutral,neutral,0.0,neutral,0.0,neutral,0
13692,neutral,neutral,0.0,neutral,0.0,neutral,0
13693,neutral,neutral,0.0,neutral,0.0,neutral,0
13694,neutral,neutral,0.0,neutral,0.0,neutral,0
13695,neutral,neutral,0.0,neutral,0.0,neutral,0
13696,neutral,neutral,0.0,neutral,0.0,neutral,0
13697,neutral,neutral,0.0,neutral,0.0,neutral,0
13698,neutral,neutral,0.0,neutral,0.0,neutral,0
13699,neutral,neutral,0.0,neutral,0.0,neutral,0
13700,neutral,neutral,0.0,neutral,0.0,neutral,0
13701,neutral,neutral,0.0,neutral,0.0,neutral,0
13702,neutral,neutral,0.0,neutral,0.0,neutral,0
13703,neutral,neutral,0.0,neutral,0.0,neutral,0
13704,neutral,neutral,0.0,neutral,0.0,neutral,0
13705,neutral,neutral,0.0,neutral,0.0,neutral,0
13706,neutral,neutral,0.0,neutral,0.0,neutral,0
13707,neutral,neutral,0.0,neutral,0.0,neutral,0
13708,neutral,neutral,0.0,neutral,0.0,neutral,0
13709,neutral,neutral,0.0,neutral,0.0,neutral,0
13710,neutral,neutral,0.0,neutral,0.0,neutral,0
13711,neutral,neutral,0.0,neutral,0.0,neutral,0
13712,neutral,neutral,0.0,neutral,0.0,neutral,0
13713,neutral,neutral,0.0,neutral,0.0,neutral,0
13714,neutral,neutral,0.0,neutral,0.0,neutral,0
13715,neutral,neutral,0.0,neutral,0.0,neutral,0
13716,neutral,neutral,0.0,neutral,0.0,neutral,0
13717,neutral,neutral,0.0,neutral,0.0,neutral,0
13718,neutral,neutral,0.0,neutral,0.0,neutral,0
13719,neutral,neutral,0.0,neutral,0.0,neutral,0
13720,neutral,neutral,0.0,neutral,0.0,neutral,0
13721,neutral,neutral,0.0,neutral,0.0,neutral,0
13722,neutral,neutral,0.0,neutral,0.0,neutral,0
13723,neutral,neutral,0.0,neutral,0.0,neutral,0
13724,neutral,neutral,0.0,neutral,0.0,neutral,0
13725,neutral,neutral,0.0,neutral,0.0,neutral,0
13726,neutral,neutral,0.0,neutral,0.0,neutral,0
13727,neutral,neutral,0.0,neutral,0.0,neutral,0
13728,neutral,neutral,0.0,neutral,0.0,neutral,0
13729,neutral,neutral,0.0,neutral,0.0,neutral,0
13730,neutral,neutral,0.0,neutral,0.0,neutral,0
13731,neutral,neutral,0.0,neutral,0.0,neutral,0
13732,neutral,neutral,0.0,neutral,0.0,neutral,0
13733,neutral,neutral,0.0,neutral,0.0,neutral,0
13734,neutral,neutral,0.0,neutral,0.0,neutral,0
13735,neutral,neutral,0.0,neutral,0.0,neutral,0
13736,neutral,neutral,0.0,neutral,0.0,neutral,0
13737,neutral,neutral,0.0,neutral,0.0,neutral,0
13738,neutral,neutral,0.0,neutral,0.0,neutral,0
13739,neutral,neutral,0.0,neutral,0.0,neutral,0
13740,neutral,neutral,0.0,neutral,0.0,neutral,0
13741,neutral,neutral,0.0,neutral,0.0,neutral,0
13742,neutral,neutral,0.0,neutral,0.0,neutral,0
13743,neutral,neutral,0.0,neutral,0.0,neutral,0
13744,neutral,neutral,0.0,neutral,0.0,neutral,0
13745,neutral,neutral,0.0,neutral,0.0,neutral,0
13746,neutral,neutral,0.0,neutral,0.0,neutral,0
13747,neutral,neutral,0.0,neutral,0.0,neutral,0
13748,neutral,neutral,0.0,neutral,0.0,neutral,0
13749,neutral,neutral,0.0,neutral,0.0,neutral,0
13750,neutral,neutral,0.0,neutral,0.0,neutral,0
13751,neutral,neutral,0.0,neutral,0.0,neutral,0
13752,neutral,neutral,0.0,neutral,0.0,neutral,0
13753,neutral,neutral,0.0,neutral,0.0,neutral,0
13754,neutral,neutral,0.0,neutral,0.0,neutral,0
13755,neutral,neutral,0.0,neutral,0.0,neutral,0
13756,neutral,neutral,0.0,neutral,0.0,neutral,0
13757,neutral,neutral,0.0,neutral,0.0,neutral,0
13758,neutral,neutral,0.0,neutral,0.0,neutral,0
13759,neutral,neutral,0.0,neutral,0.0,neutral,0
13760,neutral,neutral,0.0,neutral,0.0,neutral,0
13761,neutral,neutral,0.0,neutral,0.0,neutral,0
13762,neutral,neutral,0.0,neutral,0.0,neutral,0
13763,neutral,neutral,0.0,neutral,0.0,neutral,0
13764,neutral,neutral,0.0,neutral,0.0,neutral,0
13765,neutral,neutral,0.0,neutral,0.0,neutral,0
13766,neutral,neutral,0.0,neutral,0.0,neutral,0
13767,neutral,neutral,0.0,neutral,0.0,neutral,0
13768,neutral,neutral,0.0,neutral,0.0,neutral,0
13769,neutral,neutral,0.0,neutral,0.0,neutral,0
13770,neutral,neutral,0.0,neutral,0.0,neutral,0
13771,neutral,neutral,0.0,neutral,0.0,neutral,0
13772,neutral,neutral,0.0,neutral,0.0,neutral,0
13773,neutral,neutral,0.0,neutral,0.0,neutral,0
13774,neutral,neutral,0.0,neutral,0.0,neutral,0
13775,neutral,neutral,0.0,neutral,0.0,neutral,0
13776,neutral,neutral,0.0,neutral,0.0,neutral,0
13777,neutral,neutral,0.0,neutral,0.0,neutral,0
13778,neutral,neutral,0.0,neutral,0.0,neutral,0
13779,neutral,neutral,0.0,neutral,0.0,neutral,0
13780,neutral,neutral,0.0,neutral,0.0,neutral,0
13781,neutral,neutral,0.0,neutral,0.0,neutral,0
13782,neutral,neutral,0.0,neutral,0.0,neutral,0
13783,neutral,neutral,0.0,neutral,0.0,neutral,0
13784,neutral,neutral,0.0,neutral,0.0,neutral,0
13785,neutral,neutral,0.0,neutral,0.0,neutral,0
13786,neutral,neutral,0.0,neutral,0.0,neutral,0
13787,neutral,neutral,0.0,neutral,0.0,neutral,0
13788,neutral,neutral,0.0,neutral,0.0,neutral,0
13789,neutral,neutral,0.0,neutral,0.0,neutral,0
13790,neutral,neutral,0.0,neutral,0.0,neutral,0
13791,neutral,neutral,0.0,neutral,0.0,neutral,0
13792,neutral,neutral,0.0,neutral,0.0,neutral,0
13793,neutral,neutral,0.0,neutral,0.0,neutral,0
13794,neutral,neutral,0.0,neutral,0.0,neutral,0
13795,neutral,neutral,0.0,neutral,0.0,neutral,0
13796,neutral,neutral,0.0,neutral,0.0,neutral,0
13797,neutral,neutral,0.0,neutral,0.0,neutral,0
13798,neutral,neutral,0.0,neutral,0.0,neutral,0
13799,neutral,neutral,0.0,neutral,0.0,neutral,0
13800,neutral,neutral,0.0,neutral,0.0,neutral,0
13801,neutral,neutral,0.0,neutral,0.0,neutral,0
13802,neutral,neutral,0.0,neutral,0.0,neutral,0
13803,neutral,neutral,0.0,neutral,0.0,neutral,0
13804,neutral,neutral,0.0,neutral,0.0,neutral,0
13805,neutral,neutral,0.0,neutral,0.0,neutral,0
13806,neutral,neutral,0.0,neutral,0.0,neutral,0
13807,neutral,neutral,0.0,neutral,0.0,neutral,0
13808,neutral,neutral,0.0,neutral,0.0,neutral,0
13809,neutral,neutral,0.0,neutral,0.0,neutral,0
13810,neutral,neutral,0.0,neutral,0.0,neutral,0
13811,neutral,neutral,0.0,neutral,0.0,neutral,0
13812,neutral,neutral,0.0,neutral,0.0,neutral,0
13813,neutral,neutral,0.0,neutral,0.0,neutral,0
13814,neutral,neutral,0.0,neutral,0.0,neutral,0
13815,neutral,neutral,0.0,neutral,0.0,neutral,0
13816,neutral,neutral,0.0,neutral,0.0,neutral,0
13817,neutral,neutral,0.0,neutral,0.0,neutral,0
13818,neutral,neutral,0.0,neutral,0.0,neutral,0
13819,neutral,neutral,0.0,neutral,0.0,neutral,0
13820,neutral,neutral,0.0,neutral,0.0,neutral,0
13821,neutral,neutral,0.0,neutral,0.0,neutral,0
13822,neutral,neutral,0.0,neutral,0.0,neutral,0
13823,neutral,neutral,0.0,neutral,0.0,neutral,0
13824,neutral,neutral,0.0,neutral,0.0,neutral,0
13825,neutral,neutral,0.0,neutral,0.0,neutral,0
13826,neutral,neutral,0.0,neutral,0.0,neutral,0
13827,neutral,neutral,0.0,neutral,0.0,neutral,0
13828,neutral,neutral,0.0,neutral,0.0,neutral,0
13829,neutral,neutral,0.0,neutral,0.0,neutral,0
13830,neutral,neutral,0.0,neutral,0.0,neutral,0
13831,neutral,neutral,0.0,neutral,0.0,neutral,0
13832,neutral,neutral,0.0,neutral,0.0,neutral,0
13833,neutral,neutral,0.0,neutral,0.0,neutral,0
13834,neutral,neutral,0.0,neutral,0.0,neutral,0
13835,neutral,neutral,0.0,neutral,0.0,neutral,0
13836,neutral,neutral,0.0,neutral,0.0,neutral,0
13837,neutral,neutral,0.0,neutral,0.0,neutral,0
13838,neutral,neutral,0.0,neutral,0.0,neutral,0
13839,neutral,neutral,0.0,neutral,0.0,neutral,0
13840,neutral,neutral,0.0,neutral,0.0,neutral,0
13841,neutral,neutral,0.0,neutral,0.0,neutral,0
13842,neutral,neutral,0.0,neutral,0.0,neutral,0
13843,neutral,neutral,0.0,neutral,0.0,neutral,0
13844,neutral,neutral,0.0,neutral,0.0,neutral,0
13845,neutral,neutral,0.0,neutral,0.0,neutral,0
13846,neutral,neutral,0.0,neutral,0.0,neutral,0
13847,neutral,neutral,0.0,neutral,0.0,neutral,0
13848,neutral,neutral,0.0,neutral,0.0,neutral,0
13849,neutral,neutral,0.0,neutral,0.0,neutral,0
13850,neutral,neutral,0.0,neutral,0.0,neutral,0
13851,neutral,neutral,0.0,neutral,0.0,neutral,0
13852,neutral,neutral,0.0,neutral,0.0,neutral,0
13853,neutral,neutral,0.0,neutral,0.0,neutral,0
13854,neutral,neutral,0.0,neutral,0.0,neutral,0
13855,neutral,neutral,0.0,neutral,0.0,neutral,0
13856,neutral,neutral,0.0,neutral,0.0,neutral,0
13857,neutral,neutral,0.0,neutral,0.0,neutral,0
13858,neutral,neutral,0.0,neutral,0.0,neutral,0
13859,neutral,neutral,0.0,neutral,0.0,neutral,0
13860,neutral,neutral,0.0,neutral,0.0,neutral,0
13861,neutral,neutral,0.0,neutral,0.0,neutral,0
13862,neutral,neutral,0.0,neutral,0.0,neutral,0
13863,neutral,neutral,0.0,neutral,0.0,neutral,0
13864,neutral,neutral,0.0,neutral,0.0,neutral,0
13865,neutral,neutral,0.0,neutral,0.0,neutral,0
13866,neutral,neutral,0.0,neutral,0.0,neutral,0
13867,neutral,neutral,0.0,neutral,0.0,neutral,0
13868,neutral,neutral,0.0,neutral,0.0,neutral,0
13869,neutral,neutral,0.0,neutral,0.0,neutral,0
13870,neutral,neutral,0.0,neutral,0.0,neutral,0
13871,neutral,neutral,0.0,neutral,0.0,neutral,0
13872,neutral,neutral,0.0,neutral,0.0,neutral,0
13873,neutral,neutral,0.0,neutral,0.0,neutral,0
13874,neutral,neutral,0.0,neutral,0.0,neutral,0
13875,neutral,neutral,0.0,neutral,0.0,neutral,0
13876,neutral,neutral,0.0,neutral,0.0,neutral,0
13877,neutral,neutral,0.0,neutral,0.0,neutral,0
13878,neutral,neutral,0.0,neutral,0.0,neutral,0
13879,neutral,neutral,0.0,neutral,0.0,neutral,0
13880,neutral,neutral,0.0,neutral,0.0,neutral,0
13881,neutral,neutral,0.0,neutral,0.0,neutral,0
13882,neutral,neutral,0.0,neutral,0.0,neutral,0
13883,neutral,neutral,0.0,neutral,0.0,neutral,0
13884,neutral,neutral,0.0,neutral,0.0,neutral,0
13885,neutral,neutral,0.0,neutral,0.0,neutral,0
13886,neutral,neutral,0.0,neutral,0.0,neutral,0
13887,neutral,neutral,0.0,neutral,0.0,neutral,0
13888,neutral,neutral,0.0,neutral,0.0,neutral,0
13889,neutral,neutral,0.0,neutral,0.0,neutral,0
13890,neutral,neutral,0.0,neutral,0.0,neutral,0
13891,neutral,neutral,0.0,neutral,0.0,neutral,0
13892,neutral,neutral,0.0,neutral,0.0,neutral,0
13893,neutral,neutral,0.0,neutral,0.0,neutral,0
13894,neutral,neutral,0.0,neutral,0.0,neutral,0
13895,neutral,neutral,0.0,neutral,0.0,neutral,0
13896,neutral,neutral,0.0,neutral,0.0,neutral,0
13897,neutral,neutral,0.0,neutral,0.0,neutral,0
13898,neutral,neutral,0.0,neutral,0.0,neutral,0
13899,neutral,neutral,0.0,neutral,0.0,neutral,0
13900,neutral,neutral,0.0,neutral,0.0,neutral,0
13901,neutral,neutral,0.0,neutral,0.0,neutral,0
13902,neutral,neutral,0.0,neutral,0.0,neutral,0
13903,neutral,neutral,0.0,neutral,0.0,neutral,0
13904,neutral,neutral,0.0,neutral,0.0,neutral,0
13905,neutral,neutral,0.0,neutral,0.0,neutral,0
13906,neutral,neutral,0.0,neutral,0.0,neutral,0
13907,neutral,neutral,0.0,neutral,0.0,neutral,0
13908,neutral,neutral,0.0,neutral,0.0,neutral,0
13909,neutral,neutral,0.0,neutral,0.0,neutral,0
13910,neutral,neutral,0.0,neutral,0.0,neutral,0
13911,neutral,neutral,0.0,neutral,0.0,neutral,0
13912,neutral,neutral,0.0,neutral,0.0,neutral,0
13913,neutral,neutral,0.0,neutral,0.0,neutral,0
13914,neutral,neutral,0.0,neutral,0.0,neutral,0
13915,neutral,neutral,0.0,neutral,0.0,neutral,0
13916,neutral,neutral,0.0,neutral,0.0,neutral,0
13917,neutral,neutral,0.0,neutral,0.0,neutral,0
13918,neutral,neutral,0.0,neutral,0.0,neutral,0
13919,neutral,neutral,0.0,neutral,0.0,neutral,0
13920,neutral,neutral,0.0,neutral,0.0,neutral,0
13921,neutral,neutral,0.0,neutral,0.0,neutral,0
13922,neutral,neutral,0.0,neutral,0.0,neutral,0
13923,neutral,neutral,0.0,neutral,0.0,neutral,0
13924,neutral,neutral,0.0,neutral,0.0,neutral,0
13925,neutral,neutral,0.0,neutral,0.0,neutral,0
13926,neutral,neutral,0.0,neutral,0.0,neutral,0
13927,neutral,neutral,0.0,neutral,0.0,neutral,0
13928,neutral,neutral,0.0,neutral,0.0,neutral,0
13929,neutral,neutral,0.0,neutral,0.0,neutral,0
13930,neutral,neutral,0.0,neutral,0.0,neutral,0
13931,neutral,neutral,0.0,neutral,0.0,neutral,0
13932,neutral,neutral,0.0,neutral,0.0,neutral,0
13933,neutral,neutral,0.0,neutral,0.0,neutral,0
13934,neutral,neutral,0.0,neutral,0.0,neutral,0
13935,neutral,neutral,0.0,neutral,0.0,neutral,0
13936,neutral,neutral,0.0,neutral,0.0,neutral,0
13937,neutral,neutral,0.0,neutral,0.0,neutral,0
13938,neutral,neutral,0.0,neutral,0.0,neutral,0
13939,neutral,neutral,0.0,neutral,0.0,neutral,0
13940,neutral,neutral,0.0,neutral,0.0,neutral,0
13941,neutral,neutral,0.0,neutral,0.0,neutral,0
13942,neutral,neutral,0.0,neutral,0.0,neutral,0
13943,neutral,neutral,0.0,neutral,0.0,neutral,0
13944,neutral,neutral,0.0,neutral,0.0,neutral,0
13945,neutral,neutral,0.0,neutral,0.0,neutral,0
13946,neutral,neutral,0.0,neutral,0.0,neutral,0
13947,neutral,neutral,0.0,neutral,0.0,neutral,0
13948,neutral,neutral,0.0,neutral,0.0,neutral,0
13949,neutral,neutral,0.0,neutral,0.0,neutral,0
13950,neutral,neutral,0.0,neutral,0.0,neutral,0
13951,neutral,neutral,0.0,neutral,0.0,neutral,0
13952,neutral,neutral,0.0,neutral,0.0,neutral,0
13953,neutral,neutral,0.0,neutral,0.0,neutral,0
13954,neutral,neutral,0.0,neutral,0.0,neutral,0
13955,neutral,neutral,0.0,neutral,0.0,neutral,0
13956,neutral,neutral,0.0,neutral,0.0,neutral,0
13957,neutral,neutral,0.0,neutral,0.0,neutral,0
13958,neutral,neutral,0.0,neutral,0.0,neutral,0
13959,neutral,neutral,0.0,neutral,0.0,neutral,0
13960,neutral,neutral,0.0,neutral,0.0,neutral,0
13961,neutral,neutral,0.0,neutral,0.0,neutral,0
13962,neutral,neutral,0.0,neutral,0.0,neutral,0
13963,neutral,neutral,0.0,neutral,0.0,neutral,0
13964,neutral,neutral,0.0,neutral,0.0,neutral,0
13965,neutral,neutral,0.0,neutral,0.0,neutral,0
13966,neutral,neutral,0.0,neutral,0.0,neutral,0
13967,neutral,neutral,0.0,neutral,0.0,neutral,0
13968,neutral,neutral,0.0,neutral,0.0,neutral,0
13969,neutral,neutral,0.0,neutral,0.0,neutral,0
13970,neutral,neutral,0.0,neutral,0.0,neutral,0
13971,neutral,neutral,0.0,neutral,0.0,neutral,0
13972,neutral,neutral,0.0,neutral,0.0,neutral,0
13973,neutral,neutral,0.0,neutral,0.0,neutral,0
13974,neutral,neutral,0.0,neutral,0.0,neutral,0
13975,neutral,neutral,0.0,neutral,0.0,neutral,0
13976,neutral,neutral,0.0,neutral,0.0,neutral,0
13977,neutral,neutral,0.0,neutral,0.0,neutral,0
13978,neutral,neutral,0.0,neutral,0.0,neutral,0
13979,neutral,neutral,0.0,neutral,0.0,neutral,0
13980,neutral,neutral,0.0,neutral,0.0,neutral,0
13981,neutral,neutral,0.0,neutral,0.0,neutral,0
13982,neutral,neutral,0.0,neutral,0.0,neutral,0
13983,neutral,neutral,0.0,neutral,0.0,neutral,0
13984,neutral,neutral,0.0,neutral,0.0,neutral,0
13985,neutral,neutral,0.0,neutral,0.0,neutral,0
13986,neutral,neutral,0.0,neutral,0.0,neutral,0
13987,neutral,neutral,0.0,neutral,0.0,neutral,0
13988,neutral,neutral,0.0,neutral,0.0,neutral,0
13989,neutral,neutral,0.0,neutral,0.0,neutral,0
13990,neutral,neutral,0.0,neutral,0.0,neutral,0
13991,neutral,neutral,0.0,neutral,0.0,neutral,0
13992,neutral,neutral,0.0,neutral,0.0,neutral,0
13993,neutral,neutral,0.0,neutral,0.0,neutral,0
13994,neutral,neutral,0.0,neutral,0.0,neutral,0
13995,neutral,neutral,0.0,neutral,0.0,neutral,0
13996,neutral,neutral,0.0,neutral,0.0,neutral,0
13997,neutral,neutral,0.0,neutral,0.0,neutral,0
13998,neutral,neutral,0.0,neutral,0.0,neutral,0
13999,neutral,neutral,0.0,neutral,0.0,neutral,0
14000,neutral,neutral,0.0,neutral,0.0,neutral,0
14001,neutral,neutral,0.0,neutral,0.0,neutral,0
14002,neutral,neutral,0.0,neutral,0.0,neutral,0
14003,neutral,neutral,0.0,neutral,0.0,neutral,0
14004,neutral,neutral,0.0,neutral,0.0,neutral,0
14005,neutral,neutral,0.0,neutral,0.0,neutral,0
14006,neutral,neutral,0.0,neutral,0.0,neutral,0
14007,neutral,neutral,0.0,neutral,0.0,neutral,0
14008,neutral,neutral,0.0,neutral,0.0,neutral,0
14009,neutral,neutral,0.0,neutral,0.0,neutral,0
14010,neutral,neutral,0.0,neutral,0.0,neutral,0
14011,neutral,neutral,0.0,neutral,0.0,neutral,0
14012,neutral,neutral,0.0,neutral,0.0,neutral,0
14013,neutral,neutral,0.0,neutral,0.0,neutral,0
14014,neutral,neutral,0.0,neutral,0.0,neutral,0
14015,neutral,neutral,0.0,neutral,0.0,neutral,0
14016,neutral,neutral,0.0,neutral,0.0,neutral,0
14017,neutral,neutral,0.0,neutral,0.0,neutral,0
14018,neutral,neutral,0.0,neutral,0.0,neutral,0
14019,neutral,neutral,0.0,neutral,0.0,neutral,0
14020,neutral,neutral,0.0,neutral,0.0,neutral,0
14021,neutral,neutral,0.0,neutral,0.0,neutral,0
14022,neutral,neutral,0.0,neutral,0.0,neutral,0
14023,neutral,neutral,0.0,neutral,0.0,neutral,0
14024,neutral,neutral,0.0,neutral,0.0,neutral,0
14025,neutral,neutral,0.0,neutral,0.0,neutral,0
14026,neutral,neutral,0.0,neutral,0.0,neutral,0
14027,neutral,neutral,0.0,neutral,0.0,neutral,0
14028,neutral,neutral,0.0,neutral,0.0,neutral,0
14029,neutral,neutral,0.0,neutral,0.0,neutral,0
14030,neutral,neutral,0.0,neutral,0.0,neutral,0
14031,neutral,neutral,0.0,neutral,0.0,neutral,0
14032,neutral,neutral,0.0,neutral,0.0,neutral,0
14033,neutral,neutral,0.0,neutral,0.0,neutral,0
14034,neutral,neutral,0.0,neutral,0.0,neutral,0
14035,neutral,neutral,0.0,neutral,0.0,neutral,0
14036,neutral,neutral,0.0,neutral,0.0,neutral,0
14037,neutral,neutral,0.0,neutral,0.0,neutral,0
14038,neutral,neutral,0.0,neutral,0.0,neutral,0
14039,neutral,neutral,0.0,neutral,0.0,neutral,0
14040,neutral,neutral,0.0,neutral,0.0,neutral,0
14041,neutral,neutral,0.0,neutral,0.0,neutral,0
14042,neutral,neutral,0.0,neutral,0.0,neutral,0
14043,neutral,neutral,0.0,neutral,0.0,neutral,0
14044,neutral,neutral,0.0,neutral,0.0,neutral,0
14045,neutral,neutral,0.0,neutral,0.0,neutral,0
14046,neutral,neutral,0.0,neutral,0.0,neutral,0
14047,neutral,neutral,0.0,neutral,0.0,neutral,0
14048,neutral,neutral,0.0,neutral,0.0,neutral,0
14049,neutral,neutral,0.0,neutral,0.0,neutral,0
14050,neutral,neutral,0.0,neutral,0.0,neutral,0
14051,neutral,neutral,0.0,neutral,0.0,neutral,0
14052,neutral,neutral,0.0,neutral,0.0,neutral,0
14053,neutral,neutral,0.0,neutral,0.0,neutral,0
14054,neutral,neutral,0.0,neutral,0.0,neutral,0
14055,neutral,neutral,0.0,neutral,0.0,neutral,0
14056,neutral,neutral,0.0,neutral,0.0,neutral,0
14057,neutral,neutral,0.0,neutral,0.0,neutral,0
14058,neutral,neutral,0.0,neutral,0.0,neutral,0
14059,neutral,neutral,0.0,neutral,0.0,neutral,0
14060,neutral,neutral,0.0,neutral,0.0,neutral,0
14061,neutral,neutral,0.0,neutral,0.0,neutral,0
14062,neutral,neutral,0.0,neutral,0.0,neutral,0
14063,neutral,neutral,0.0,neutral,0.0,neutral,0
14064,neutral,neutral,0.0,neutral,0.0,neutral,0
14065,neutral,neutral,0.0,neutral,0.0,neutral,0
14066,neutral,neutral,0.0,neutral,0.0,neutral,0
14067,neutral,neutral,0.0,neutral,0.0,neutral,0
14068,neutral,neutral,0.0,neutral,0.0,neutral,0
14069,neutral,neutral,0.0,neutral,0.0,neutral,0
14070,neutral,neutral,0.0,neutral,0.0,neutral,0
14071,neutral,neutral,0.0,neutral,0.0,neutral,0
14072,neutral,neutral,0.0,neutral,0.0,neutral,0
14073,neutral,neutral,0.0,neutral,0.0,neutral,0
14074,neutral,neutral,0.0,neutral,0.0,neutral,0
14075,neutral,neutral,0.0,neutral,0.0,neutral,0
14076,neutral,neutral,0.0,neutral,0.0,neutral,0
14077,neutral,neutral,0.0,neutral,0.0,neutral,0
14078,neutral,neutral,0.0,neutral,0.0,neutral,0
14079,neutral,neutral,0.0,neutral,0.0,neutral,0
14080,neutral,neutral,0.0,neutral,0.0,neutral,0
14081,neutral,neutral,0.0,neutral,0.0,neutral,0
14082,neutral,neutral,0.0,neutral,0.0,neutral,0
14083,neutral,neutral,0.0,neutral,0.0,neutral,0
14084,neutral,neutral,0.0,neutral,0.0,neutral,0
14085,neutral,neutral,0.0,neutral,0.0,neutral,0
14086,neutral,neutral,0.0,neutral,0.0,neutral,0
14087,neutral,neutral,0.0,neutral,0.0,neutral,0
14088,neutral,neutral,0.0,neutral,0.0,neutral,0
14089,neutral,neutral,0.0,neutral,0.0,neutral,0
14090,neutral,neutral,0.0,neutral,0.0,neutral,0
14091,neutral,neutral,0.0,neutral,0.0,neutral,0
14092,neutral,neutral,0.0,neutral,0.0,neutral,0
14093,neutral,neutral,0.0,neutral,0.0,neutral,0
14094,neutral,neutral,0.0,neutral,0.0,neutral,0
14095,neutral,neutral,0.0,neutral,0.0,neutral,0
14096,neutral,neutral,0.0,neutral,0.0,neutral,0
14097,neutral,neutral,0.0,neutral,0.0,neutral,0
14098,neutral,neutral,0.0,neutral,0.0,neutral,0
14099,neutral,neutral,0.0,neutral,0.0,neutral,0
14100,neutral,neutral,0.0,neutral,0.0,neutral,0
14101,neutral,neutral,0.0,neutral,0.0,neutral,0
14102,neutral,neutral,0.0,neutral,0.0,neutral,0
14103,neutral,neutral,0.0,neutral,0.0,neutral,0
14104,neutral,neutral,0.0,neutral,0.0,neutral,0
14105,neutral,neutral,0.0,neutral,0.0,neutral,0
14106,neutral,neutral,0.0,neutral,0.0,neutral,0
14107,neutral,neutral,0.0,neutral,0.0,neutral,0
14108,neutral,neutral,0.0,neutral,0.0,neutral,0
14109,neutral,neutral,0.0,neutral,0.0,neutral,0
14110,neutral,neutral,0.0,neutral,0.0,neutral,0
14111,neutral,neutral,0.0,neutral,0.0,neutral,0
14112,neutral,neutral,0.0,neutral,0.0,neutral,0
14113,neutral,neutral,0.0,neutral,0.0,neutral,0
14114,neutral,neutral,0.0,neutral,0.0,neutral,0
14115,neutral,neutral,0.0,neutral,0.0,neutral,0
14116,neutral,neutral,0.0,neutral,0.0,neutral,0
14117,neutral,neutral,0.0,neutral,0.0,neutral,0
14118,neutral,neutral,0.0,neutral,0.0,neutral,0
14119,neutral,neutral,0.0,neutral,0.0,neutral,0
14120,neutral,neutral,0.0,neutral,0.0,neutral,0
14121,neutral,neutral,0.0,neutral,0.0,neutral,0
14122,neutral,neutral,0.0,neutral,0.0,neutral,0
14123,neutral,neutral,0.0,neutral,0.0,neutral,0
14124,neutral,neutral,0.0,neutral,0.0,neutral,0
14125,neutral,neutral,0.0,neutral,0.0,neutral,0
14126,neutral,neutral,0.0,neutral,0.0,neutral,0
14127,neutral,neutral,0.0,neutral,0.0,neutral,0
14128,neutral,neutral,0.0,neutral,0.0,neutral,0
14129,neutral,neutral,0.0,neutral,0.0,neutral,0
14130,neutral,neutral,0.0,neutral,0.0,neutral,0
14131,neutral,neutral,0.0,neutral,0.0,neutral,0
14132,neutral,neutral,0.0,neutral,0.0,neutral,0
14133,neutral,neutral,0.0,neutral,0.0,neutral,0
14134,neutral,neutral,0.0,neutral,0.0,neutral,0
14135,neutral,neutral,0.0,neutral,0.0,neutral,0
14136,neutral,neutral,0.0,neutral,0.0,neutral,0
14137,neutral,neutral,0.0,neutral,0.0,neutral,0
14138,neutral,neutral,0.0,neutral,0.0,neutral,0
14139,neutral,neutral,0.0,neutral,0.0,neutral,0
14140,neutral,neutral,0.0,neutral,0.0,neutral,0
14141,neutral,neutral,0.0,neutral,0.0,neutral,0
14142,neutral,neutral,0.0,neutral,0.0,neutral,0
14143,neutral,neutral,0.0,neutral,0.0,neutral,0
14144,neutral,neutral,0.0,neutral,0.0,neutral,0
14145,neutral,neutral,0.0,neutral,0.0,neutral,0
14146,neutral,neutral,0.0,neutral,0.0,neutral,0
14147,neutral,neutral,0.0,neutral,0.0,neutral,0
14148,neutral,neutral,0.0,neutral,0.0,neutral,0
14149,neutral,neutral,0.0,neutral,0.0,neutral,0
14150,neutral,neutral,0.0,neutral,0.0,neutral,0
14151,neutral,neutral,0.0,neutral,0.0,neutral,0
14152,neutral,neutral,0.0,neutral,0.0,neutral,0
14153,neutral,neutral,0.0,neutral,0.0,neutral,0
14154,neutral,neutral,0.0,neutral,0.0,neutral,0
14155,neutral,neutral,0.0,neutral,0.0,neutral,0
14156,neutral,neutral,0.0,neutral,0.0,neutral,0
14157,neutral,neutral,0.0,neutral,0.0,neutral,0
14158,neutral,neutral,0.0,neutral,0.0,neutral,0
14159,neutral,neutral,0.0,neutral,0.0,neutral,0
14160,neutral,neutral,0.0,neutral,0.0,neutral,0
14161,neutral,neutral,0.0,neutral,0.0,neutral,0
14162,neutral,neutral,0.0,neutral,0.0,neutral,0
14163,neutral,neutral,0.0,neutral,0.0,neutral,0
14164,neutral,neutral,0.0,neutral,0.0,neutral,0
14165,neutral,neutral,0.0,neutral,0.0,neutral,0
14166,neutral,neutral,0.0,neutral,0.0,neutral,0
14167,neutral,neutral,0.0,neutral,0.0,neutral,0
14168,neutral,neutral,0.0,neutral,0.0,neutral,0
14169,neutral,neutral,0.0,neutral,0.0,neutral,0
14170,neutral,neutral,0.0,neutral,0.0,neutral,0
14171,neutral,neutral,0.0,neutral,0.0,neutral,0
14172,neutral,neutral,0.0,neutral,0.0,neutral,0
14173,neutral,neutral,0.0,neutral,0.0,neutral,0
14174,neutral,neutral,0.0,neutral,0.0,neutral,0
14175,neutral,neutral,0.0,neutral,0.0,neutral,0
14176,neutral,neutral,0.0,neutral,0.0,neutral,0
14177,neutral,neutral,0.0,neutral,0.0,neutral,0
14178,neutral,neutral,0.0,neutral,0.0,neutral,0
14179,neutral,neutral,0.0,neutral,0.0,neutral,0
14180,neutral,neutral,0.0,neutral,0.0,neutral,0
14181,neutral,neutral,0.0,neutral,0.0,neutral,0
14182,neutral,neutral,0.0,neutral,0.0,neutral,0
14183,neutral,neutral,0.0,neutral,0.0,neutral,0
14184,neutral,neutral,0.0,neutral,0.0,neutral,0
14185,neutral,neutral,0.0,neutral,0.0,neutral,0
14186,neutral,neutral,0.0,neutral,0.0,neutral,0
14187,neutral,neutral,0.0,neutral,0.0,neutral,0
14188,neutral,neutral,0.0,neutral,0.0,neutral,0
14189,neutral,neutral,0.0,neutral,0.0,neutral,0
14190,neutral,neutral,0.0,neutral,0.0,neutral,0
14191,neutral,neutral,0.0,neutral,0.0,neutral,0
14192,neutral,neutral,0.0,neutral,0.0,neutral,0
14193,neutral,neutral,0.0,neutral,0.0,neutral,0
14194,neutral,neutral,0.0,neutral,0.0,neutral,0
14195,neutral,neutral,0.0,neutral,0.0,neutral,0
14196,neutral,neutral,0.0,neutral,0.0,neutral,0
14197,neutral,neutral,0.0,neutral,0.0,neutral,0
14198,neutral,neutral,0.0,neutral,0.0,neutral,0
14199,neutral,neutral,0.0,neutral,0.0,neutral,0
14200,neutral,neutral,0.0,neutral,0.0,neutral,0
14201,neutral,neutral,0.0,neutral,0.0,neutral,0
14202,neutral,neutral,0.0,neutral,0.0,neutral,0
14203,neutral,neutral,0.0,neutral,0.0,neutral,0
14204,neutral,neutral,0.0,neutral,0.0,neutral,0
14205,neutral,neutral,0.0,neutral,0.0,neutral,0
14206,neutral,neutral,0.0,neutral,0.0,neutral,0
14207,neutral,neutral,0.0,neutral,0.0,neutral,0
14208,neutral,neutral,0.0,neutral,0.0,neutral,0
14209,neutral,neutral,0.0,neutral,0.0,neutral,0
14210,neutral,neutral,0.0,neutral,0.0,neutral,0
14211,neutral,neutral,0.0,neutral,0.0,neutral,0
14212,neutral,neutral,0.0,neutral,0.0,neutral,0
14213,neutral,neutral,0.0,neutral,0.0,neutral,0
14214,neutral,neutral,0.0,neutral,0.0,neutral,0
14215,neutral,neutral,0.0,neutral,0.0,neutral,0
14216,neutral,neutral,0.0,neutral,0.0,neutral,0
14217,neutral,neutral,0.0,neutral,0.0,neutral,0
14218,neutral,neutral,0.0,neutral,0.0,neutral,0
14219,neutral,neutral,0.0,neutral,0.0,neutral,0
14220,neutral,neutral,0.0,neutral,0.0,neutral,0
14221,neutral,neutral,0.0,neutral,0.0,neutral,0
14222,neutral,neutral,0.0,neutral,0.0,neutral,0
14223,neutral,neutral,0.0,neutral,0.0,neutral,0
14224,neutral,neutral,0.0,neutral,0.0,neutral,0
14225,neutral,neutral,0.0,neutral,0.0,neutral,0
14226,neutral,neutral,0.0,neutral,0.0,neutral,0
14227,neutral,neutral,0.0,neutral,0.0,neutral,0
14228,neutral,neutral,0.0,neutral,0.0,neutral,0
14229,neutral,neutral,0.0,neutral,0.0,neutral,0
14230,neutral,neutral,0.0,neutral,0.0,neutral,0
14231,neutral,neutral,0.0,neutral,0.0,neutral,0
14232,neutral,neutral,0.0,neutral,0.0,neutral,0
14233,neutral,neutral,0.0,neutral,0.0,neutral,0
14234,neutral,neutral,0.0,neutral,0.0,neutral,0
14235,neutral,neutral,0.0,neutral,0.0,neutral,0
14236,neutral,neutral,0.0,neutral,0.0,neutral,0
14237,neutral,neutral,0.0,neutral,0.0,neutral,0
14238,neutral,neutral,0.0,neutral,0.0,neutral,0
14239,neutral,neutral,0.0,neutral,0.0,neutral,0
14240,neutral,neutral,0.0,neutral,0.0,neutral,0
14241,neutral,neutral,0.0,neutral,0.0,neutral,0
14242,neutral,neutral,0.0,neutral,0.0,neutral,0
14243,neutral,neutral,0.0,neutral,0.0,neutral,0
14244,neutral,neutral,0.0,neutral,0.0,neutral,0
14245,neutral,neutral,0.0,neutral,0.0,neutral,0
14246,neutral,neutral,0.0,neutral,0.0,neutral,0
14247,neutral,neutral,0.0,neutral,0.0,neutral,0
14248,neutral,neutral,0.0,neutral,0.0,neutral,0
14249,neutral,neutral,0.0,neutral,0.0,neutral,0
14250,neutral,neutral,0.0,neutral,0.0,neutral,0
14251,neutral,neutral,0.0,neutral,0.0,neutral,0
14252,neutral,neutral,0.0,neutral,0.0,neutral,0
14253,neutral,neutral,0.0,neutral,0.0,neutral,0
14254,neutral,neutral,0.0,neutral,0.0,neutral,0
14255,neutral,neutral,0.0,neutral,0.0,neutral,0
14256,neutral,neutral,0.0,neutral,0.0,neutral,0
14257,neutral,neutral,0.0,neutral,0.0,neutral,0
14258,neutral,neutral,0.0,neutral,0.0,neutral,0
14259,neutral,neutral,0.0,neutral,0.0,neutral,0
14260,neutral,neutral,0.0,neutral,0.0,neutral,0
14261,neutral,neutral,0.0,neutral,0.0,neutral,0
14262,neutral,neutral,0.0,neutral,0.0,neutral,0
14263,neutral,neutral,0.0,neutral,0.0,neutral,0
14264,neutral,neutral,0.0,neutral,0.0,neutral,0
14265,neutral,neutral,0.0,neutral,0.0,neutral,0
14266,neutral,neutral,0.0,neutral,0.0,neutral,0
14267,neutral,neutral,0.0,neutral,0.0,neutral,0
14268,neutral,neutral,0.0,neutral,0.0,neutral,0
14269,neutral,neutral,0.0,neutral,0.0,neutral,0
14270,neutral,neutral,0.0,neutral,0.0,neutral,0
14271,neutral,neutral,0.0,neutral,0.0,neutral,0
14272,neutral,neutral,0.0,neutral,0.0,neutral,0
14273,neutral,neutral,0.0,neutral,0.0,neutral,0
14274,neutral,neutral,0.0,neutral,0.0,neutral,0
14275,neutral,neutral,0.0,neutral,0.0,neutral,0
14276,neutral,neutral,0.0,neutral,0.0,neutral,0
14277,neutral,neutral,0.0,neutral,0.0,neutral,0
14278,neutral,neutral,0.0,neutral,0.0,neutral,0
14279,neutral,neutral,0.0,neutral,0.0,neutral,0
14280,neutral,neutral,0.0,neutral,0.0,neutral,0
14281,neutral,neutral,0.0,neutral,0.0,neutral,0
14282,neutral,neutral,0.0,neutral,0.0,neutral,0
14283,neutral,neutral,0.0,neutral,0.0,neutral,0
14284,neutral,neutral,0.0,neutral,0.0,neutral,0
14285,neutral,neutral,0.0,neutral,0.0,neutral,0
14286,neutral,neutral,0.0,neutral,0.0,neutral,0
14287,neutral,neutral,0.0,neutral,0.0,neutral,0
14288,neutral,neutral,0.0,neutral,0.0,neutral,0
14289,neutral,neutral,0.0,neutral,0.0,neutral,0
14290,neutral,neutral,0.0,neutral,0.0,neutral,0
14291,neutral,neutral,0.0,neutral,0.0,neutral,0
14292,neutral,neutral,0.0,neutral,0.0,neutral,0
14293,neutral,neutral,0.0,neutral,0.0,neutral,0
14294,neutral,neutral,0.0,neutral,0.0,neutral,0
14295,neutral,neutral,0.0,neutral,0.0,neutral,0
14296,neutral,neutral,0.0,neutral,0.0,neutral,0
14297,neutral,neutral,0.0,neutral,0.0,neutral,0
14298,neutral,neutral,0.0,neutral,0.0,neutral,0
14299,neutral,neutral,0.0,neutral,0.0,neutral,0
14300,neutral,neutral,0.0,neutral,0.0,neutral,0
14301,neutral,neutral,0.0,neutral,0.0,neutral,0
14302,neutral,neutral,0.0,neutral,0.0,neutral,0
14303,neutral,neutral,0.0,neutral,0.0,neutral,0
14304,neutral,neutral,0.0,neutral,0.0,neutral,0
14305,neutral,neutral,0.0,neutral,0.0,neutral,0
14306,neutral,neutral,0.0,neutral,0.0,neutral,0
14307,neutral,neutral,0.0,neutral,0.0,neutral,0
14308,neutral,neutral,0.0,neutral,0.0,neutral,0
14309,neutral,neutral,0.0,neutral,0.0,neutral,0
14310,neutral,neutral,0.0,neutral,0.0,neutral,0
14311,neutral,neutral,0.0,neutral,0.0,neutral,0
14312,neutral,neutral,0.0,neutral,0.0,neutral,0
14313,neutral,neutral,0.0,neutral,0.0,neutral,0
14314,neutral,neutral,0.0,neutral,0.0,neutral,0
14315,neutral,neutral,0.0,neutral,0.0,neutral,0
14316,neutral,neutral,0.0,neutral,0.0,neutral,0
14317,neutral,neutral,0.0,neutral,0.0,neutral,0
14318,neutral,neutral,0.0,neutral,0.0,neutral,0
14319,neutral,neutral,0.0,neutral,0.0,neutral,0
14320,neutral,neutral,0.0,neutral,0.0,neutral,0
14321,neutral,neutral,0.0,neutral,0.0,neutral,0
14322,neutral,neutral,0.0,neutral,0.0,neutral,0
14323,neutral,neutral,0.0,neutral,0.0,neutral,0
14324,neutral,neutral,0.0,neutral,0.0,neutral,0
14325,neutral,neutral,0.0,neutral,0.0,neutral,0
14326,neutral,neutral,0.0,neutral,0.0,neutral,0
14327,neutral,neutral,0.0,neutral,0.0,neutral,0
14328,neutral,neutral,0.0,neutral,0.0,neutral,0
14329,neutral,neutral,0.0,neutral,0.0,neutral,0
14330,neutral,neutral,0.0,neutral,0.0,neutral,0
14331,neutral,neutral,0.0,neutral,0.0,neutral,0
14332,neutral,neutral,0.0,neutral,0.0,neutral,0
14333,neutral,neutral,0.0,neutral,0.0,neutral,0
14334,neutral,neutral,0.0,neutral,0.0,neutral,0
14335,neutral,neutral,0.0,neutral,0.0,neutral,0
14336,neutral,neutral,0.0,neutral,0.0,neutral,0
14337,neutral,neutral,0.0,neutral,0.0,neutral,0
14338,neutral,neutral,0.0,neutral,0.0,neutral,0
14339,neutral,neutral,0.0,neutral,0.0,neutral,0
14340,neutral,neutral,0.0,neutral,0.0,neutral,0
14341,neutral,neutral,0.0,neutral,0.0,neutral,0
14342,neutral,neutral,0.0,neutral,0.0,neutral,0
14343,neutral,neutral,0.0,neutral,0.0,neutral,0
14344,neutral,neutral,0.0,neutral,0.0,neutral,0
14345,neutral,neutral,0.0,neutral,0.0,neutral,0
14346,neutral,neutral,0.0,neutral,0.0,neutral,0
14347,neutral,neutral,0.0,neutral,0.0,neutral,0
14348,neutral,neutral,0.0,neutral,0.0,neutral,0
14349,neutral,neutral,0.0,neutral,0.0,neutral,0
14350,neutral,neutral,0.0,neutral,0.0,neutral,0
14351,neutral,neutral,0.0,neutral,0.0,neutral,0
14352,neutral,neutral,0.0,neutral,0.0,neutral,0
14353,neutral,neutral,0.0,neutral,0.0,neutral,0
14354,neutral,neutral,0.0,neutral,0.0,neutral,0
14355,neutral,neutral,0.0,neutral,0.0,neutral,0
14356,neutral,neutral,0.0,neutral,0.0,neutral,0
14357,neutral,neutral,0.0,neutral,0.0,neutral,0
14358,neutral,neutral,0.0,neutral,0.0,neutral,0
14359,neutral,neutral,0.0,neutral,0.0,neutral,0
14360,neutral,neutral,0.0,neutral,0.0,neutral,0
14361,neutral,neutral,0.0,neutral,0.0,neutral,0
14362,neutral,neutral,0.0,neutral,0.0,neutral,0
14363,neutral,neutral,0.0,neutral,0.0,neutral,0
14364,neutral,neutral,0.0,neutral,0.0,neutral,0
14365,neutral,neutral,0.0,neutral,0.0,neutral,0
14366,neutral,neutral,0.0,neutral,0.0,neutral,0
14367,neutral,neutral,0.0,neutral,0.0,neutral,0
14368,neutral,neutral,0.0,neutral,0.0,neutral,0
14369,neutral,neutral,0.0,neutral,0.0,neutral,0
14370,neutral,neutral,0.0,neutral,0.0,neutral,0
14371,neutral,neutral,0.0,neutral,0.0,neutral,0
14372,neutral,neutral,0.0,neutral,0.0,neutral,0
14373,neutral,neutral,0.0,neutral,0.0,neutral,0
14374,neutral,neutral,0.0,neutral,0.0,neutral,0
14375,neutral,neutral,0.0,neutral,0.0,neutral,0
14376,neutral,neutral,0.0,neutral,0.0,neutral,0
14377,neutral,neutral,0.0,neutral,0.0,neutral,0
14378,neutral,neutral,0.0,neutral,0.0,neutral,0
14379,neutral,neutral,0.0,neutral,0.0,neutral,0
14380,neutral,neutral,0.0,neutral,0.0,neutral,0
14381,neutral,neutral,0.0,neutral,0.0,neutral,0
14382,neutral,neutral,0.0,neutral,0.0,neutral,0
14383,neutral,neutral,0.0,neutral,0.0,neutral,0
14384,neutral,neutral,0.0,neutral,0.0,neutral,0
14385,neutral,neutral,0.0,neutral,0.0,neutral,0
14386,neutral,neutral,0.0,neutral,0.0,neutral,0
14387,neutral,neutral,0.0,neutral,0.0,neutral,0
14388,neutral,neutral,0.0,neutral,0.0,neutral,0
14389,neutral,neutral,0.0,neutral,0.0,neutral,0
14390,neutral,neutral,0.0,neutral,0.0,neutral,0
14391,neutral,neutral,0.0,neutral,0.0,neutral,0
14392,neutral,neutral,0.0,neutral,0.0,neutral,0
14393,neutral,neutral,0.0,neutral,0.0,neutral,0
14394,neutral,neutral,0.0,neutral,0.0,neutral,0
14395,neutral,neutral,0.0,neutral,0.0,neutral,0
14396,neutral,neutral,0.0,neutral,0.0,neutral,0
14397,neutral,neutral,0.0,neutral,0.0,neutral,0
14398,neutral,neutral,0.0,neutral,0.0,neutral,0
14399,neutral,neutral,0.0,neutral,0.0,neutral,0
14400,neutral,neutral,0.0,neutral,0.0,neutral,0
14401,neutral,neutral,0.0,neutral,0.0,neutral,0
14402,neutral,neutral,0.0,neutral,0.0,neutral,0
14403,neutral,neutral,0.0,neutral,0.0,neutral,0
14404,neutral,neutral,0.0,neutral,0.0,neutral,0
14405,neutral,neutral,0.0,neutral,0.0,neutral,0
14406,neutral,neutral,0.0,neutral,0.0,neutral,0
14407,neutral,neutral,0.0,neutral,0.0,neutral,0
14408,neutral,neutral,0.0,neutral,0.0,neutral,0
14409,neutral,neutral,0.0,neutral,0.0,neutral,0
14410,neutral,neutral,0.0,neutral,0.0,neutral,0
14411,neutral,neutral,0.0,neutral,0.0,neutral,0
14412,neutral,neutral,0.0,neutral,0.0,neutral,0
14413,neutral,neutral,0.0,neutral,0.0,neutral,0
14414,neutral,neutral,0.0,neutral,0.0,neutral,0
14415,neutral,neutral,0.0,neutral,0.0,neutral,0
14416,neutral,neutral,0.0,neutral,0.0,neutral,0
14417,neutral,neutral,0.0,neutral,0.0,neutral,0
14418,neutral,neutral,0.0,neutral,0.0,neutral,0
14419,neutral,neutral,0.0,neutral,0.0,neutral,0
14420,neutral,neutral,0.0,neutral,0.0,neutral,0
14421,neutral,neutral,0.0,neutral,0.0,neutral,0
14422,neutral,neutral,0.0,neutral,0.0,neutral,0
14423,neutral,neutral,0.0,neutral,0.0,neutral,0
14424,neutral,neutral,0.0,neutral,0.0,neutral,0
14425,neutral,neutral,0.0,neutral,0.0,neutral,0
14426,neutral,neutral,0.0,neutral,0.0,neutral,0
14427,neutral,neutral,0.0,neutral,0.0,neutral,0
14428,neutral,neutral,0.0,neutral,0.0,neutral,0
14429,neutral,neutral,0.0,neutral,0.0,neutral,0
14430,neutral,neutral,0.0,neutral,0.0,neutral,0
14431,neutral,neutral,0.0,neutral,0.0,neutral,0
14432,neutral,neutral,0.0,neutral,0.0,neutral,0
14433,neutral,neutral,0.0,neutral,0.0,neutral,0
14434,neutral,neutral,0.0,neutral,0.0,neutral,0
14435,neutral,neutral,0.0,neutral,0.0,neutral,0
14436,neutral,neutral,0.0,neutral,0.0,neutral,0
14437,neutral,neutral,0.0,neutral,0.0,neutral,0
14438,neutral,neutral,0.0,neutral,0.0,neutral,0
14439,neutral,neutral,0.0,neutral,0.0,neutral,0
14440,neutral,neutral,0.0,neutral,0.0,neutral,0
14441,neutral,neutral,0.0,neutral,0.0,neutral,0
14442,neutral,neutral,0.0,neutral,0.0,neutral,0
14443,neutral,neutral,0.0,neutral,0.0,neutral,0
14444,neutral,neutral,0.0,neutral,0.0,neutral,0
14445,neutral,neutral,0.0,neutral,0.0,neutral,0
14446,neutral,neutral,0.0,neutral,0.0,neutral,0
14447,neutral,neutral,0.0,neutral,0.0,neutral,0
14448,neutral,neutral,0.0,neutral,0.0,neutral,0
14449,neutral,neutral,0.0,neutral,0.0,neutral,0
14450,neutral,neutral,0.0,neutral,0.0,neutral,0
14451,neutral,neutral,0.0,neutral,0.0,neutral,0
14452,neutral,neutral,0.0,neutral,0.0,neutral,0
14453,neutral,neutral,0.0,neutral,0.0,neutral,0
14454,neutral,neutral,0.0,neutral,0.0,neutral,0
14455,neutral,neutral,0.0,neutral,0.0,neutral,0
14456,neutral,neutral,0.0,neutral,0.0,neutral,0
14457,neutral,neutral,0.0,neutral,0.0,neutral,0
14458,neutral,neutral,0.0,neutral,0.0,neutral,0
14459,neutral,neutral,0.0,neutral,0.0,neutral,0
14460,neutral,neutral,0.0,neutral,0.0,neutral,0
14461,neutral,neutral,0.0,neutral,0.0,neutral,0
14462,neutral,neutral,0.0,neutral,0.0,neutral,0
14463,neutral,neutral,0.0,neutral,0.0,neutral,0
14464,neutral,neutral,0.0,neutral,0.0,neutral,0
14465,neutral,neutral,0.0,neutral,0.0,neutral,0
14466,neutral,neutral,0.0,neutral,0.0,neutral,0
14467,neutral,neutral,0.0,neutral,0.0,neutral,0
14468,neutral,neutral,0.0,neutral,0.0,neutral,0
14469,neutral,neutral,0.0,neutral,0.0,neutral,0
14470,neutral,neutral,0.0,neutral,0.0,neutral,0
14471,neutral,neutral,0.0,neutral,0.0,neutral,0
14472,neutral,neutral,0.0,neutral,0.0,neutral,0
14473,neutral,neutral,0.0,neutral,0.0,neutral,0
14474,neutral,neutral,0.0,neutral,0.0,neutral,0
14475,neutral,neutral,0.0,neutral,0.0,neutral,0
14476,neutral,neutral,0.0,neutral,0.0,neutral,0
14477,neutral,neutral,0.0,neutral,0.0,neutral,0
14478,neutral,neutral,0.0,neutral,0.0,neutral,0
14479,neutral,neutral,0.0,neutral,0.0,neutral,0
14480,neutral,neutral,0.0,neutral,0.0,neutral,0
14481,neutral,neutral,0.0,neutral,0.0,neutral,0
14482,neutral,neutral,0.0,neutral,0.0,neutral,0
14483,neutral,neutral,0.0,neutral,0.0,neutral,0
14484,neutral,neutral,0.0,neutral,0.0,neutral,0
14485,neutral,neutral,0.0,neutral,0.0,neutral,0
14486,neutral,neutral,0.0,neutral,0.0,neutral,0
14487,neutral,neutral,0.0,neutral,0.0,neutral,0
14488,neutral,neutral,0.0,neutral,0.0,neutral,0
14489,neutral,neutral,0.0,neutral,0.0,neutral,0
14490,neutral,neutral,0.0,neutral,0.0,neutral,0
14491,neutral,neutral,0.0,neutral,0.0,neutral,0
14492,neutral,neutral,0.0,neutral,0.0,neutral,0
14493,neutral,neutral,0.0,neutral,0.0,neutral,0
14494,neutral,neutral,0.0,neutral,0.0,neutral,0
14495,neutral,neutral,0.0,neutral,0.0,neutral,0
14496,neutral,neutral,0.0,neutral,0.0,neutral,0
14497,neutral,neutral,0.0,neutral,0.0,neutral,0
14498,neutral,neutral,0.0,neutral,0.0,neutral,0
14499,neutral,neutral,0.0,neutral,0.0,neutral,0
14500,neutral,neutral,0.0,neutral,0.0,neutral,0
14501,neutral,neutral,0.0,neutral,0.0,neutral,0
14502,neutral,neutral,0.0,neutral,0.0,neutral,0
14503,neutral,neutral,0.0,neutral,0.0,neutral,0
14504,neutral,neutral,0.0,neutral,0.0,neutral,0
14505,neutral,neutral,0.0,neutral,0.0,neutral,0
14506,neutral,neutral,0.0,neutral,0.0,neutral,0
14507,neutral,neutral,0.0,neutral,0.0,neutral,0
14508,neutral,neutral,0.0,neutral,0.0,neutral,0
14509,neutral,neutral,0.0,neutral,0.0,neutral,0
14510,neutral,neutral,0.0,neutral,0.0,neutral,0
14511,neutral,neutral,0.0,neutral,0.0,neutral,0
14512,neutral,neutral,0.0,neutral,0.0,neutral,0
14513,neutral,neutral,0.0,neutral,0.0,neutral,0
14514,neutral,neutral,0.0,neutral,0.0,neutral,0
14515,neutral,neutral,0.0,neutral,0.0,neutral,0
14516,neutral,neutral,0.0,neutral,0.0,neutral,0
14517,neutral,neutral,0.0,neutral,0.0,neutral,0
14518,neutral,neutral,0.0,neutral,0.0,neutral,0
14519,neutral,neutral,0.0,neutral,0.0,neutral,0
14520,neutral,neutral,0.0,neutral,0.0,neutral,0
14521,neutral,neutral,0.0,neutral,0.0,neutral,0
14522,neutral,neutral,0.0,neutral,0.0,neutral,0
14523,neutral,neutral,0.0,neutral,0.0,neutral,0
14524,neutral,neutral,0.0,neutral,0.0,neutral,0
14525,neutral,neutral,0.0,neutral,0.0,neutral,0
14526,neutral,neutral,0.0,neutral,0.0,neutral,0
14527,neutral,neutral,0.0,neutral,0.0,neutral,0
14528,neutral,neutral,0.0,neutral,0.0,neutral,0
14529,neutral,neutral,0.0,neutral,0.0,neutral,0
14530,neutral,neutral,0.0,neutral,0.0,neutral,0
14531,neutral,neutral,0.0,neutral,0.0,neutral,0
14532,neutral,neutral,0.0,neutral,0.0,neutral,0
14533,neutral,neutral,0.0,neutral,0.0,neutral,0
14534,neutral,neutral,0.0,neutral,0.0,neutral,0
14535,neutral,neutral,0.0,neutral,0.0,neutral,0
14536,neutral,neutral,0.0,neutral,0.0,neutral,0
14537,neutral,neutral,0.0,neutral,0.0,neutral,0
14538,neutral,neutral,0.0,neutral,0.0,neutral,0
14539,neutral,neutral,0.0,neutral,0.0,neutral,0
14540,neutral,neutral,0.0,neutral,0.0,neutral,0
14541,neutral,neutral,0.0,neutral,0.0,neutral,0
14542,neutral,neutral,0.0,neutral,0.0,neutral,0
14543,neutral,neutral,0.0,neutral,0.0,neutral,0
14544,neutral,neutral,0.0,neutral,0.0,neutral,0
14545,neutral,neutral,0.0,neutral,0.0,neutral,0
14546,neutral,neutral,0.0,neutral,0.0,neutral,0
14547,neutral,neutral,0.0,neutral,0.0,neutral,0
14548,neutral,neutral,0.0,neutral,0.0,neutral,0
14549,neutral,neutral,0.0,neutral,0.0,neutral,0
14550,neutral,neutral,0.0,neutral,0.0,neutral,0
14551,neutral,neutral,0.0,neutral,0.0,neutral,0
14552,neutral,neutral,0.0,neutral,0.0,neutral,0
14553,neutral,neutral,0.0,neutral,0.0,neutral,0
14554,neutral,neutral,0.0,neutral,0.0,neutral,0
14555,neutral,neutral,0.0,neutral,0.0,neutral,0
14556,neutral,neutral,0.0,neutral,0.0,neutral,0
14557,neutral,neutral,0.0,neutral,0.0,neutral,0
14558,neutral,neutral,0.0,neutral,0.0,neutral,0
14559,neutral,neutral,0.0,neutral,0.0,neutral,0
14560,neutral,neutral,0.0,neutral,0.0,neutral,0
14561,neutral,neutral,0.0,neutral,0.0,neutral,0
14562,neutral,neutral,0.0,neutral,0.0,neutral,0
14563,neutral,neutral,0.0,neutral,0.0,neutral,0
14564,neutral,neutral,0.0,neutral,0.0,neutral,0
14565,neutral,neutral,0.0,neutral,0.0,neutral,0
14566,neutral,neutral,0.0,neutral,0.0,neutral,0
14567,neutral,neutral,0.0,neutral,0.0,neutral,0
14568,neutral,neutral,0.0,neutral,0.0,neutral,0
14569,neutral,neutral,0.0,neutral,0.0,neutral,0
14570,neutral,neutral,0.0,neutral,0.0,neutral,0
14571,neutral,neutral,0.0,neutral,0.0,neutral,0
14572,neutral,neutral,0.0,neutral,0.0,neutral,0
14573,neutral,neutral,0.0,neutral,0.0,neutral,0
14574,neutral,neutral,0.0,neutral,0.0,neutral,0
14575,neutral,neutral,0.0,neutral,0.0,neutral,0
14576,neutral,neutral,0.0,neutral,0.0,neutral,0
14577,neutral,neutral,0.0,neutral,0.0,neutral,0
14578,neutral,neutral,0.0,neutral,0.0,neutral,0
14579,neutral,neutral,0.0,neutral,0.0,neutral,0
14580,neutral,neutral,0.0,neutral,0.0,neutral,0
14581,neutral,neutral,0.0,neutral,0.0,neutral,0
14582,neutral,neutral,0.0,neutral,0.0,neutral,0
14583,neutral,neutral,0.0,neutral,0.0,neutral,0
14584,neutral,neutral,0.0,neutral,0.0,neutral,0
14585,neutral,neutral,0.0,neutral,0.0,neutral,0
14586,neutral,neutral,0.0,neutral,0.0,neutral,0
14587,neutral,neutral,0.0,neutral,0.0,neutral,0
14588,neutral,neutral,0.0,neutral,0.0,neutral,0
14589,neutral,neutral,0.0,neutral,0.0,neutral,0
14590,neutral,neutral,0.0,neutral,0.0,neutral,0
14591,neutral,neutral,0.0,neutral,0.0,neutral,0
14592,neutral,neutral,0.0,neutral,0.0,neutral,0
14593,neutral,neutral,0.0,neutral,0.0,neutral,0
14594,neutral,neutral,0.0,neutral,0.0,neutral,0
14595,neutral,neutral,0.0,neutral,0.0,neutral,0
14596,neutral,neutral,0.0,neutral,0.0,neutral,0
14597,neutral,neutral,0.0,neutral,0.0,neutral,0
14598,neutral,neutral,0.0,neutral,0.0,neutral,0
14599,neutral,neutral,0.0,neutral,0.0,neutral,0
14600,neutral,neutral,0.0,neutral,0.0,neutral,0
14601,neutral,neutral,0.0,neutral,0.0,neutral,0
14602,neutral,neutral,0.0,neutral,0.0,neutral,0
14603,neutral,neutral,0.0,neutral,0.0,neutral,0
14604,neutral,neutral,0.0,neutral,0.0,neutral,0
14605,neutral,neutral,0.0,neutral,0.0,neutral,0
14606,neutral,neutral,0.0,neutral,0.0,neutral,0
14607,neutral,neutral,0.0,neutral,0.0,neutral,0
14608,neutral,neutral,0.0,neutral,0.0,neutral,0
14609,neutral,neutral,0.0,neutral,0.0,neutral,0
14610,neutral,neutral,0.0,neutral,0.0,neutral,0
14611,neutral,neutral,0.0,neutral,0.0,neutral,0
14612,neutral,neutral,0.0,neutral,0.0,neutral,0
14613,neutral,neutral,0.0,neutral,0.0,neutral,0
14614,neutral,neutral,0.0,neutral,0.0,neutral,0
14615,neutral,neutral,0.0,neutral,0.0,neutral,0
14616,neutral,neutral,0.0,neutral,0.0,neutral,0
14617,neutral,neutral,0.0,neutral,0.0,neutral,0
14618,neutral,neutral,0.0,neutral,0.0,neutral,0
14619,neutral,neutral,0.0,neutral,0.0,neutral,0
14620,neutral,neutral,0.0,neutral,0.0,neutral,0
14621,neutral,neutral,0.0,neutral,0.0,neutral,0
14622,neutral,neutral,0.0,neutral,0.0,neutral,0
14623,neutral,neutral,0.0,neutral,0.0,neutral,0
14624,neutral,neutral,0.0,neutral,0.0,neutral,0
14625,neutral,neutral,0.0,neutral,0.0,neutral,0
14626,neutral,neutral,0.0,neutral,0.0,neutral,0
14627,neutral,neutral,0.0,neutral,0.0,neutral,0
14628,neutral,neutral,0.0,neutral,0.0,neutral,0
14629,neutral,neutral,0.0,neutral,0.0,neutral,0
14630,neutral,neutral,0.0,neutral,0.0,neutral,0
14631,neutral,neutral,0.0,neutral,0.0,neutral,0
14632,neutral,neutral,0.0,neutral,0.0,neutral,0
14633,neutral,neutral,0.0,neutral,0.0,neutral,0
14634,neutral,neutral,0.0,neutral,0.0,neutral,0
14635,neutral,neutral,0.0,neutral,0.0,neutral,0
14636,neutral,neutral,0.0,neutral,0.0,neutral,0
14637,neutral,neutral,0.0,neutral,0.0,neutral,0
14638,neutral,neutral,0.0,neutral,0.0,neutral,0
14639,neutral,neutral,0.0,neutral,0.0,neutral,0
14640,neutral,neutral,0.0,neutral,0.0,neutral,0
14641,neutral,neutral,0.0,neutral,0.0,neutral,0
14642,neutral,neutral,0.0,neutral,0.0,neutral,0
14643,neutral,neutral,0.0,neutral,0.0,neutral,0
14644,neutral,neutral,0.0,neutral,0.0,neutral,0
14645,neutral,neutral,0.0,neutral,0.0,neutral,0
14646,neutral,neutral,0.0,neutral,0.0,neutral,0
14647,neutral,neutral,0.0,neutral,0.0,neutral,0
14648,neutral,neutral,0.0,neutral,0.0,neutral,0
14649,neutral,neutral,0.0,neutral,0.0,neutral,0
14650,neutral,neutral,0.0,neutral,0.0,neutral,0
14651,neutral,neutral,0.0,neutral,0.0,neutral,0
14652,neutral,neutral,0.0,neutral,0.0,neutral,0
14653,neutral,neutral,0.0,neutral,0.0,neutral,0
14654,neutral,neutral,0.0,neutral,0.0,neutral,0
14655,neutral,neutral,0.0,neutral,0.0,neutral,0
14656,neutral,neutral,0.0,neutral,0.0,neutral,0
14657,neutral,neutral,0.0,neutral,0.0,neutral,0
14658,neutral,neutral,0.0,neutral,0.0,neutral,0
14659,neutral,neutral,0.0,neutral,0.0,neutral,0
14660,neutral,neutral,0.0,neutral,0.0,neutral,0
14661,neutral,neutral,0.0,neutral,0.0,neutral,0
14662,neutral,neutral,0.0,neutral,0.0,neutral,0
14663,neutral,neutral,0.0,neutral,0.0,neutral,0
14664,neutral,neutral,0.0,neutral,0.0,neutral,0
14665,neutral,neutral,0.0,neutral,0.0,neutral,0
14666,neutral,neutral,0.0,neutral,0.0,neutral,0
14667,neutral,neutral,0.0,neutral,0.0,neutral,0
14668,neutral,neutral,0.0,neutral,0.0,neutral,0
14669,neutral,neutral,0.0,neutral,0.0,neutral,0
14670,neutral,neutral,0.0,neutral,0.0,neutral,0
14671,neutral,neutral,0.0,neutral,0.0,neutral,0
14672,neutral,neutral,0.0,neutral,0.0,neutral,0
14673,neutral,neutral,0.0,neutral,0.0,neutral,0
14674,neutral,neutral,0.0,neutral,0.0,neutral,0
14675,neutral,neutral,0.0,neutral,0.0,neutral,0
14676,neutral,neutral,0.0,neutral,0.0,neutral,0
14677,neutral,neutral,0.0,neutral,0.0,neutral,0
14678,neutral,neutral,0.0,neutral,0.0,neutral,0
14679,neutral,neutral,0.0,neutral,0.0,neutral,0
14680,neutral,neutral,0.0,neutral,0.0,neutral,0
14681,neutral,neutral,0.0,neutral,0.0,neutral,0
14682,neutral,neutral,0.0,neutral,0.0,neutral,0
14683,neutral,neutral,0.0,neutral,0.0,neutral,0
14684,neutral,neutral,0.0,neutral,0.0,neutral,0
14685,neutral,neutral,0.0,neutral,0.0,neutral,0
14686,neutral,neutral,0.0,neutral,0.0,neutral,0
14687,neutral,neutral,0.0,neutral,0.0,neutral,0
14688,neutral,neutral,0.0,neutral,0.0,neutral,0
14689,neutral,neutral,0.0,neutral,0.0,neutral,0
14690,neutral,neutral,0.0,neutral,0.0,neutral,0
14691,neutral,neutral,0.0,neutral,0.0,neutral,0
14692,neutral,neutral,0.0,neutral,0.0,neutral,0
14693,neutral,neutral,0.0,neutral,0.0,neutral,0
14694,neutral,neutral,0.0,neutral,0.0,neutral,0
14695,neutral,neutral,0.0,neutral,0.0,neutral,0
14696,neutral,neutral,0.0,neutral,0.0,neutral,0
14697,neutral,neutral,0.0,neutral,0.0,neutral,0
14698,neutral,neutral,0.0,neutral,0.0,neutral,0
14699,neutral,neutral,0.0,neutral,0.0,neutral,0
14700,neutral,neutral,0.0,neutral,0.0,neutral,0
14701,neutral,neutral,0.0,neutral,0.0,neutral,0
14702,neutral,neutral,0.0,neutral,0.0,neutral,0
14703,neutral,neutral,0.0,neutral,0.0,neutral,0
14704,neutral,neutral,0.0,neutral,0.0,neutral,0
14705,neutral,neutral,0.0,neutral,0.0,neutral,0
14706,neutral,neutral,0.0,neutral,0.0,neutral,0
14707,neutral,neutral,0.0,neutral,0.0,neutral,0
14708,neutral,neutral,0.0,neutral,0.0,neutral,0
14709,neutral,neutral,0.0,neutral,0.0,neutral,0
14710,neutral,neutral,0.0,neutral,0.0,neutral,0
14711,neutral,neutral,0.0,neutral,0.0,neutral,0
14712,neutral,neutral,0.0,neutral,0.0,neutral,0
14713,neutral,neutral,0.0,neutral,0.0,neutral,0
14714,neutral,neutral,0.0,neutral,0.0,neutral,0
14715,neutral,neutral,0.0,neutral,0.0,neutral,0
14716,neutral,neutral,0.0,neutral,0.0,neutral,0
14717,neutral,neutral,0.0,neutral,0.0,neutral,0
14718,neutral,neutral,0.0,neutral,0.0,neutral,0
14719,neutral,neutral,0.0,neutral,0.0,neutral,0
14720,neutral,neutral,0.0,neutral,0.0,neutral,0
14721,neutral,neutral,0.0,neutral,0.0,neutral,0
14722,neutral,neutral,0.0,neutral,0.0,neutral,0
14723,neutral,neutral,0.0,neutral,0.0,neutral,0
14724,neutral,neutral,0.0,neutral,0.0,neutral,0
14725,neutral,neutral,0.0,neutral,0.0,neutral,0
14726,neutral,neutral,0.0,neutral,0.0,neutral,0
14727,neutral,neutral,0.0,neutral,0.0,neutral,0
14728,neutral,neutral,0.0,neutral,0.0,neutral,0
14729,neutral,neutral,0.0,neutral,0.0,neutral,0
14730,neutral,neutral,0.0,neutral,0.0,neutral,0
14731,neutral,neutral,0.0,neutral,0.0,neutral,0
14732,neutral,neutral,0.0,neutral,0.0,neutral,0
14733,neutral,neutral,0.0,neutral,0.0,neutral,0
14734,neutral,neutral,0.0,neutral,0.0,neutral,0
14735,neutral,neutral,0.0,neutral,0.0,neutral,0
14736,neutral,neutral,0.0,neutral,0.0,neutral,0
14737,neutral,neutral,0.0,neutral,0.0,neutral,0
14738,neutral,neutral,0.0,neutral,0.0,neutral,0
14739,neutral,neutral,0.0,neutral,0.0,neutral,0
14740,neutral,neutral,0.0,neutral,0.0,neutral,0
14741,neutral,neutral,0.0,neutral,0.0,neutral,0
14742,neutral,neutral,0.0,neutral,0.0,neutral,0
14743,neutral,neutral,0.0,neutral,0.0,neutral,0
14744,neutral,neutral,0.0,neutral,0.0,neutral,0
14745,neutral,neutral,0.0,neutral,0.0,neutral,0
14746,neutral,neutral,0.0,neutral,0.0,neutral,0
14747,neutral,neutral,0.0,neutral,0.0,neutral,0
14748,neutral,neutral,0.0,neutral,0.0,neutral,0
14749,neutral,neutral,0.0,neutral,0.0,neutral,0
14750,neutral,neutral,0.0,neutral,0.0,neutral,0
14751,neutral,neutral,0.0,neutral,0.0,neutral,0
14752,neutral,neutral,0.0,neutral,0.0,neutral,0
14753,neutral,neutral,0.0,neutral,0.0,neutral,0
14754,neutral,neutral,0.0,neutral,0.0,neutral,0
14755,neutral,neutral,0.0,neutral,0.0,neutral,0
14756,neutral,neutral,0.0,neutral,0.0,neutral,0
14757,neutral,neutral,0.0,neutral,0.0,neutral,0
14758,neutral,neutral,0.0,neutral,0.0,neutral,0
14759,neutral,neutral,0.0,neutral,0.0,neutral,0
14760,neutral,neutral,0.0,neutral,0.0,neutral,0
14761,neutral,neutral,0.0,neutral,0.0,neutral,0
14762,neutral,neutral,0.0,neutral,0.0,neutral,0
14763,neutral,neutral,0.0,neutral,0.0,neutral,0
14764,neutral,neutral,0.0,neutral,0.0,neutral,0
14765,neutral,neutral,0.0,neutral,0.0,neutral,0
14766,neutral,neutral,0.0,neutral,0.0,neutral,0
14767,neutral,neutral,0.0,neutral,0.0,neutral,0
14768,neutral,neutral,0.0,neutral,0.0,neutral,0
14769,neutral,neutral,0.0,neutral,0.0,neutral,0
14770,neutral,neutral,0.0,neutral,0.0,neutral,0
14771,neutral,neutral,0.0,neutral,0.0,neutral,0
14772,neutral,neutral,0.0,neutral,0.0,neutral,0
14773,neutral,neutral,0.0,neutral,0.0,neutral,0
14774,neutral,neutral,0.0,neutral,0.0,neutral,0
14775,neutral,neutral,0.0,neutral,0.0,neutral,0
14776,neutral,neutral,0.0,neutral,0.0,neutral,0
14777,neutral,neutral,0.0,neutral,0.0,neutral,0
14778,neutral,neutral,0.0,neutral,0.0,neutral,0
14779,neutral,neutral,0.0,neutral,0.0,neutral,0
14780,neutral,neutral,0.0,neutral,0.0,neutral,0
14781,neutral,neutral,0.0,neutral,0.0,neutral,0
14782,neutral,neutral,0.0,neutral,0.0,neutral,0
14783,neutral,neutral,0.0,neutral,0.0,neutral,0
14784,neutral,neutral,0.0,neutral,0.0,neutral,0
14785,neutral,neutral,0.0,neutral,0.0,neutral,0
14786,neutral,neutral,0.0,neutral,0.0,neutral,0
14787,neutral,neutral,0.0,neutral,0.0,neutral,0
14788,neutral,neutral,0.0,neutral,0.0,neutral,0
14789,neutral,neutral,0.0,neutral,0.0,neutral,0
14790,neutral,neutral,0.0,neutral,0.0,neutral,0
14791,neutral,neutral,0.0,neutral,0.0,neutral,0
14792,neutral,neutral,0.0,neutral,0.0,neutral,0
14793,neutral,neutral,0.0,neutral,0.0,neutral,0
14794,neutral,neutral,0.0,neutral,0.0,neutral,0
14795,neutral,neutral,0.0,neutral,0.0,neutral,0
14796,neutral,neutral,0.0,neutral,0.0,neutral,0
14797,neutral,neutral,0.0,neutral,0.0,neutral,0
14798,neutral,neutral,0.0,neutral,0.0,neutral,0
14799,neutral,neutral,0.0,neutral,0.0,neutral,0
14800,neutral,neutral,0.0,neutral,0.0,neutral,0
14801,neutral,neutral,0.0,neutral,0.0,neutral,0
14802,neutral,neutral,0.0,neutral,0.0,neutral,0
14803,neutral,neutral,0.0,neutral,0.0,neutral,0
14804,neutral,neutral,0.0,neutral,0.0,neutral,0
14805,neutral,neutral,0.0,neutral,0.0,neutral,0
14806,neutral,neutral,0.0,neutral,0.0,neutral,0
14807,neutral,neutral,0.0,neutral,0.0,neutral,0
14808,neutral,neutral,0.0,neutral,0.0,neutral,0
14809,neutral,neutral,0.0,neutral,0.0,neutral,0
14810,neutral,neutral,0.0,neutral,0.0,neutral,0
14811,neutral,neutral,0.0,neutral,0.0,neutral,0
14812,neutral,neutral,0.0,neutral,0.0,neutral,0
14813,neutral,neutral,0.0,neutral,0.0,neutral,0
14814,neutral,neutral,0.0,neutral,0.0,neutral,0
14815,neutral,neutral,0.0,neutral,0.0,neutral,0
14816,neutral,neutral,0.0,neutral,0.0,neutral,0
14817,neutral,neutral,0.0,neutral,0.0,neutral,0
14818,neutral,neutral,0.0,neutral,0.0,neutral,0
14819,neutral,neutral,0.0,neutral,0.0,neutral,0
14820,neutral,neutral,0.0,neutral,0.0,neutral,0
14821,neutral,neutral,0.0,neutral,0.0,neutral,0
14822,neutral,neutral,0.0,neutral,0.0,neutral,0
14823,neutral,neutral,0.0,neutral,0.0,neutral,0
14824,neutral,neutral,0.0,neutral,0.0,neutral,0
14825,neutral,neutral,0.0,neutral,0.0,neutral,0
14826,neutral,neutral,0.0,neutral,0.0,neutral,0
14827,neutral,neutral,0.0,neutral,0.0,neutral,0
14828,neutral,neutral,0.0,neutral,0.0,neutral,0
14829,neutral,neutral,0.0,neutral,0.0,neutral,0
14830,neutral,neutral,0.0,neutral,0.0,neutral,0
14831,neutral,neutral,0.0,neutral,0.0,neutral,0
14832,neutral,neutral,0.0,neutral,0.0,neutral,0
14833,neutral,neutral,0.0,neutral,0.0,neutral,0
14834,neutral,neutral,0.0,neutral,0.0,neutral,0
14835,neutral,neutral,0.0,neutral,0.0,neutral,0
14836,neutral,neutral,0.0,neutral,0.0,neutral,0
14837,neutral,neutral,0.0,neutral,0.0,neutral,0
14838,neutral,neutral,0.0,neutral,0.0,neutral,0
14839,neutral,neutral,0.0,neutral,0.0,neutral,0
14840,neutral,neutral,0.0,neutral,0.0,neutral,0
14841,neutral,neutral,0.0,neutral,0.0,neutral,0
14842,neutral,neutral,0.0,neutral,0.0,neutral,0
14843,neutral,neutral,0.0,neutral,0.0,neutral,0
14844,neutral,neutral,0.0,neutral,0.0,neutral,0
14845,neutral,neutral,0.0,neutral,0.0,neutral,0
14846,neutral,neutral,0.0,neutral,0.0,neutral,0
14847,neutral,neutral,0.0,neutral,0.0,neutral,0
14848,neutral,neutral,0.0,neutral,0.0,neutral,0
14849,neutral,neutral,0.0,neutral,0.0,neutral,0
14850,neutral,neutral,0.0,neutral,0.0,neutral,0
14851,neutral,neutral,0.0,neutral,0.0,neutral,0
14852,neutral,neutral,0.0,neutral,0.0,neutral,0
14853,neutral,neutral,0.0,neutral,0.0,neutral,0
14854,neutral,neutral,0.0,neutral,0.0,neutral,0
14855,neutral,neutral,0.0,neutral,0.0,neutral,0
14856,neutral,neutral,0.0,neutral,0.0,neutral,0
14857,neutral,neutral,0.0,neutral,0.0,neutral,0
14858,neutral,neutral,0.0,neutral,0.0,neutral,0
14859,neutral,neutral,0.0,neutral,0.0,neutral,0
14860,neutral,neutral,0.0,neutral,0.0,neutral,0
14861,neutral,neutral,0.0,neutral,0.0,neutral,0
14862,neutral,neutral,0.0,neutral,0.0,neutral,0
14863,neutral,neutral,0.0,neutral,0.0,neutral,0
14864,neutral,neutral,0.0,neutral,0.0,neutral,0
14865,neutral,neutral,0.0,neutral,0.0,neutral,0
14866,neutral,neutral,0.0,neutral,0.0,neutral,0
14867,neutral,neutral,0.0,neutral,0.0,neutral,0
14868,neutral,neutral,0.0,neutral,0.0,neutral,0
14869,neutral,neutral,0.0,neutral,0.0,neutral,0
14870,neutral,neutral,0.0,neutral,0.0,neutral,0
14871,neutral,neutral,0.0,neutral,0.0,neutral,0
14872,neutral,neutral,0.0,neutral,0.0,neutral,0
14873,neutral,neutral,0.0,neutral,0.0,neutral,0
14874,neutral,neutral,0.0,neutral,0.0,neutral,0
14875,neutral,neutral,0.0,neutral,0.0,neutral,0
14876,neutral,neutral,0.0,neutral,0.0,neutral,0
14877,neutral,neutral,0.0,neutral,0.0,neutral,0
14878,neutral,neutral,0.0,neutral,0.0,neutral,0
14879,neutral,neutral,0.0,neutral,0.0,neutral,0
14880,neutral,neutral,0.0,neutral,0.0,neutral,0
14881,neutral,neutral,0.0,neutral,0.0,neutral,0
14882,neutral,neutral,0.0,neutral,0.0,neutral,0
14883,neutral,neutral,0.0,neutral,0.0,neutral,0
14884,neutral,neutral,0.0,neutral,0.0,neutral,0
14885,neutral,neutral,0.0,neutral,0.0,neutral,0
14886,neutral,neutral,0.0,neutral,0.0,neutral,0
14887,neutral,neutral,0.0,neutral,0.0,neutral,0
14888,neutral,neutral,0.0,neutral,0.0,neutral,0
14889,neutral,neutral,0.0,neutral,0.0,neutral,0
14890,neutral,neutral,0.0,neutral,0.0,neutral,0
14891,neutral,neutral,0.0,neutral,0.0,neutral,0
14892,neutral,neutral,0.0,neutral,0.0,neutral,0
14893,neutral,neutral,0.0,neutral,0.0,neutral,0
14894,neutral,neutral,0.0,neutral,0.0,neutral,0
14895,neutral,neutral,0.0,neutral,0.0,neutral,0
14896,neutral,neutral,0.0,neutral,0.0,neutral,0
14897,neutral,neutral,0.0,neutral,0.0,neutral,0
14898,neutral,neutral,0.0,neutral,0.0,neutral,0
14899,neutral,neutral,0.0,neutral,0.0,neutral,0
14900,neutral,neutral,0.0,neutral,0.0,neutral,0
14901,neutral,neutral,0.0,neutral,0.0,neutral,0
14902,neutral,neutral,0.0,neutral,0.0,neutral,0
14903,neutral,neutral,0.0,neutral,0.0,neutral,0
14904,neutral,neutral,0.0,neutral,0.0,neutral,0
14905,neutral,neutral,0.0,neutral,0.0,neutral,0
14906,neutral,neutral,0.0,neutral,0.0,neutral,0
14907,neutral,neutral,0.0,neutral,0.0,neutral,0
14908,neutral,neutral,0.0,neutral,0.0,neutral,0
14909,neutral,neutral,0.0,neutral,0.0,neutral,0
14910,neutral,neutral,0.0,neutral,0.0,neutral,0
14911,neutral,neutral,0.0,neutral,0.0,neutral,0
14912,neutral,neutral,0.0,neutral,0.0,neutral,0
14913,neutral,neutral,0.0,neutral,0.0,neutral,0
14914,neutral,neutral,0.0,neutral,0.0,neutral,0
14915,neutral,neutral,0.0,neutral,0.0,neutral,0
14916,neutral,neutral,0.0,neutral,0.0,neutral,0
14917,neutral,neutral,0.0,neutral,0.0,neutral,0
14918,neutral,neutral,0.0,neutral,0.0,neutral,0
14919,neutral,neutral,0.0,neutral,0.0,neutral,0
14920,neutral,neutral,0.0,neutral,0.0,neutral,0
14921,neutral,neutral,0.0,neutral,0.0,neutral,0
14922,neutral,neutral,0.0,neutral,0.0,neutral,0
14923,neutral,neutral,0.0,neutral,0.0,neutral,0
14924,neutral,neutral,0.0,neutral,0.0,neutral,0
14925,neutral,neutral,0.0,neutral,0.0,neutral,0
14926,neutral,neutral,0.0,neutral,0.0,neutral,0
14927,neutral,neutral,0.0,neutral,0.0,neutral,0
14928,neutral,neutral,0.0,neutral,0.0,neutral,0
14929,neutral,neutral,0.0,neutral,0.0,neutral,0
14930,neutral,neutral,0.0,neutral,0.0,neutral,0
14931,neutral,neutral,0.0,neutral,0.0,neutral,0
14932,neutral,neutral,0.0,neutral,0.0,neutral,0
14933,neutral,neutral,0.0,neutral,0.0,neutral,0
14934,neutral,neutral,0.0,neutral,0.0,neutral,0
14935,neutral,neutral,0.0,neutral,0.0,neutral,0
14936,neutral,neutral,0.0,neutral,0.0,neutral,0
14937,neutral,neutral,0.0,neutral,0.0,neutral,0
14938,neutral,neutral,0.0,neutral,0.0,neutral,0
14939,neutral,neutral,0.0,neutral,0.0,neutral,0
14940,neutral,neutral,0.0,neutral,0.0,neutral,0
14941,neutral,neutral,0.0,neutral,0.0,neutral,0
14942,neutral,neutral,0.0,neutral,0.0,neutral,0
14943,neutral,neutral,0.0,neutral,0.0,neutral,0
14944,neutral,neutral,0.0,neutral,0.0,neutral,0
14945,neutral,neutral,0.0,neutral,0.0,neutral,0
14946,neutral,neutral,0.0,neutral,0.0,neutral,0
14947,neutral,neutral,0.0,neutral,0.0,neutral,0
14948,neutral,neutral,0.0,neutral,0.0,neutral,0
14949,neutral,neutral,0.0,neutral,0.0,neutral,0
14950,neutral,neutral,0.0,neutral,0.0,neutral,0
14951,neutral,neutral,0.0,neutral,0.0,neutral,0
14952,neutral,neutral,0.0,neutral,0.0,neutral,0
14953,neutral,neutral,0.0,neutral,0.0,neutral,0
14954,neutral,neutral,0.0,neutral,0.0,neutral,0
14955,neutral,neutral,0.0,neutral,0.0,neutral,0
14956,neutral,neutral,0.0,neutral,0.0,neutral,0
14957,neutral,neutral,0.0,neutral,0.0,neutral,0
14958,neutral,neutral,0.0,neutral,0.0,neutral,0
14959,neutral,neutral,0.0,neutral,0.0,neutral,0
14960,neutral,neutral,0.0,neutral,0.0,neutral,0
14961,neutral,neutral,0.0,neutral,0.0,neutral,0
14962,neutral,neutral,0.0,neutral,0.0,neutral,0
14963,neutral,neutral,0.0,neutral,0.0,neutral,0
14964,neutral,neutral,0.0,neutral,0.0,neutral,0
14965,neutral,neutral,0.0,neutral,0.0,neutral,0
14966,neutral,neutral,0.0,neutral,0.0,neutral,0
14967,neutral,neutral,0.0,neutral,0.0,neutral,0
14968,neutral,neutral,0.0,neutral,0.0,neutral,0
14969,neutral,neutral,0.0,neutral,0.0,neutral,0
14970,neutral,neutral,0.0,neutral,0.0,neutral,0
14971,neutral,neutral,0.0,neutral,0.0,neutral,0
14972,neutral,neutral,0.0,neutral,0.0,neutral,0
14973,neutral,neutral,0.0,neutral,0.0,neutral,0
14974,neutral,neutral,0.0,neutral,0.0,neutral,0
14975,neutral,neutral,0.0,neutral,0.0,neutral,0
14976,neutral,neutral,0.0,neutral,0.0,neutral,0
14977,neutral,neutral,0.0,neutral,0.0,neutral,0
14978,neutral,neutral,0.0,neutral,0.0,neutral,0
14979,neutral,neutral,0.0,neutral,0.0,neutral,0
14980,neutral,neutral,0.0,neutral,0.0,neutral,0
14981,neutral,neutral,0.0,neutral,0.0,neutral,0
14982,neutral,neutral,0.0,neutral,0.0,neutral,0
14983,neutral,neutral,0.0,neutral,0.0,neutral,0
14984,neutral,neutral,0.0,neutral,0.0,neutral,0
14985,neutral,neutral,0.0,neutral,0.0,neutral,0
14986,neutral,neutral,0.0,neutral,0.0,neutral,0
14987,neutral,neutral,0.0,neutral,0.0,neutral,0
14988,neutral,neutral,0.0,neutral,0.0,neutral,0
14989,neutral,neutral,0.0,neutral,0.0,neutral,0
14990,neutral,neutral,0.0,neutral,0.0,neutral,0
14991,neutral,neutral,0.0,neutral,0.0,neutral,0
14992,neutral,neutral,0.0,neutral,0.0,neutral,0
14993,neutral,neutral,0.0,neutral,0.0,neutral,0
14994,neutral,neutral,0.0,neutral,0.0,neutral,0
14995,neutral,neutral,0.0,neutral,0.0,neutral,0
14996,neutral,neutral,0.0,neutral,0.0,neutral,0
14997,neutral,neutral,0.0,neutral,0.0,neutral,0
14998,neutral,neutral,0.0,neutral,0.0,neutral,0
14999,neutral,neutral,0.0,neutral,0.0,neutral,0
15000,neutral,neutral,0.0,neutral,0.0,neutral,0
15001,neutral,neutral,0.0,neutral,0.0,neutral,0
15002,neutral,neutral,0.0,neutral,0.0,neutral,0
15003,neutral,neutral,0.0,neutral,0.0,neutral,0
15004,neutral,neutral,0.0,neutral,0.0,neutral,0
15005,neutral,neutral,0.0,neutral,0.0,neutral,0
15006,neutral,neutral,0.0,neutral,0.0,neutral,0
15007,neutral,neutral,0.0,neutral,0.0,neutral,0
15008,neutral,neutral,0.0,neutral,0.0,neutral,0
15009,neutral,neutral,0.0,neutral,0.0,neutral,0
15010,neutral,neutral,0.0,neutral,0.0,neutral,0
15011,neutral,neutral,0.0,neutral,0.0,neutral,0
15012,neutral,neutral,0.0,neutral,0.0,neutral,0
15013,neutral,neutral,0.0,neutral,0.0,neutral,0
15014,neutral,neutral,0.0,neutral,0.0,neutral,0
15015,neutral,neutral,0.0,neutral,0.0,neutral,0
15016,neutral,neutral,0.0,neutral,0.0,neutral,0
15017,neutral,neutral,0.0,neutral,0.0,neutral,0
15018,neutral,neutral,0.0,neutral,0.0,neutral,0
15019,neutral,neutral,0.0,neutral,0.0,neutral,0
15020,neutral,neutral,0.0,neutral,0.0,neutral,0
15021,neutral,neutral,0.0,neutral,0.0,neutral,0
15022,neutral,neutral,0.0,neutral,0.0,neutral,0
15023,neutral,neutral,0.0,neutral,0.0,neutral,0
15024,neutral,neutral,0.0,neutral,0.0,neutral,0
15025,neutral,neutral,0.0,neutral,0.0,neutral,0
15026,neutral,neutral,0.0,neutral,0.0,neutral,0
15027,neutral,neutral,0.0,neutral,0.0,neutral,0
15028,neutral,neutral,0.0,neutral,0.0,neutral,0
15029,neutral,neutral,0.0,neutral,0.0,neutral,0
15030,neutral,neutral,0.0,neutral,0.0,neutral,0
15031,neutral,neutral,0.0,neutral,0.0,neutral,0
15032,neutral,neutral,0.0,neutral,0.0,neutral,0
15033,neutral,neutral,0.0,neutral,0.0,neutral,0
15034,neutral,neutral,0.0,neutral,0.0,neutral,0
15035,neutral,neutral,0.0,neutral,0.0,neutral,0
15036,neutral,neutral,0.0,neutral,0.0,neutral,0
15037,neutral,neutral,0.0,neutral,0.0,neutral,0
15038,neutral,neutral,0.0,neutral,0.0,neutral,0
15039,neutral,neutral,0.0,neutral,0.0,neutral,0
15040,neutral,neutral,0.0,neutral,0.0,neutral,0
15041,neutral,neutral,0.0,neutral,0.0,neutral,0
15042,neutral,neutral,0.0,neutral,0.0,neutral,0
15043,neutral,neutral,0.0,neutral,0.0,neutral,0
15044,neutral,neutral,0.0,neutral,0.0,neutral,0
15045,neutral,neutral,0.0,neutral,0.0,neutral,0
15046,neutral,neutral,0.0,neutral,0.0,neutral,0
15047,neutral,neutral,0.0,neutral,0.0,neutral,0
15048,neutral,neutral,0.0,neutral,0.0,neutral,0
15049,neutral,neutral,0.0,neutral,0.0,neutral,0
15050,neutral,neutral,0.0,neutral,0.0,neutral,0
15051,neutral,neutral,0.0,neutral,0.0,neutral,0
15052,neutral,neutral,0.0,neutral,0.0,neutral,0
15053,neutral,neutral,0.0,neutral,0.0,neutral,0
15054,neutral,neutral,0.0,neutral,0.0,neutral,0
15055,neutral,neutral,0.0,neutral,0.0,neutral,0
15056,neutral,neutral,0.0,neutral,0.0,neutral,0
15057,neutral,neutral,0.0,neutral,0.0,neutral,0
15058,neutral,neutral,0.0,neutral,0.0,neutral,0
15059,neutral,neutral,0.0,neutral,0.0,neutral,0
15060,neutral,neutral,0.0,neutral,0.0,neutral,0
15061,neutral,neutral,0.0,neutral,0.0,neutral,0
15062,neutral,neutral,0.0,neutral,0.0,neutral,0
15063,neutral,neutral,0.0,neutral,0.0,neutral,0
15064,neutral,neutral,0.0,neutral,0.0,neutral,0
15065,neutral,neutral,0.0,neutral,0.0,neutral,0
15066,neutral,neutral,0.0,neutral,0.0,neutral,0
15067,neutral,neutral,0.0,neutral,0.0,neutral,0
15068,neutral,neutral,0.0,neutral,0.0,neutral,0
15069,neutral,neutral,0.0,neutral,0.0,neutral,0
15070,neutral,neutral,0.0,neutral,0.0,neutral,0
15071,neutral,neutral,0.0,neutral,0.0,neutral,0
15072,neutral,neutral,0.0,neutral,0.0,neutral,0
15073,neutral,neutral,0.0,neutral,0.0,neutral,0
15074,neutral,neutral,0.0,neutral,0.0,neutral,0
15075,neutral,neutral,0.0,neutral,0.0,neutral,0
15076,neutral,neutral,0.0,neutral,0.0,neutral,0
15077,neutral,neutral,0.0,neutral,0.0,neutral,0
15078,neutral,neutral,0.0,neutral,0.0,neutral,0
15079,neutral,neutral,0.0,neutral,0.0,neutral,0
15080,neutral,neutral,0.0,neutral,0.0,neutral,0
15081,neutral,neutral,0.0,neutral,0.0,neutral,0
15082,neutral,neutral,0.0,neutral,0.0,neutral,0
15083,neutral,neutral,0.0,neutral,0.0,neutral,0
15084,neutral,neutral,0.0,neutral,0.0,neutral,0
15085,neutral,neutral,0.0,neutral,0.0,neutral,0
15086,neutral,neutral,0.0,neutral,0.0,neutral,0
15087,neutral,neutral,0.0,neutral,0.0,neutral,0
15088,neutral,neutral,0.0,neutral,0.0,neutral,0
15089,neutral,neutral,0.0,neutral,0.0,neutral,0
15090,neutral,neutral,0.0,neutral,0.0,neutral,0
15091,neutral,neutral,0.0,neutral,0.0,neutral,0
15092,neutral,neutral,0.0,neutral,0.0,neutral,0
15093,neutral,neutral,0.0,neutral,0.0,neutral,0
15094,neutral,neutral,0.0,neutral,0.0,neutral,0
15095,neutral,neutral,0.0,neutral,0.0,neutral,0
15096,neutral,neutral,0.0,neutral,0.0,neutral,0
15097,neutral,neutral,0.0,neutral,0.0,neutral,0
15098,neutral,neutral,0.0,neutral,0.0,neutral,0
15099,neutral,neutral,0.0,neutral,0.0,neutral,0
15100,neutral,neutral,0.0,neutral,0.0,neutral,0
15101,neutral,neutral,0.0,neutral,0.0,neutral,0
15102,neutral,neutral,0.0,neutral,0.0,neutral,0
15103,neutral,neutral,0.0,neutral,0.0,neutral,0
15104,neutral,neutral,0.0,neutral,0.0,neutral,0
15105,neutral,neutral,0.0,neutral,0.0,neutral,0
15106,neutral,neutral,0.0,neutral,0.0,neutral,0
15107,neutral,neutral,0.0,neutral,0.0,neutral,0
15108,neutral,neutral,0.0,neutral,0.0,neutral,0
15109,neutral,neutral,0.0,neutral,0.0,neutral,0
15110,neutral,neutral,0.0,neutral,0.0,neutral,0
15111,neutral,neutral,0.0,neutral,0.0,neutral,0
15112,neutral,neutral,0.0,neutral,0.0,neutral,0
15113,neutral,neutral,0.0,neutral,0.0,neutral,0
15114,neutral,neutral,0.0,neutral,0.0,neutral,0
15115,neutral,neutral,0.0,neutral,0.0,neutral,0
15116,neutral,neutral,0.0,neutral,0.0,neutral,0
15117,neutral,neutral,0.0,neutral,0.0,neutral,0
15118,neutral,neutral,0.0,neutral,0.0,neutral,0
15119,neutral,neutral,0.0,neutral,0.0,neutral,0
15120,neutral,neutral,0.0,neutral,0.0,neutral,0
15121,neutral,neutral,0.0,neutral,0.0,neutral,0
15122,neutral,neutral,0.0,neutral,0.0,neutral,0
15123,neutral,neutral,0.0,neutral,0.0,neutral,0
15124,neutral,neutral,0.0,neutral,0.0,neutral,0
15125,neutral,neutral,0.0,neutral,0.0,neutral,0
15126,neutral,neutral,0.0,neutral,0.0,neutral,0
15127,neutral,neutral,0.0,neutral,0.0,neutral,0
15128,neutral,neutral,0.0,neutral,0.0,neutral,0
15129,neutral,neutral,0.0,neutral,0.0,neutral,0
15130,neutral,neutral,0.0,neutral,0.0,neutral,0
15131,neutral,neutral,0.0,neutral,0.0,neutral,0
15132,neutral,neutral,0.0,neutral,0.0,neutral,0
15133,neutral,neutral,0.0,neutral,0.0,neutral,0
15134,neutral,neutral,0.0,neutral,0.0,neutral,0
15135,neutral,neutral,0.0,neutral,0.0,neutral,0
15136,neutral,neutral,0.0,neutral,0.0,neutral,0
15137,neutral,neutral,0.0,neutral,0.0,neutral,0
15138,neutral,neutral,0.0,neutral,0.0,neutral,0
15139,neutral,neutral,0.0,neutral,0.0,neutral,0
15140,neutral,neutral,0.0,neutral,0.0,neutral,0
15141,neutral,neutral,0.0,neutral,0.0,neutral,0
15142,neutral,neutral,0.0,neutral,0.0,neutral,0
15143,neutral,neutral,0.0,neutral,0.0,neutral,0
15144,neutral,neutral,0.0,neutral,0.0,neutral,0
15145,neutral,neutral,0.0,neutral,0.0,neutral,0
15146,neutral,neutral,0.0,neutral,0.0,neutral,0
15147,neutral,neutral,0.0,neutral,0.0,neutral,0
15148,neutral,neutral,0.0,neutral,0.0,neutral,0
15149,neutral,neutral,0.0,neutral,0.0,neutral,0
15150,neutral,neutral,0.0,neutral,0.0,neutral,0
15151,neutral,neutral,0.0,neutral,0.0,neutral,0
15152,neutral,neutral,0.0,neutral,0.0,neutral,0
15153,neutral,neutral,0.0,neutral,0.0,neutral,0
15154,neutral,neutral,0.0,neutral,0.0,neutral,0
15155,neutral,neutral,0.0,neutral,0.0,neutral,0
15156,neutral,neutral,0.0,neutral,0.0,neutral,0
15157,neutral,neutral,0.0,neutral,0.0,neutral,0
15158,neutral,neutral,0.0,neutral,0.0,neutral,0
15159,neutral,neutral,0.0,neutral,0.0,neutral,0
15160,neutral,neutral,0.0,neutral,0.0,neutral,0
15161,neutral,neutral,0.0,neutral,0.0,neutral,0
15162,neutral,neutral,0.0,neutral,0.0,neutral,0
15163,neutral,neutral,0.0,neutral,0.0,neutral,0
15164,neutral,neutral,0.0,neutral,0.0,neutral,0
15165,neutral,neutral,0.0,neutral,0.0,neutral,0
15166,neutral,neutral,0.0,neutral,0.0,neutral,0
15167,neutral,neutral,0.0,neutral,0.0,neutral,0
15168,neutral,neutral,0.0,neutral,0.0,neutral,0
15169,neutral,neutral,0.0,neutral,0.0,neutral,0
15170,neutral,neutral,0.0,neutral,0.0,neutral,0
15171,neutral,neutral,0.0,neutral,0.0,neutral,0
15172,neutral,neutral,0.0,neutral,0.0,neutral,0
15173,neutral,neutral,0.0,neutral,0.0,neutral,0
15174,neutral,neutral,0.0,neutral,0.0,neutral,0
15175,neutral,neutral,0.0,neutral,0.0,neutral,0
15176,neutral,neutral,0.0,neutral,0.0,neutral,0
15177,neutral,neutral,0.0,neutral,0.0,neutral,0
15178,neutral,neutral,0.0,neutral,0.0,neutral,0
15179,neutral,neutral,0.0,neutral,0.0,neutral,0
15180,neutral,neutral,0.0,neutral,0.0,neutral,0
15181,neutral,neutral,0.0,neutral,0.0,neutral,0
15182,neutral,neutral,0.0,neutral,0.0,neutral,0
15183,neutral,neutral,0.0,neutral,0.0,neutral,0
15184,neutral,neutral,0.0,neutral,0.0,neutral,0
15185,neutral,neutral,0.0,neutral,0.0,neutral,0
15186,neutral,neutral,0.0,neutral,0.0,neutral,0
15187,neutral,neutral,0.0,neutral,0.0,neutral,0
15188,neutral,neutral,0.0,neutral,0.0,neutral,0
15189,neutral,neutral,0.0,neutral,0.0,neutral,0
15190,neutral,neutral,0.0,neutral,0.0,neutral,0
15191,neutral,neutral,0.0,neutral,0.0,neutral,0
15192,neutral,neutral,0.0,neutral,0.0,neutral,0
15193,neutral,neutral,0.0,neutral,0.0,neutral,0
15194,neutral,neutral,0.0,neutral,0.0,neutral,0
15195,neutral,neutral,0.0,neutral,0.0,neutral,0
15196,neutral,neutral,0.0,neutral,0.0,neutral,0
15197,neutral,neutral,0.0,neutral,0.0,neutral,0
15198,neutral,neutral,0.0,neutral,0.0,neutral,0
15199,neutral,neutral,0.0,neutral,0.0,neutral,0
15200,neutral,neutral,0.0,neutral,0.0,neutral,0
15201,neutral,neutral,0.0,neutral,0.0,neutral,0
15202,neutral,neutral,0.0,neutral,0.0,neutral,0
15203,neutral,neutral,0.0,neutral,0.0,neutral,0
15204,neutral,neutral,0.0,neutral,0.0,neutral,0
15205,neutral,neutral,0.0,neutral,0.0,neutral,0
15206,neutral,neutral,0.0,neutral,0.0,neutral,0
15207,neutral,neutral,0.0,neutral,0.0,neutral,0
15208,neutral,neutral,0.0,neutral,0.0,neutral,0
15209,neutral,neutral,0.0,neutral,0.0,neutral,0
15210,neutral,neutral,0.0,neutral,0.0,neutral,0
15211,neutral,neutral,0.0,neutral,0.0,neutral,0
15212,neutral,neutral,0.0,neutral,0.0,neutral,0
15213,neutral,neutral,0.0,neutral,0.0,neutral,0
15214,neutral,neutral,0.0,neutral,0.0,neutral,0
15215,neutral,neutral,0.0,neutral,0.0,neutral,0
15216,neutral,neutral,0.0,neutral,0.0,neutral,0
15217,neutral,neutral,0.0,neutral,0.0,neutral,0
15218,neutral,neutral,0.0,neutral,0.0,neutral,0
15219,neutral,neutral,0.0,neutral,0.0,neutral,0
15220,neutral,neutral,0.0,neutral,0.0,neutral,0
15221,neutral,neutral,0.0,neutral,0.0,neutral,0
15222,neutral,neutral,0.0,neutral,0.0,neutral,0
15223,neutral,neutral,0.0,neutral,0.0,neutral,0
15224,neutral,neutral,0.0,neutral,0.0,neutral,0
15225,neutral,neutral,0.0,neutral,0.0,neutral,0
15226,neutral,neutral,0.0,neutral,0.0,neutral,0
15227,neutral,neutral,0.0,neutral,0.0,neutral,0
15228,neutral,neutral,0.0,neutral,0.0,neutral,0
15229,neutral,neutral,0.0,neutral,0.0,neutral,0
15230,neutral,neutral,0.0,neutral,0.0,neutral,0
15231,neutral,neutral,0.0,neutral,0.0,neutral,0
15232,neutral,neutral,0.0,neutral,0.0,neutral,0
15233,neutral,neutral,0.0,neutral,0.0,neutral,0
15234,neutral,neutral,0.0,neutral,0.0,neutral,0
15235,neutral,neutral,0.0,neutral,0.0,neutral,0
15236,neutral,neutral,0.0,neutral,0.0,neutral,0
15237,neutral,neutral,0.0,neutral,0.0,neutral,0
15238,neutral,neutral,0.0,neutral,0.0,neutral,0
15239,neutral,neutral,0.0,neutral,0.0,neutral,0
15240,neutral,neutral,0.0,neutral,0.0,neutral,0
15241,neutral,neutral,0.0,neutral,0.0,neutral,0
15242,neutral,neutral,0.0,neutral,0.0,neutral,0
15243,neutral,neutral,0.0,neutral,0.0,neutral,0
15244,neutral,neutral,0.0,neutral,0.0,neutral,0
15245,neutral,neutral,0.0,neutral,0.0,neutral,0
15246,neutral,neutral,0.0,neutral,0.0,neutral,0
15247,neutral,neutral,0.0,neutral,0.0,neutral,0
15248,neutral,neutral,0.0,neutral,0.0,neutral,0
15249,neutral,neutral,0.0,neutral,0.0,neutral,0
15250,neutral,neutral,0.0,neutral,0.0,neutral,0
15251,neutral,neutral,0.0,neutral,0.0,neutral,0
15252,neutral,neutral,0.0,neutral,0.0,neutral,0
15253,neutral,neutral,0.0,neutral,0.0,neutral,0
15254,neutral,neutral,0.0,neutral,0.0,neutral,0
15255,neutral,neutral,0.0,neutral,0.0,neutral,0
15256,neutral,neutral,0.0,neutral,0.0,neutral,0
15257,neutral,neutral,0.0,neutral,0.0,neutral,0
15258,neutral,neutral,0.0,neutral,0.0,neutral,0
15259,neutral,neutral,0.0,neutral,0.0,neutral,0
15260,neutral,neutral,0.0,neutral,0.0,neutral,0
15261,neutral,neutral,0.0,neutral,0.0,neutral,0
15262,neutral,neutral,0.0,neutral,0.0,neutral,0
15263,neutral,neutral,0.0,neutral,0.0,neutral,0
15264,neutral,neutral,0.0,neutral,0.0,neutral,0
15265,neutral,neutral,0.0,neutral,0.0,neutral,0
15266,neutral,neutral,0.0,neutral,0.0,neutral,0
15267,neutral,neutral,0.0,neutral,0.0,neutral,0
15268,neutral,neutral,0.0,neutral,0.0,neutral,0
15269,neutral,neutral,0.0,neutral,0.0,neutral,0
15270,neutral,neutral,0.0,neutral,0.0,neutral,0
15271,neutral,neutral,0.0,neutral,0.0,neutral,0
15272,neutral,neutral,0.0,neutral,0.0,neutral,0
15273,neutral,neutral,0.0,neutral,0.0,neutral,0
15274,neutral,neutral,0.0,neutral,0.0,neutral,0
15275,neutral,neutral,0.0,neutral,0.0,neutral,0
15276,neutral,neutral,0.0,neutral,0.0,neutral,0
15277,neutral,neutral,0.0,neutral,0.0,neutral,0
15278,neutral,neutral,0.0,neutral,0.0,neutral,0
15279,neutral,neutral,0.0,neutral,0.0,neutral,0
15280,neutral,neutral,0.0,neutral,0.0,neutral,0
15281,neutral,neutral,0.0,neutral,0.0,neutral,0
15282,neutral,neutral,0.0,neutral,0.0,neutral,0
15283,neutral,neutral,0.0,neutral,0.0,neutral,0
15284,neutral,neutral,0.0,neutral,0.0,neutral,0
15285,neutral,neutral,0.0,neutral,0.0,neutral,0
15286,neutral,neutral,0.0,neutral,0.0,neutral,0
15287,neutral,neutral,0.0,neutral,0.0,neutral,0
15288,neutral,neutral,0.0,neutral,0.0,neutral,0
15289,neutral,neutral,0.0,neutral,0.0,neutral,0
15290,neutral,neutral,0.0,neutral,0.0,neutral,0
15291,neutral,neutral,0.0,neutral,0.0,neutral,0
15292,neutral,neutral,0.0,neutral,0.0,neutral,0
15293,neutral,neutral,0.0,neutral,0.0,neutral,0
15294,neutral,neutral,0.0,neutral,0.0,neutral,0
15295,neutral,neutral,0.0,neutral,0.0,neutral,0
15296,neutral,neutral,0.0,neutral,0.0,neutral,0
15297,neutral,neutral,0.0,neutral,0.0,neutral,0
15298,neutral,neutral,0.0,neutral,0.0,neutral,0
15299,neutral,neutral,0.0,neutral,0.0,neutral,0
15300,neutral,neutral,0.0,neutral,0.0,neutral,0
15301,neutral,neutral,0.0,neutral,0.0,neutral,0
15302,neutral,neutral,0.0,neutral,0.0,neutral,0
15303,neutral,neutral,0.0,neutral,0.0,neutral,0
15304,neutral,neutral,0.0,neutral,0.0,neutral,0
15305,neutral,neutral,0.0,neutral,0.0,neutral,0
15306,neutral,neutral,0.0,neutral,0.0,neutral,0
15307,neutral,neutral,0.0,neutral,0.0,neutral,0
15308,neutral,neutral,0.0,neutral,0.0,neutral,0
15309,neutral,neutral,0.0,neutral,0.0,neutral,0
15310,neutral,neutral,0.0,neutral,0.0,neutral,0
15311,neutral,neutral,0.0,neutral,0.0,neutral,0
15312,neutral,neutral,0.0,neutral,0.0,neutral,0
15313,neutral,neutral,0.0,neutral,0.0,neutral,0
15314,neutral,neutral,0.0,neutral,0.0,neutral,0
15315,neutral,neutral,0.0,neutral,0.0,neutral,0
15316,neutral,neutral,0.0,neutral,0.0,neutral,0
15317,neutral,neutral,0.0,neutral,0.0,neutral,0
15318,neutral,neutral,0.0,neutral,0.0,neutral,0
15319,neutral,neutral,0.0,neutral,0.0,neutral,0
15320,neutral,neutral,0.0,neutral,0.0,neutral,0
15321,neutral,neutral,0.0,neutral,0.0,neutral,0
15322,neutral,neutral,0.0,neutral,0.0,neutral,0
15323,neutral,neutral,0.0,neutral,0.0,neutral,0
15324,neutral,neutral,0.0,neutral,0.0,neutral,0
15325,neutral,neutral,0.0,neutral,0.0,neutral,0
15326,neutral,neutral,0.0,neutral,0.0,neutral,0
15327,neutral,neutral,0.0,neutral,0.0,neutral,0
15328,neutral,neutral,0.0,neutral,0.0,neutral,0
15329,neutral,neutral,0.0,neutral,0.0,neutral,0
15330,neutral,neutral,0.0,neutral,0.0,neutral,0
15331,neutral,neutral,0.0,neutral,0.0,neutral,0
15332,neutral,neutral,0.0,neutral,0.0,neutral,0
15333,neutral,neutral,0.0,neutral,0.0,neutral,0
15334,neutral,neutral,0.0,neutral,0.0,neutral,0
15335,neutral,neutral,0.0,neutral,0.0,neutral,0
15336,neutral,neutral,0.0,neutral,0.0,neutral,0
15337,neutral,neutral,0.0,neutral,0.0,neutral,0
15338,neutral,neutral,0.0,neutral,0.0,neutral,0
15339,neutral,neutral,0.0,neutral,0.0,neutral,0
15340,neutral,neutral,0.0,neutral,0.0,neutral,0
15341,neutral,neutral,0.0,neutral,0.0,neutral,0
15342,neutral,neutral,0.0,neutral,0.0,neutral,0
15343,neutral,neutral,0.0,neutral,0.0,neutral,0
15344,neutral,neutral,0.0,neutral,0.0,neutral,0
15345,neutral,neutral,0.0,neutral,0.0,neutral,0
15346,neutral,neutral,0.0,neutral,0.0,neutral,0
15347,neutral,neutral,0.0,neutral,0.0,neutral,0
15348,neutral,neutral,0.0,neutral,0.0,neutral,0
15349,neutral,neutral,0.0,neutral,0.0,neutral,0
15350,neutral,neutral,0.0,neutral,0.0,neutral,0
15351,neutral,neutral,0.0,neutral,0.0,neutral,0
15352,neutral,neutral,0.0,neutral,0.0,neutral,0
15353,neutral,neutral,0.0,neutral,0.0,neutral,0
15354,neutral,neutral,0.0,neutral,0.0,neutral,0
15355,neutral,neutral,0.0,neutral,0.0,neutral,0
15356,neutral,neutral,0.0,neutral,0.0,neutral,0
15357,neutral,neutral,0.0,neutral,0.0,neutral,0
15358,neutral,neutral,0.0,neutral,0.0,neutral,0
15359,neutral,neutral,0.0,neutral,0.0,neutral,0
15360,neutral,neutral,0.0,neutral,0.0,neutral,0
15361,neutral,neutral,0.0,neutral,0.0,neutral,0
15362,neutral,neutral,0.0,neutral,0.0,neutral,0
15363,neutral,neutral,0.0,neutral,0.0,neutral,0
15364,neutral,neutral,0.0,neutral,0.0,neutral,0
15365,neutral,neutral,0.0,neutral,0.0,neutral,0
15366,neutral,neutral,0.0,neutral,0.0,neutral,0
15367,neutral,neutral,0.0,neutral,0.0,neutral,0
15368,neutral,neutral,0.0,neutral,0.0,neutral,0
15369,neutral,neutral,0.0,neutral,0.0,neutral,0
15370,neutral,neutral,0.0,neutral,0.0,neutral,0
15371,neutral,neutral,0.0,neutral,0.0,neutral,0
15372,neutral,neutral,0.0,neutral,0.0,neutral,0
15373,neutral,neutral,0.0,neutral,0.0,neutral,0
15374,neutral,neutral,0.0,neutral,0.0,neutral,0
15375,neutral,neutral,0.0,neutral,0.0,neutral,0
15376,neutral,neutral,0.0,neutral,0.0,neutral,0
15377,neutral,neutral,0.0,neutral,0.0,neutral,0
15378,neutral,neutral,0.0,neutral,0.0,neutral,0
15379,neutral,neutral,0.0,neutral,0.0,neutral,0
15380,neutral,neutral,0.0,neutral,0.0,neutral,0
15381,neutral,neutral,0.0,neutral,0.0,neutral,0
15382,neutral,neutral,0.0,neutral,0.0,neutral,0
15383,neutral,neutral,0.0,neutral,0.0,neutral,0
15384,neutral,neutral,0.0,neutral,0.0,neutral,0
15385,neutral,neutral,0.0,neutral,0.0,neutral,0
15386,neutral,neutral,0.0,neutral,0.0,neutral,0
15387,neutral,neutral,0.0,neutral,0.0,neutral,0
15388,neutral,neutral,0.0,neutral,0.0,neutral,0
15389,neutral,neutral,0.0,neutral,0.0,neutral,0
15390,neutral,neutral,0.0,neutral,0.0,neutral,0
15391,neutral,neutral,0.0,neutral,0.0,neutral,0
15392,neutral,neutral,0.0,neutral,0.0,neutral,0
15393,neutral,neutral,0.0,neutral,0.0,neutral,0
15394,neutral,neutral,0.0,neutral,0.0,neutral,0
15395,neutral,neutral,0.0,neutral,0.0,neutral,0
15396,neutral,neutral,0.0,neutral,0.0,neutral,0
15397,neutral,neutral,0.0,neutral,0.0,neutral,0
15398,neutral,neutral,0.0,neutral,0.0,neutral,0
15399,neutral,neutral,0.0,neutral,0.0,neutral,0
15400,neutral,neutral,0.0,neutral,0.0,neutral,0
15401,neutral,neutral,0.0,neutral,0.0,neutral,0
15402,neutral,neutral,0.0,neutral,0.0,neutral,0
15403,neutral,neutral,0.0,neutral,0.0,neutral,0
15404,neutral,neutral,0.0,neutral,0.0,neutral,0
15405,neutral,neutral,0.0,neutral,0.0,neutral,0
15406,neutral,neutral,0.0,neutral,0.0,neutral,0
15407,neutral,neutral,0.0,neutral,0.0,neutral,0
15408,neutral,neutral,0.0,neutral,0.0,neutral,0
15409,neutral,neutral,0.0,neutral,0.0,neutral,0
15410,neutral,neutral,0.0,neutral,0.0,neutral,0
15411,neutral,neutral,0.0,neutral,0.0,neutral,0
15412,neutral,neutral,0.0,neutral,0.0,neutral,0
15413,neutral,neutral,0.0,neutral,0.0,neutral,0
15414,neutral,neutral,0.0,neutral,0.0,neutral,0
15415,neutral,neutral,0.0,neutral,0.0,neutral,0
15416,neutral,neutral,0.0,neutral,0.0,neutral,0
15417,neutral,neutral,0.0,neutral,0.0,neutral,0
15418,neutral,neutral,0.0,neutral,0.0,neutral,0
15419,neutral,neutral,0.0,neutral,0.0,neutral,0
15420,neutral,neutral,0.0,neutral,0.0,neutral,0
15421,neutral,neutral,0.0,neutral,0.0,neutral,0
15422,neutral,neutral,0.0,neutral,0.0,neutral,0
15423,neutral,neutral,0.0,neutral,0.0,neutral,0
15424,neutral,neutral,0.0,neutral,0.0,neutral,0
15425,neutral,neutral,0.0,neutral,0.0,neutral,0
15426,neutral,neutral,0.0,neutral,0.0,neutral,0
15427,neutral,neutral,0.0,neutral,0.0,neutral,0
15428,neutral,neutral,0.0,neutral,0.0,neutral,0
15429,neutral,neutral,0.0,neutral,0.0,neutral,0
15430,neutral,neutral,0.0,neutral,0.0,neutral,0
15431,neutral,neutral,0.0,neutral,0.0,neutral,0
15432,neutral,neutral,0.0,neutral,0.0,neutral,0
15433,neutral,neutral,0.0,neutral,0.0,neutral,0
15434,neutral,neutral,0.0,neutral,0.0,neutral,0
15435,neutral,neutral,0.0,neutral,0.0,neutral,0
15436,neutral,neutral,0.0,neutral,0.0,neutral,0
15437,neutral,neutral,0.0,neutral,0.0,neutral,0
15438,neutral,neutral,0.0,neutral,0.0,neutral,0
15439,neutral,neutral,0.0,neutral,0.0,neutral,0
15440,neutral,neutral,0.0,neutral,0.0,neutral,0
15441,neutral,neutral,0.0,neutral,0.0,neutral,0
15442,neutral,neutral,0.0,neutral,0.0,neutral,0
15443,neutral,neutral,0.0,neutral,0.0,neutral,0
15444,neutral,neutral,0.0,neutral,0.0,neutral,0
15445,neutral,neutral,0.0,neutral,0.0,neutral,0
15446,neutral,neutral,0.0,neutral,0.0,neutral,0
15447,neutral,neutral,0.0,neutral,0.0,neutral,0
15448,neutral,neutral,0.0,neutral,0.0,neutral,0
15449,neutral,neutral,0.0,neutral,0.0,neutral,0
15450,neutral,neutral,0.0,neutral,0.0,neutral,0
15451,neutral,neutral,0.0,neutral,0.0,neutral,0
15452,neutral,neutral,0.0,neutral,0.0,neutral,0
15453,neutral,neutral,0.0,neutral,0.0,neutral,0
15454,neutral,neutral,0.0,neutral,0.0,neutral,0
15455,neutral,neutral,0.0,neutral,0.0,neutral,0
15456,neutral,neutral,0.0,neutral,0.0,neutral,0
15457,neutral,neutral,0.0,neutral,0.0,neutral,0
15458,neutral,neutral,0.0,neutral,0.0,neutral,0
15459,neutral,neutral,0.0,neutral,0.0,neutral,0
15460,neutral,neutral,0.0,neutral,0.0,neutral,0
15461,neutral,neutral,0.0,neutral,0.0,neutral,0
15462,neutral,neutral,0.0,neutral,0.0,neutral,0
15463,neutral,neutral,0.0,neutral,0.0,neutral,0
15464,neutral,neutral,0.0,neutral,0.0,neutral,0
15465,neutral,neutral,0.0,neutral,0.0,neutral,0
15466,neutral,neutral,0.0,neutral,0.0,neutral,0
15467,neutral,neutral,0.0,neutral,0.0,neutral,0
15468,neutral,neutral,0.0,neutral,0.0,neutral,0
15469,neutral,neutral,0.0,neutral,0.0,neutral,0
15470,neutral,neutral,0.0,neutral,0.0,neutral,0
15471,neutral,neutral,0.0,neutral,0.0,neutral,0
15472,neutral,neutral,0.0,neutral,0.0,neutral,0
15473,neutral,neutral,0.0,neutral,0.0,neutral,0
15474,neutral,neutral,0.0,neutral,0.0,neutral,0
15475,neutral,neutral,0.0,neutral,0.0,neutral,0
15476,neutral,neutral,0.0,neutral,0.0,neutral,0
15477,neutral,neutral,0.0,neutral,0.0,neutral,0
15478,neutral,neutral,0.0,neutral,0.0,neutral,0
15479,neutral,neutral,0.0,neutral,0.0,neutral,0
15480,neutral,neutral,0.0,neutral,0.0,neutral,0
15481,neutral,neutral,0.0,neutral,0.0,neutral,0
15482,neutral,neutral,0.0,neutral,0.0,neutral,0
15483,neutral,neutral,0.0,neutral,0.0,neutral,0
15484,neutral,neutral,0.0,neutral,0.0,neutral,0
15485,neutral,neutral,0.0,neutral,0.0,neutral,0
15486,neutral,neutral,0.0,neutral,0.0,neutral,0
15487,neutral,neutral,0.0,neutral,0.0,neutral,0
15488,neutral,neutral,0.0,neutral,0.0,neutral,0
15489,neutral,neutral,0.0,neutral,0.0,neutral,0
15490,neutral,neutral,0.0,neutral,0.0,neutral,0
15491,neutral,neutral,0.0,neutral,0.0,neutral,0
15492,neutral,neutral,0.0,neutral,0.0,neutral,0
15493,neutral,neutral,0.0,neutral,0.0,neutral,0
15494,neutral,neutral,0.0,neutral,0.0,neutral,0
15495,neutral,neutral,0.0,neutral,0.0,neutral,0
15496,neutral,neutral,0.0,neutral,0.0,neutral,0
15497,neutral,neutral,0.0,neutral,0.0,neutral,0
15498,neutral,neutral,0.0,neutral,0.0,neutral,0
15499,neutral,neutral,0.0,neutral,0.0,neutral,0
15500,neutral,neutral,0.0,neutral,0.0,neutral,0
15501,neutral,neutral,0.0,neutral,0.0,neutral,0
15502,neutral,neutral,0.0,neutral,0.0,neutral,0
15503,neutral,neutral,0.0,neutral,0.0,neutral,0
15504,neutral,neutral,0.0,neutral,0.0,neutral,0
15505,neutral,neutral,0.0,neutral,0.0,neutral,0
15506,neutral,neutral,0.0,neutral,0.0,neutral,0
15507,neutral,neutral,0.0,neutral,0.0,neutral,0
15508,neutral,neutral,0.0,neutral,0.0,neutral,0
15509,neutral,neutral,0.0,neutral,0.0,neutral,0
15510,neutral,neutral,0.0,neutral,0.0,neutral,0
15511,neutral,neutral,0.0,neutral,0.0,neutral,0
15512,neutral,neutral,0.0,neutral,0.0,neutral,0
15513,neutral,neutral,0.0,neutral,0.0,neutral,0
15514,neutral,neutral,0.0,neutral,0.0,neutral,0
15515,neutral,neutral,0.0,neutral,0.0,neutral,0
15516,neutral,neutral,0.0,neutral,0.0,neutral,0
15517,neutral,neutral,0.0,neutral,0.0,neutral,0
15518,neutral,neutral,0.0,neutral,0.0,neutral,0
15519,neutral,neutral,0.0,neutral,0.0,neutral,0
15520,neutral,neutral,0.0,neutral,0.0,neutral,0
15521,neutral,neutral,0.0,neutral,0.0,neutral,0
15522,neutral,neutral,0.0,neutral,0.0,neutral,0
15523,neutral,neutral,0.0,neutral,0.0,neutral,0
15524,neutral,neutral,0.0,neutral,0.0,neutral,0
15525,neutral,neutral,0.0,neutral,0.0,neutral,0
15526,neutral,neutral,0.0,neutral,0.0,neutral,0
15527,neutral,neutral,0.0,neutral,0.0,neutral,0
15528,neutral,neutral,0.0,neutral,0.0,neutral,0
15529,neutral,neutral,0.0,neutral,0.0,neutral,0
15530,neutral,neutral,0.0,neutral,0.0,neutral,0
15531,neutral,neutral,0.0,neutral,0.0,neutral,0
15532,neutral,neutral,0.0,neutral,0.0,neutral,0
15533,neutral,neutral,0.0,neutral,0.0,neutral,0
15534,neutral,neutral,0.0,neutral,0.0,neutral,0
15535,neutral,neutral,0.0,neutral,0.0,neutral,0
15536,neutral,neutral,0.0,neutral,0.0,neutral,0
15537,neutral,neutral,0.0,neutral,0.0,neutral,0
15538,neutral,neutral,0.0,neutral,0.0,neutral,0
15539,neutral,neutral,0.0,neutral,0.0,neutral,0
15540,neutral,neutral,0.0,neutral,0.0,neutral,0
15541,neutral,neutral,0.0,neutral,0.0,neutral,0
15542,neutral,neutral,0.0,neutral,0.0,neutral,0
15543,neutral,neutral,0.0,neutral,0.0,neutral,0
15544,neutral,neutral,0.0,neutral,0.0,neutral,0
15545,neutral,neutral,0.0,neutral,0.0,neutral,0
15546,neutral,neutral,0.0,neutral,0.0,neutral,0
15547,neutral,neutral,0.0,neutral,0.0,neutral,0
15548,neutral,neutral,0.0,neutral,0.0,neutral,0
15549,neutral,neutral,0.0,neutral,0.0,neutral,0
15550,neutral,neutral,0.0,neutral,0.0,neutral,0
15551,neutral,neutral,0.0,neutral,0.0,neutral,0
15552,neutral,neutral,0.0,neutral,0.0,neutral,0
15553,neutral,neutral,0.0,neutral,0.0,neutral,0
15554,neutral,neutral,0.0,neutral,0.0,neutral,0
15555,neutral,neutral,0.0,neutral,0.0,neutral,0
15556,neutral,neutral,0.0,neutral,0.0,neutral,0
15557,neutral,neutral,0.0,neutral,0.0,neutral,0
15558,neutral,neutral,0.0,neutral,0.0,neutral,0
15559,neutral,neutral,0.0,neutral,0.0,neutral,0
15560,neutral,neutral,0.0,neutral,0.0,neutral,0
15561,neutral,neutral,0.0,neutral,0.0,neutral,0
15562,neutral,neutral,0.0,neutral,0.0,neutral,0
15563,neutral,neutral,0.0,neutral,0.0,neutral,0
15564,neutral,neutral,0.0,neutral,0.0,neutral,0
15565,neutral,neutral,0.0,neutral,0.0,neutral,0
15566,neutral,neutral,0.0,neutral,0.0,neutral,0
15567,neutral,neutral,0.0,neutral,0.0,neutral,0
15568,neutral,neutral,0.0,neutral,0.0,neutral,0
15569,neutral,neutral,0.0,neutral,0.0,neutral,0
15570,neutral,neutral,0.0,neutral,0.0,neutral,0
15571,neutral,neutral,0.0,neutral,0.0,neutral,0
15572,neutral,neutral,0.0,neutral,0.0,neutral,0
15573,neutral,neutral,0.0,neutral,0.0,neutral,0
15574,neutral,neutral,0.0,neutral,0.0,neutral,0
15575,neutral,neutral,0.0,neutral,0.0,neutral,0
15576,neutral,neutral,0.0,neutral,0.0,neutral,0
15577,neutral,neutral,0.0,neutral,0.0,neutral,0
15578,neutral,neutral,0.0,neutral,0.0,neutral,0
15579,neutral,neutral,0.0,neutral,0.0,neutral,0
15580,neutral,neutral,0.0,neutral,0.0,neutral,0
15581,neutral,neutral,0.0,neutral,0.0,neutral,0
15582,neutral,neutral,0.0,neutral,0.0,neutral,0
15583,neutral,neutral,0.0,neutral,0.0,neutral,0
15584,neutral,neutral,0.0,neutral,0.0,neutral,0
15585,neutral,neutral,0.0,neutral,0.0,neutral,0
15586,neutral,neutral,0.0,neutral,0.0,neutral,0
15587,neutral,neutral,0.0,neutral,0.0,neutral,0
15588,neutral,neutral,0.0,neutral,0.0,neutral,0
15589,neutral,neutral,0.0,neutral,0.0,neutral,0
15590,neutral,neutral,0.0,neutral,0.0,neutral,0
15591,neutral,neutral,0.0,neutral,0.0,neutral,0
15592,neutral,neutral,0.0,neutral,0.0,neutral,0
15593,neutral,neutral,0.0,neutral,0.0,neutral,0
15594,neutral,neutral,0.0,neutral,0.0,neutral,0
15595,neutral,neutral,0.0,neutral,0.0,neutral,0
15596,neutral,neutral,0.0,neutral,0.0,neutral,0
15597,neutral,neutral,0.0,neutral,0.0,neutral,0
15598,neutral,neutral,0.0,neutral,0.0,neutral,0
15599,neutral,neutral,0.0,neutral,0.0,neutral,0
15600,neutral,neutral,0.0,neutral,0.0,neutral,0
15601,neutral,neutral,0.0,neutral,0.0,neutral,0
15602,neutral,neutral,0.0,neutral,0.0,neutral,0
15603,neutral,neutral,0.0,neutral,0.0,neutral,0
15604,neutral,neutral,0.0,neutral,0.0,neutral,0
15605,neutral,neutral,0.0,neutral,0.0,neutral,0
15606,neutral,neutral,0.0,neutral,0.0,neutral,0
15607,neutral,neutral,0.0,neutral,0.0,neutral,0
15608,neutral,neutral,0.0,neutral,0.0,neutral,0
15609,neutral,neutral,0.0,neutral,0.0,neutral,0
15610,neutral,neutral,0.0,neutral,0.0,neutral,0
15611,neutral,neutral,0.0,neutral,0.0,neutral,0
15612,neutral,neutral,0.0,neutral,0.0,neutral,0
15613,neutral,neutral,0.0,neutral,0.0,neutral,0
15614,neutral,neutral,0.0,neutral,0.0,neutral,0
15615,neutral,neutral,0.0,neutral,0.0,neutral,0
15616,neutral,neutral,0.0,neutral,0.0,neutral,0
15617,neutral,neutral,0.0,neutral,0.0,neutral,0
15618,neutral,neutral,0.0,neutral,0.0,neutral,0
15619,neutral,neutral,0.0,neutral,0.0,neutral,0
15620,neutral,neutral,0.0,neutral,0.0,neutral,0
15621,neutral,neutral,0.0,neutral,0.0,neutral,0
15622,neutral,neutral,0.0,neutral,0.0,neutral,0
15623,neutral,neutral,0.0,neutral,0.0,neutral,0
15624,neutral,neutral,0.0,neutral,0.0,neutral,0
15625,neutral,neutral,0.0,neutral,0.0,neutral,0
15626,neutral,neutral,0.0,neutral,0.0,neutral,0
15627,neutral,neutral,0.0,neutral,0.0,neutral,0
15628,neutral,neutral,0.0,neutral,0.0,neutral,0
15629,neutral,neutral,0.0,neutral,0.0,neutral,0
15630,neutral,neutral,0.0,neutral,0.0,neutral,0
15631,neutral,neutral,0.0,neutral,0.0,neutral,0
15632,neutral,neutral,0.0,neutral,0.0,neutral,0
15633,neutral,neutral,0.0,neutral,0.0,neutral,0
15634,neutral,neutral,0.0,neutral,0.0,neutral,0
15635,neutral,neutral,0.0,neutral,0.0,neutral,0
15636,neutral,neutral,0.0,neutral,0.0,neutral,0
15637,neutral,neutral,0.0,neutral,0.0,neutral,0
15638,neutral,neutral,0.0,neutral,0.0,neutral,0
15639,neutral,neutral,0.0,neutral,0.0,neutral,0
15640,neutral,neutral,0.0,neutral,0.0,neutral,0
15641,neutral,neutral,0.0,neutral,0.0,neutral,0
15642,neutral,neutral,0.0,neutral,0.0,neutral,0
15643,neutral,neutral,0.0,neutral,0.0,neutral,0
15644,neutral,neutral,0.0,neutral,0.0,neutral,0
15645,neutral,neutral,0.0,neutral,0.0,neutral,0
15646,neutral,neutral,0.0,neutral,0.0,neutral,0
15647,neutral,neutral,0.0,neutral,0.0,neutral,0
15648,neutral,neutral,0.0,neutral,0.0,neutral,0
15649,neutral,neutral,0.0,neutral,0.0,neutral,0
15650,neutral,neutral,0.0,neutral,0.0,neutral,0
15651,neutral,neutral,0.0,neutral,0.0,neutral,0
15652,neutral,neutral,0.0,neutral,0.0,neutral,0
15653,neutral,neutral,0.0,neutral,0.0,neutral,0
15654,neutral,neutral,0.0,neutral,0.0,neutral,0
15655,neutral,neutral,0.0,neutral,0.0,neutral,0
15656,neutral,neutral,0.0,neutral,0.0,neutral,0
15657,neutral,neutral,0.0,neutral,0.0,neutral,0
15658,neutral,neutral,0.0,neutral,0.0,neutral,0
15659,neutral,neutral,0.0,neutral,0.0,neutral,0
15660,neutral,neutral,0.0,neutral,0.0,neutral,0
15661,neutral,neutral,0.0,neutral,0.0,neutral,0
15662,neutral,neutral,0.0,neutral,0.0,neutral,0
15663,neutral,neutral,0.0,neutral,0.0,neutral,0
15664,neutral,neutral,0.0,neutral,0.0,neutral,0
15665,neutral,neutral,0.0,neutral,0.0,neutral,0
15666,neutral,neutral,0.0,neutral,0.0,neutral,0
15667,neutral,neutral,0.0,neutral,0.0,neutral,0
15668,neutral,neutral,0.0,neutral,0.0,neutral,0
15669,neutral,neutral,0.0,neutral,0.0,neutral,0
15670,neutral,neutral,0.0,neutral,0.0,neutral,0
15671,neutral,neutral,0.0,neutral,0.0,neutral,0
15672,neutral,neutral,0.0,neutral,0.0,neutral,0
15673,neutral,neutral,0.0,neutral,0.0,neutral,0
15674,neutral,neutral,0.0,neutral,0.0,neutral,0
15675,neutral,neutral,0.0,neutral,0.0,neutral,0
15676,neutral,neutral,0.0,neutral,0.0,neutral,0
15677,neutral,neutral,0.0,neutral,0.0,neutral,0
15678,neutral,neutral,0.0,neutral,0.0,neutral,0
15679,neutral,neutral,0.0,neutral,0.0,neutral,0
15680,neutral,neutral,0.0,neutral,0.0,neutral,0
15681,neutral,neutral,0.0,neutral,0.0,neutral,0
15682,neutral,neutral,0.0,neutral,0.0,neutral,0
15683,neutral,neutral,0.0,neutral,0.0,neutral,0
15684,neutral,neutral,0.0,neutral,0.0,neutral,0
15685,neutral,neutral,0.0,neutral,0.0,neutral,0
15686,neutral,neutral,0.0,neutral,0.0,neutral,0
15687,neutral,neutral,0.0,neutral,0.0,neutral,0
15688,neutral,neutral,0.0,neutral,0.0,neutral,0
15689,neutral,neutral,0.0,neutral,0.0,neutral,0
15690,neutral,neutral,0.0,neutral,0.0,neutral,0
15691,neutral,neutral,0.0,neutral,0.0,neutral,0
15692,neutral,neutral,0.0,neutral,0.0,neutral,0
15693,neutral,neutral,0.0,neutral,0.0,neutral,0
15694,neutral,neutral,0.0,neutral,0.0,neutral,0
15695,neutral,neutral,0.0,neutral,0.0,neutral,0
15696,neutral,neutral,0.0,neutral,0.0,neutral,0
15697,neutral,neutral,0.0,neutral,0.0,neutral,0
15698,neutral,neutral,0.0,neutral,0.0,neutral,0
15699,neutral,neutral,0.0,neutral,0.0,neutral,0
15700,neutral,neutral,0.0,neutral,0.0,neutral,0
15701,neutral,neutral,0.0,neutral,0.0,neutral,0
15702,neutral,neutral,0.0,neutral,0.0,neutral,0
15703,neutral,neutral,0.0,neutral,0.0,neutral,0
15704,neutral,neutral,0.0,neutral,0.0,neutral,0
15705,neutral,neutral,0.0,neutral,0.0,neutral,0
15706,neutral,neutral,0.0,neutral,0.0,neutral,0
15707,neutral,neutral,0.0,neutral,0.0,neutral,0
15708,neutral,neutral,0.0,neutral,0.0,neutral,0
15709,neutral,neutral,0.0,neutral,0.0,neutral,0
15710,neutral,neutral,0.0,neutral,0.0,neutral,0
15711,neutral,neutral,0.0,neutral,0.0,neutral,0
15712,neutral,neutral,0.0,neutral,0.0,neutral,0
15713,neutral,neutral,0.0,neutral,0.0,neutral,0
15714,neutral,neutral,0.0,neutral,0.0,neutral,0
15715,neutral,neutral,0.0,neutral,0.0,neutral,0
15716,neutral,neutral,0.0,neutral,0.0,neutral,0
15717,neutral,neutral,0.0,neutral,0.0,neutral,0
15718,neutral,neutral,0.0,neutral,0.0,neutral,0
15719,neutral,neutral,0.0,neutral,0.0,neutral,0
15720,neutral,neutral,0.0,neutral,0.0,neutral,0
15721,neutral,neutral,0.0,neutral,0.0,neutral,0
15722,neutral,neutral,0.0,neutral,0.0,neutral,0
15723,neutral,neutral,0.0,neutral,0.0,neutral,0
15724,neutral,neutral,0.0,neutral,0.0,neutral,0
15725,neutral,neutral,0.0,neutral,0.0,neutral,0
15726,neutral,neutral,0.0,neutral,0.0,neutral,0
15727,neutral,neutral,0.0,neutral,0.0,neutral,0
15728,neutral,neutral,0.0,neutral,0.0,neutral,0
15729,neutral,neutral,0.0,neutral,0.0,neutral,0
15730,neutral,neutral,0.0,neutral,0.0,neutral,0
15731,neutral,neutral,0.0,neutral,0.0,neutral,0
15732,neutral,neutral,0.0,neutral,0.0,neutral,0
15733,neutral,neutral,0.0,neutral,0.0,neutral,0
15734,neutral,neutral,0.0,neutral,0.0,neutral,0
15735,neutral,neutral,0.0,neutral,0.0,neutral,0
15736,neutral,neutral,0.0,neutral,0.0,neutral,0
15737,neutral,neutral,0.0,neutral,0.0,neutral,0
15738,neutral,neutral,0.0,neutral,0.0,neutral,0
15739,neutral,neutral,0.0,neutral,0.0,neutral,0
15740,neutral,neutral,0.0,neutral,0.0,neutral,0
15741,neutral,neutral,0.0,neutral,0.0,neutral,0
15742,neutral,neutral,0.0,neutral,0.0,neutral,0
15743,neutral,neutral,0.0,neutral,0.0,neutral,0
15744,neutral,neutral,0.0,neutral,0.0,neutral,0
15745,neutral,neutral,0.0,neutral,0.0,neutral,0
15746,neutral,neutral,0.0,neutral,0.0,neutral,0
15747,neutral,neutral,0.0,neutral,0.0,neutral,0
15748,neutral,neutral,0.0,neutral,0.0,neutral,0
15749,neutral,neutral,0.0,neutral,0.0,neutral,0
15750,neutral,neutral,0.0,neutral,0.0,neutral,0
15751,neutral,neutral,0.0,neutral,0.0,neutral,0
15752,neutral,neutral,0.0,neutral,0.0,neutral,0
15753,neutral,neutral,0.0,neutral,0.0,neutral,0
15754,neutral,neutral,0.0,neutral,0.0,neutral,0
15755,neutral,neutral,0.0,neutral,0.0,neutral,0
15756,neutral,neutral,0.0,neutral,0.0,neutral,0
15757,neutral,neutral,0.0,neutral,0.0,neutral,0
15758,neutral,neutral,0.0,neutral,0.0,neutral,0
15759,neutral,neutral,0.0,neutral,0.0,neutral,0
15760,neutral,neutral,0.0,neutral,0.0,neutral,0
15761,neutral,neutral,0.0,neutral,0.0,neutral,0
15762,neutral,neutral,0.0,neutral,0.0,neutral,0
15763,neutral,neutral,0.0,neutral,0.0,neutral,0
15764,neutral,neutral,0.0,neutral,0.0,neutral,0
15765,neutral,neutral,0.0,neutral,0.0,neutral,0
15766,neutral,neutral,0.0,neutral,0.0,neutral,0
15767,neutral,neutral,0.0,neutral,0.0,neutral,0
15768,neutral,neutral,0.0,neutral,0.0,neutral,0
15769,neutral,neutral,0.0,neutral,0.0,neutral,0
15770,neutral,neutral,0.0,neutral,0.0,neutral,0
15771,neutral,neutral,0.0,neutral,0.0,neutral,0
15772,neutral,neutral,0.0,neutral,0.0,neutral,0
15773,neutral,neutral,0.0,neutral,0.0,neutral,0
15774,neutral,neutral,0.0,neutral,0.0,neutral,0
15775,neutral,neutral,0.0,neutral,0.0,neutral,0
15776,neutral,neutral,0.0,neutral,0.0,neutral,0
15777,neutral,neutral,0.0,neutral,0.0,neutral,0
15778,neutral,neutral,0.0,neutral,0.0,neutral,0
15779,neutral,neutral,0.0,neutral,0.0,neutral,0
15780,neutral,neutral,0.0,neutral,0.0,neutral,0
15781,neutral,neutral,0.0,neutral,0.0,neutral,0
15782,neutral,neutral,0.0,neutral,0.0,neutral,0
15783,neutral,neutral,0.0,neutral,0.0,neutral,0
15784,neutral,neutral,0.0,neutral,0.0,neutral,0
15785,neutral,neutral,0.0,neutral,0.0,neutral,0
15786,neutral,neutral,0.0,neutral,0.0,neutral,0
15787,neutral,neutral,0.0,neutral,0.0,neutral,0
15788,neutral,neutral,0.0,neutral,0.0,neutral,0
15789,neutral,neutral,0.0,neutral,0.0,neutral,0
15790,neutral,neutral,0.0,neutral,0.0,neutral,0
15791,neutral,neutral,0.0,neutral,0.0,neutral,0
15792,neutral,neutral,0.0,neutral,0.0,neutral,0
15793,neutral,neutral,0.0,neutral,0.0,neutral,0
15794,neutral,neutral,0.0,neutral,0.0,neutral,0
15795,neutral,neutral,0.0,neutral,0.0,neutral,0
15796,neutral,neutral,0.0,neutral,0.0,neutral,0
15797,neutral,neutral,0.0,neutral,0.0,neutral,0
15798,neutral,neutral,0.0,neutral,0.0,neutral,0
15799,neutral,neutral,0.0,neutral,0.0,neutral,0
15800,neutral,neutral,0.0,neutral,0.0,neutral,0
15801,neutral,neutral,0.0,neutral,0.0,neutral,0
15802,neutral,neutral,0.0,neutral,0.0,neutral,0
15803,neutral,neutral,0.0,neutral,0.0,neutral,0
15804,neutral,neutral,0.0,neutral,0.0,neutral,0
15805,neutral,neutral,0.0,neutral,0.0,neutral,0
15806,neutral,neutral,0.0,neutral,0.0,neutral,0
15807,neutral,neutral,0.0,neutral,0.0,neutral,0
15808,neutral,neutral,0.0,neutral,0.0,neutral,0
15809,neutral,neutral,0.0,neutral,0.0,neutral,0
15810,neutral,neutral,0.0,neutral,0.0,neutral,0
15811,neutral,neutral,0.0,neutral,0.0,neutral,0
15812,neutral,neutral,0.0,neutral,0.0,neutral,0
15813,neutral,neutral,0.0,neutral,0.0,neutral,0
15814,neutral,neutral,0.0,neutral,0.0,neutral,0
15815,neutral,neutral,0.0,neutral,0.0,neutral,0
15816,neutral,neutral,0.0,neutral,0.0,neutral,0
15817,neutral,neutral,0.0,neutral,0.0,neutral,0
15818,neutral,neutral,0.0,neutral,0.0,neutral,0
15819,neutral,neutral,0.0,neutral,0.0,neutral,0
15820,neutral,neutral,0.0,neutral,0.0,neutral,0
15821,neutral,neutral,0.0,neutral,0.0,neutral,0
15822,neutral,neutral,0.0,neutral,0.0,neutral,0
15823,neutral,neutral,0.0,neutral,0.0,neutral,0
15824,neutral,neutral,0.0,neutral,0.0,neutral,0
15825,neutral,neutral,0.0,neutral,0.0,neutral,0
15826,neutral,neutral,0.0,neutral,0.0,neutral,0
15827,neutral,neutral,0.0,neutral,0.0,neutral,0
15828,neutral,neutral,0.0,neutral,0.0,neutral,0
15829,neutral,neutral,0.0,neutral,0.0,neutral,0
15830,neutral,neutral,0.0,neutral,0.0,neutral,0
15831,neutral,neutral,0.0,neutral,0.0,neutral,0
15832,neutral,neutral,0.0,neutral,0.0,neutral,0
15833,neutral,neutral,0.0,neutral,0.0,neutral,0
15834,neutral,neutral,0.0,neutral,0.0,neutral,0
15835,neutral,neutral,0.0,neutral,0.0,neutral,0
15836,neutral,neutral,0.0,neutral,0.0,neutral,0
15837,neutral,neutral,0.0,neutral,0.0,neutral,0
15838,neutral,neutral,0.0,neutral,0.0,neutral,0
15839,neutral,neutral,0.0,neutral,0.0,neutral,0
15840,neutral,neutral,0.0,neutral,0.0,neutral,0
15841,neutral,neutral,0.0,neutral,0.0,neutral,0
15842,neutral,neutral,0.0,neutral,0.0,neutral,0
15843,neutral,neutral,0.0,neutral,0.0,neutral,0
15844,neutral,neutral,0.0,neutral,0.0,neutral,0
15845,neutral,neutral,0.0,neutral,0.0,neutral,0
15846,neutral,neutral,0.0,neutral,0.0,neutral,0
15847,neutral,neutral,0.0,neutral,0.0,neutral,0
15848,neutral,neutral,0.0,neutral,0.0,neutral,0
15849,neutral,neutral,0.0,neutral,0.0,neutral,0
15850,neutral,neutral,0.0,neutral,0.0,neutral,0
15851,neutral,neutral,0.0,neutral,0.0,neutral,0
15852,neutral,neutral,0.0,neutral,0.0,neutral,0
15853,neutral,neutral,0.0,neutral,0.0,neutral,0
15854,neutral,neutral,0.0,neutral,0.0,neutral,0
15855,neutral,neutral,0.0,neutral,0.0,neutral,0
15856,neutral,neutral,0.0,neutral,0.0,neutral,0
15857,neutral,neutral,0.0,neutral,0.0,neutral,0
15858,neutral,neutral,0.0,neutral,0.0,neutral,0
15859,neutral,neutral,0.0,neutral,0.0,neutral,0
15860,neutral,neutral,0.0,neutral,0.0,neutral,0
15861,neutral,neutral,0.0,neutral,0.0,neutral,0
15862,neutral,neutral,0.0,neutral,0.0,neutral,0
15863,neutral,neutral,0.0,neutral,0.0,neutral,0
15864,neutral,neutral,0.0,neutral,0.0,neutral,0
15865,neutral,neutral,0.0,neutral,0.0,neutral,0
15866,neutral,neutral,0.0,neutral,0.0,neutral,0
15867,neutral,neutral,0.0,neutral,0.0,neutral,0
15868,neutral,neutral,0.0,neutral,0.0,neutral,0
15869,neutral,neutral,0.0,neutral,0.0,neutral,0
15870,neutral,neutral,0.0,neutral,0.0,neutral,0
15871,neutral,neutral,0.0,neutral,0.0,neutral,0
15872,neutral,neutral,0.0,neutral,0.0,neutral,0
15873,neutral,neutral,0.0,neutral,0.0,neutral,0
15874,neutral,neutral,0.0,neutral,0.0,neutral,0
15875,neutral,neutral,0.0,neutral,0.0,neutral,0
15876,neutral,neutral,0.0,neutral,0.0,neutral,0
15877,neutral,neutral,0.0,neutral,0.0,neutral,0
15878,neutral,neutral,0.0,neutral,0.0,neutral,0
15879,neutral,neutral,0.0,neutral,0.0,neutral,0
15880,neutral,neutral,0.0,neutral,0.0,neutral,0
15881,neutral,neutral,0.0,neutral,0.0,neutral,0
15882,neutral,neutral,0.0,neutral,0.0,neutral,0
15883,neutral,neutral,0.0,neutral,0.0,neutral,0
15884,neutral,neutral,0.0,neutral,0.0,neutral,0
15885,neutral,neutral,0.0,neutral,0.0,neutral,0
15886,neutral,neutral,0.0,neutral,0.0,neutral,0
15887,neutral,neutral,0.0,neutral,0.0,neutral,0
15888,neutral,neutral,0.0,neutral,0.0,neutral,0
15889,neutral,neutral,0.0,neutral,0.0,neutral,0
15890,neutral,neutral,0.0,neutral,0.0,neutral,0
15891,neutral,neutral,0.0,neutral,0.0,neutral,0
15892,neutral,neutral,0.0,neutral,0.0,neutral,0
15893,neutral,neutral,0.0,neutral,0.0,neutral,0
15894,neutral,neutral,0.0,neutral,0.0,neutral,0
15895,neutral,neutral,0.0,neutral,0.0,neutral,0
15896,neutral,neutral,0.0,neutral,0.0,neutral,0
15897,neutral,neutral,0.0,neutral,0.0,neutral,0
15898,neutral,neutral,0.0,neutral,0.0,neutral,0
15899,neutral,neutral,0.0,neutral,0.0,neutral,0
15900,neutral,neutral,0.0,neutral,0.0,neutral,0
15901,neutral,neutral,0.0,neutral,0.0,neutral,0
15902,neutral,neutral,0.0,neutral,0.0,neutral,0
15903,neutral,neutral,0.0,neutral,0.0,neutral,0
15904,neutral,neutral,0.0,neutral,0.0,neutral,0
15905,neutral,neutral,0.0,neutral,0.0,neutral,0
15906,neutral,neutral,0.0,neutral,0.0,neutral,0
15907,neutral,neutral,0.0,neutral,0.0,neutral,0
15908,neutral,neutral,0.0,neutral,0.0,neutral,0
15909,neutral,neutral,0.0,neutral,0.0,neutral,0
15910,neutral,neutral,0.0,neutral,0.0,neutral,0
15911,neutral,neutral,0.0,neutral,0.0,neutral,0
15912,neutral,neutral,0.0,neutral,0.0,neutral,0
15913,neutral,neutral,0.0,neutral,0.0,neutral,0
15914,neutral,neutral,0.0,neutral,0.0,neutral,0
15915,neutral,neutral,0.0,neutral,0.0,neutral,0
15916,neutral,neutral,0.0,neutral,0.0,neutral,0
15917,neutral,neutral,0.0,neutral,0.0,neutral,0
15918,neutral,neutral,0.0,neutral,0.0,neutral,0
15919,neutral,neutral,0.0,neutral,0.0,neutral,0
15920,neutral,neutral,0.0,neutral,0.0,neutral,0
15921,neutral,neutral,0.0,neutral,0.0,neutral,0
15922,neutral,neutral,0.0,neutral,0.0,neutral,0
15923,neutral,neutral,0.0,neutral,0.0,neutral,0
15924,neutral,neutral,0.0,neutral,0.0,neutral,0
15925,neutral,neutral,0.0,neutral,0.0,neutral,0
15926,neutral,neutral,0.0,neutral,0.0,neutral,0
15927,neutral,neutral,0.0,neutral,0.0,neutral,0
15928,neutral,neutral,0.0,neutral,0.0,neutral,0
15929,neutral,neutral,0.0,neutral,0.0,neutral,0
15930,neutral,neutral,0.0,neutral,0.0,neutral,0
15931,neutral,neutral,0.0,neutral,0.0,neutral,0
15932,neutral,neutral,0.0,neutral,0.0,neutral,0
15933,neutral,neutral,0.0,neutral,0.0,neutral,0
15934,neutral,neutral,0.0,neutral,0.0,neutral,0
15935,neutral,neutral,0.0,neutral,0.0,neutral,0
15936,neutral,neutral,0.0,neutral,0.0,neutral,0
15937,neutral,neutral,0.0,neutral,0.0,neutral,0
15938,neutral,neutral,0.0,neutral,0.0,neutral,0
15939,neutral,neutral,0.0,neutral,0.0,neutral,0
15940,neutral,neutral,0.0,neutral,0.0,neutral,0
15941,neutral,neutral,0.0,neutral,0.0,neutral,0
15942,neutral,neutral,0.0,neutral,0.0,neutral,0
15943,neutral,neutral,0.0,neutral,0.0,neutral,0
15944,neutral,neutral,0.0,neutral,0.0,neutral,0
15945,neutral,neutral,0.0,neutral,0.0,neutral,0
15946,neutral,neutral,0.0,neutral,0.0,neutral,0
15947,neutral,neutral,0.0,neutral,0.0,neutral,0
15948,neutral,neutral,0.0,neutral,0.0,neutral,0
15949,neutral,neutral,0.0,neutral,0.0,neutral,0
15950,neutral,neutral,0.0,neutral,0.0,neutral,0
15951,neutral,neutral,0.0,neutral,0.0,neutral,0
15952,neutral,neutral,0.0,neutral,0.0,neutral,0
15953,neutral,neutral,0.0,neutral,0.0,neutral,0
15954,neutral,neutral,0.0,neutral,0.0,neutral,0
15955,neutral,neutral,0.0,neutral,0.0,neutral,0
15956,neutral,neutral,0.0,neutral,0.0,neutral,0
15957,neutral,neutral,0.0,neutral,0.0,neutral,0
15958,neutral,neutral,0.0,neutral,0.0,neutral,0
15959,neutral,neutral,0.0,neutral,0.0,neutral,0
15960,neutral,neutral,0.0,neutral,0.0,neutral,0
15961,neutral,neutral,0.0,neutral,0.0,neutral,0
15962,neutral,neutral,0.0,neutral,0.0,neutral,0
15963,neutral,neutral,0.0,neutral,0.0,neutral,0
15964,neutral,neutral,0.0,neutral,0.0,neutral,0
15965,neutral,neutral,0.0,neutral,0.0,neutral,0
15966,neutral,neutral,0.0,neutral,0.0,neutral,0
15967,neutral,neutral,0.0,neutral,0.0,neutral,0
15968,neutral,neutral,0.0,neutral,0.0,neutral,0
15969,neutral,neutral,0.0,neutral,0.0,neutral,0
15970,neutral,neutral,0.0,neutral,0.0,neutral,0
15971,neutral,neutral,0.0,neutral,0.0,neutral,0
15972,neutral,neutral,0.0,neutral,0.0,neutral,0
15973,neutral,neutral,0.0,neutral,0.0,neutral,0
15974,neutral,neutral,0.0,neutral,0.0,neutral,0
15975,neutral,neutral,0.0,neutral,0.0,neutral,0
15976,neutral,neutral,0.0,neutral,0.0,neutral,0
15977,neutral,neutral,0.0,neutral,0.0,neutral,0
15978,neutral,neutral,0.0,neutral,0.0,neutral,0
15979,neutral,neutral,0.0,neutral,0.0,neutral,0
15980,neutral,neutral,0.0,neutral,0.0,neutral,0
15981,neutral,neutral,0.0,neutral,0.0,neutral,0
15982,neutral,neutral,0.0,neutral,0.0,neutral,0
15983,neutral,neutral,0.0,neutral,0.0,neutral,0
15984,neutral,neutral,0.0,neutral,0.0,neutral,0
15985,neutral,neutral,0.0,neutral,0.0,neutral,0
15986,neutral,neutral,0.0,neutral,0.0,neutral,0
15987,neutral,neutral,0.0,neutral,0.0,neutral,0
15988,neutral,neutral,0.0,neutral,0.0,neutral,0
15989,neutral,neutral,0.0,neutral,0.0,neutral,0
15990,neutral,neutral,0.0,neutral,0.0,neutral,0
15991,neutral,neutral,0.0,neutral,0.0,neutral,0
15992,neutral,neutral,0.0,neutral,0.0,neutral,0
15993,neutral,neutral,0.0,neutral,0.0,neutral,0
15994,neutral,neutral,0.0,neutral,0.0,neutral,0
15995,neutral,neutral,0.0,neutral,0.0,neutral,0
15996,neutral,neutral,0.0,neutral,0.0,neutral,0
15997,neutral,neutral,0.0,neutral,0.0,neutral,0
15998,neutral,neutral,0.0,neutral,0.0,neutral,0
15999,neutral,neutral,0.0,neutral,0.0,neutral,0
16000,neutral,neutral,0.0,neutral,0.0,neutral,0
16001,neutral,neutral,0.0,neutral,0.0,neutral,0
16002,neutral,neutral,0.0,neutral,0.0,neutral,0
16003,neutral,neutral,0.0,neutral,0.0,neutral,0
16004,neutral,neutral,0.0,neutral,0.0,neutral,0
16005,neutral,neutral,0.0,neutral,0.0,neutral,0
16006,neutral,neutral,0.0,neutral,0.0,neutral,0
16007,neutral,neutral,0.0,neutral,0.0,neutral,0
16008,neutral,neutral,0.0,neutral,0.0,neutral,0
16009,neutral,neutral,0.0,neutral,0.0,neutral,0
16010,neutral,neutral,0.0,neutral,0.0,neutral,0
16011,neutral,neutral,0.0,neutral,0.0,neutral,0
16012,neutral,neutral,0.0,neutral,0.0,neutral,0
16013,neutral,neutral,0.0,neutral,0.0,neutral,0
16014,neutral,neutral,0.0,neutral,0.0,neutral,0
16015,neutral,neutral,0.0,neutral,0.0,neutral,0
16016,neutral,neutral,0.0,neutral,0.0,neutral,0
16017,neutral,neutral,0.0,neutral,0.0,neutral,0
16018,neutral,neutral,0.0,neutral,0.0,neutral,0
16019,neutral,neutral,0.0,neutral,0.0,neutral,0
16020,neutral,neutral,0.0,neutral,0.0,neutral,0
16021,neutral,neutral,0.0,neutral,0.0,neutral,0
16022,neutral,neutral,0.0,neutral,0.0,neutral,0
16023,neutral,neutral,0.0,neutral,0.0,neutral,0
16024,neutral,neutral,0.0,neutral,0.0,neutral,0
16025,neutral,neutral,0.0,neutral,0.0,neutral,0
16026,neutral,neutral,0.0,neutral,0.0,neutral,0
16027,neutral,neutral,0.0,neutral,0.0,neutral,0
16028,neutral,neutral,0.0,neutral,0.0,neutral,0
16029,neutral,neutral,0.0,neutral,0.0,neutral,0
16030,neutral,neutral,0.0,neutral,0.0,neutral,0
16031,neutral,neutral,0.0,neutral,0.0,neutral,0
16032,neutral,neutral,0.0,neutral,0.0,neutral,0
16033,neutral,neutral,0.0,neutral,0.0,neutral,0
16034,neutral,neutral,0.0,neutral,0.0,neutral,0
16035,neutral,neutral,0.0,neutral,0.0,neutral,0
16036,neutral,neutral,0.0,neutral,0.0,neutral,0
16037,neutral,neutral,0.0,neutral,0.0,neutral,0
16038,neutral,neutral,0.0,neutral,0.0,neutral,0
16039,neutral,neutral,0.0,neutral,0.0,neutral,0
16040,neutral,neutral,0.0,neutral,0.0,neutral,0
16041,neutral,neutral,0.0,neutral,0.0,neutral,0
16042,neutral,neutral,0.0,neutral,0.0,neutral,0
16043,neutral,neutral,0.0,neutral,0.0,neutral,0
16044,neutral,neutral,0.0,neutral,0.0,neutral,0
16045,neutral,neutral,0.0,neutral,0.0,neutral,0
16046,neutral,neutral,0.0,neutral,0.0,neutral,0
16047,neutral,neutral,0.0,neutral,0.0,neutral,0
16048,neutral,neutral,0.0,neutral,0.0,neutral,0
16049,neutral,neutral,0.0,neutral,0.0,neutral,0
16050,neutral,neutral,0.0,neutral,0.0,neutral,0
16051,neutral,neutral,0.0,neutral,0.0,neutral,0
16052,neutral,neutral,0.0,neutral,0.0,neutral,0
16053,neutral,neutral,0.0,neutral,0.0,neutral,0
16054,neutral,neutral,0.0,neutral,0.0,neutral,0
16055,neutral,neutral,0.0,neutral,0.0,neutral,0
16056,neutral,neutral,0.0,neutral,0.0,neutral,0
16057,neutral,neutral,0.0,neutral,0.0,neutral,0
16058,neutral,neutral,0.0,neutral,0.0,neutral,0
16059,neutral,neutral,0.0,neutral,0.0,neutral,0
16060,neutral,neutral,0.0,neutral,0.0,neutral,0
16061,neutral,neutral,0.0,neutral,0.0,neutral,0
16062,neutral,neutral,0.0,neutral,0.0,neutral,0
16063,neutral,neutral,0.0,neutral,0.0,neutral,0
16064,neutral,neutral,0.0,neutral,0.0,neutral,0
16065,neutral,neutral,0.0,neutral,0.0,neutral,0
16066,neutral,neutral,0.0,neutral,0.0,neutral,0
16067,neutral,neutral,0.0,neutral,0.0,neutral,0
16068,neutral,neutral,0.0,neutral,0.0,neutral,0
16069,neutral,neutral,0.0,neutral,0.0,neutral,0
16070,neutral,neutral,0.0,neutral,0.0,neutral,0
16071,neutral,neutral,0.0,neutral,0.0,neutral,0
16072,neutral,neutral,0.0,neutral,0.0,neutral,0
16073,neutral,neutral,0.0,neutral,0.0,neutral,0
16074,neutral,neutral,0.0,neutral,0.0,neutral,0
16075,neutral,neutral,0.0,neutral,0.0,neutral,0
16076,neutral,neutral,0.0,neutral,0.0,neutral,0
16077,neutral,neutral,0.0,neutral,0.0,neutral,0
16078,neutral,neutral,0.0,neutral,0.0,neutral,0
16079,neutral,neutral,0.0,neutral,0.0,neutral,0
16080,neutral,neutral,0.0,neutral,0.0,neutral,0
16081,neutral,neutral,0.0,neutral,0.0,neutral,0
16082,neutral,neutral,0.0,neutral,0.0,neutral,0
16083,neutral,neutral,0.0,neutral,0.0,neutral,0
16084,neutral,neutral,0.0,neutral,0.0,neutral,0
16085,neutral,neutral,0.0,neutral,0.0,neutral,0
16086,neutral,neutral,0.0,neutral,0.0,neutral,0
16087,neutral,neutral,0.0,neutral,0.0,neutral,0
16088,neutral,neutral,0.0,neutral,0.0,neutral,0
16089,neutral,neutral,0.0,neutral,0.0,neutral,0
16090,neutral,neutral,0.0,neutral,0.0,neutral,0
16091,neutral,neutral,0.0,neutral,0.0,neutral,0
16092,neutral,neutral,0.0,neutral,0.0,neutral,0
16093,neutral,neutral,0.0,neutral,0.0,neutral,0
16094,neutral,neutral,0.0,neutral,0.0,neutral,0
16095,neutral,neutral,0.0,neutral,0.0,neutral,0
16096,neutral,neutral,0.0,neutral,0.0,neutral,0
16097,neutral,neutral,0.0,neutral,0.0,neutral,0
16098,neutral,neutral,0.0,neutral,0.0,neutral,0
16099,neutral,neutral,0.0,neutral,0.0,neutral,0
16100,neutral,neutral,0.0,neutral,0.0,neutral,0
16101,neutral,neutral,0.0,neutral,0.0,neutral,0
16102,neutral,neutral,0.0,neutral,0.0,neutral,0
16103,neutral,neutral,0.0,neutral,0.0,neutral,0
16104,neutral,neutral,0.0,neutral,0.0,neutral,0
16105,neutral,neutral,0.0,neutral,0.0,neutral,0
16106,neutral,neutral,0.0,neutral,0.0,neutral,0
16107,neutral,neutral,0.0,neutral,0.0,neutral,0
16108,neutral,neutral,0.0,neutral,0.0,neutral,0
16109,neutral,neutral,0.0,neutral,0.0,neutral,0
16110,neutral,neutral,0.0,neutral,0.0,neutral,0
16111,neutral,neutral,0.0,neutral,0.0,neutral,0
16112,neutral,neutral,0.0,neutral,0.0,neutral,0
16113,neutral,neutral,0.0,neutral,0.0,neutral,0
16114,neutral,neutral,0.0,neutral,0.0,neutral,0
16115,neutral,neutral,0.0,neutral,0.0,neutral,0
16116,neutral,neutral,0.0,neutral,0.0,neutral,0
16117,neutral,neutral,0.0,neutral,0.0,neutral,0
16118,neutral,neutral,0.0,neutral,0.0,neutral,0
16119,neutral,neutral,0.0,neutral,0.0,neutral,0
16120,neutral,neutral,0.0,neutral,0.0,neutral,0
16121,neutral,neutral,0.0,neutral,0.0,neutral,0
16122,neutral,neutral,0.0,neutral,0.0,neutral,0
16123,neutral,neutral,0.0,neutral,0.0,neutral,0
16124,neutral,neutral,0.0,neutral,0.0,neutral,0
16125,neutral,neutral,0.0,neutral,0.0,neutral,0
16126,neutral,neutral,0.0,neutral,0.0,neutral,0
16127,neutral,neutral,0.0,neutral,0.0,neutral,0
16128,neutral,neutral,0.0,neutral,0.0,neutral,0
16129,neutral,neutral,0.0,neutral,0.0,neutral,0
16130,neutral,neutral,0.0,neutral,0.0,neutral,0
16131,neutral,neutral,0.0,neutral,0.0,neutral,0
16132,neutral,neutral,0.0,neutral,0.0,neutral,0
16133,neutral,neutral,0.0,neutral,0.0,neutral,0
16134,neutral,neutral,0.0,neutral,0.0,neutral,0
16135,neutral,neutral,0.0,neutral,0.0,neutral,0
16136,neutral,neutral,0.0,neutral,0.0,neutral,0
16137,neutral,neutral,0.0,neutral,0.0,neutral,0
16138,neutral,neutral,0.0,neutral,0.0,neutral,0
16139,neutral,neutral,0.0,neutral,0.0,neutral,0
16140,neutral,neutral,0.0,neutral,0.0,neutral,0
16141,neutral,neutral,0.0,neutral,0.0,neutral,0
16142,neutral,neutral,0.0,neutral,0.0,neutral,0
16143,neutral,neutral,0.0,neutral,0.0,neutral,0
16144,neutral,neutral,0.0,neutral,0.0,neutral,0
16145,neutral,neutral,0.0,neutral,0.0,neutral,0
16146,neutral,neutral,0.0,neutral,0.0,neutral,0
16147,neutral,neutral,0.0,neutral,0.0,neutral,0
16148,neutral,neutral,0.0,neutral,0.0,neutral,0
16149,neutral,neutral,0.0,neutral,0.0,neutral,0
16150,neutral,neutral,0.0,neutral,0.0,neutral,0
16151,neutral,neutral,0.0,neutral,0.0,neutral,0
16152,neutral,neutral,0.0,neutral,0.0,neutral,0
16153,neutral,neutral,0.0,neutral,0.0,neutral,0
16154,neutral,neutral,0.0,neutral,0.0,neutral,0
16155,neutral,neutral,0.0,neutral,0.0,neutral,0
16156,neutral,neutral,0.0,neutral,0.0,neutral,0
16157,neutral,neutral,0.0,neutral,0.0,neutral,0
16158,neutral,neutral,0.0,neutral,0.0,neutral,0
16159,neutral,neutral,0.0,neutral,0.0,neutral,0
16160,neutral,neutral,0.0,neutral,0.0,neutral,0
16161,neutral,neutral,0.0,neutral,0.0,neutral,0
16162,neutral,neutral,0.0,neutral,0.0,neutral,0
16163,neutral,neutral,0.0,neutral,0.0,neutral,0
16164,neutral,neutral,0.0,neutral,0.0,neutral,0
16165,neutral,neutral,0.0,neutral,0.0,neutral,0
16166,neutral,neutral,0.0,neutral,0.0,neutral,0
16167,neutral,neutral,0.0,neutral,0.0,neutral,0
16168,neutral,neutral,0.0,neutral,0.0,neutral,0
16169,neutral,neutral,0.0,neutral,0.0,neutral,0
16170,neutral,neutral,0.0,neutral,0.0,neutral,0
16171,neutral,neutral,0.0,neutral,0.0,neutral,0
16172,neutral,neutral,0.0,neutral,0.0,neutral,0
16173,neutral,neutral,0.0,neutral,0.0,neutral,0
16174,neutral,neutral,0.0,neutral,0.0,neutral,0
16175,neutral,neutral,0.0,neutral,0.0,neutral,0
16176,neutral,neutral,0.0,neutral,0.0,neutral,0
16177,neutral,neutral,0.0,neutral,0.0,neutral,0
16178,neutral,neutral,0.0,neutral,0.0,neutral,0
16179,neutral,neutral,0.0,neutral,0.0,neutral,0
16180,neutral,neutral,0.0,neutral,0.0,neutral,0
16181,neutral,neutral,0.0,neutral,0.0,neutral,0
16182,neutral,neutral,0.0,neutral,0.0,neutral,0
16183,neutral,neutral,0.0,neutral,0.0,neutral,0
16184,neutral,neutral,0.0,neutral,0.0,neutral,0
16185,neutral,neutral,0.0,neutral,0.0,neutral,0
16186,neutral,neutral,0.0,neutral,0.0,neutral,0
16187,neutral,neutral,0.0,neutral,0.0,neutral,0
16188,neutral,neutral,0.0,neutral,0.0,neutral,0
16189,neutral,neutral,0.0,neutral,0.0,neutral,0
16190,neutral,neutral,0.0,neutral,0.0,neutral,0
16191,neutral,neutral,0.0,neutral,0.0,neutral,0
16192,neutral,neutral,0.0,neutral,0.0,neutral,0
16193,neutral,neutral,0.0,neutral,0.0,neutral,0
16194,neutral,neutral,0.0,neutral,0.0,neutral,0
16195,neutral,neutral,0.0,neutral,0.0,neutral,0
16196,neutral,neutral,0.0,neutral,0.0,neutral,0
16197,neutral,neutral,0.0,neutral,0.0,neutral,0
16198,neutral,neutral,0.0,neutral,0.0,neutral,0
16199,neutral,neutral,0.0,neutral,0.0,neutral,0
16200,neutral,neutral,0.0,neutral,0.0,neutral,0
16201,neutral,neutral,0.0,neutral,0.0,neutral,0
16202,neutral,neutral,0.0,neutral,0.0,neutral,0
16203,neutral,neutral,0.0,neutral,0.0,neutral,0
16204,neutral,neutral,0.0,neutral,0.0,neutral,0
16205,neutral,neutral,0.0,neutral,0.0,neutral,0
16206,neutral,neutral,0.0,neutral,0.0,neutral,0
16207,neutral,neutral,0.0,neutral,0.0,neutral,0
16208,neutral,neutral,0.0,neutral,0.0,neutral,0
16209,neutral,neutral,0.0,neutral,0.0,neutral,0
16210,neutral,neutral,0.0,neutral,0.0,neutral,0
16211,neutral,neutral,0.0,neutral,0.0,neutral,0
16212,neutral,neutral,0.0,neutral,0.0,neutral,0
16213,neutral,neutral,0.0,neutral,0.0,neutral,0
16214,neutral,neutral,0.0,neutral,0.0,neutral,0
16215,neutral,neutral,0.0,neutral,0.0,neutral,0
16216,neutral,neutral,0.0,neutral,0.0,neutral,0
16217,neutral,neutral,0.0,neutral,0.0,neutral,0
16218,neutral,neutral,0.0,neutral,0.0,neutral,0
16219,neutral,neutral,0.0,neutral,0.0,neutral,0
16220,neutral,neutral,0.0,neutral,0.0,neutral,0
16221,neutral,neutral,0.0,neutral,0.0,neutral,0
16222,neutral,neutral,0.0,neutral,0.0,neutral,0
16223,neutral,neutral,0.0,neutral,0.0,neutral,0
16224,neutral,neutral,0.0,neutral,0.0,neutral,0
16225,neutral,neutral,0.0,neutral,0.0,neutral,0
16226,neutral,neutral,0.0,neutral,0.0,neutral,0
16227,neutral,neutral,0.0,neutral,0.0,neutral,0
16228,neutral,neutral,0.0,neutral,0.0,neutral,0
16229,neutral,neutral,0.0,neutral,0.0,neutral,0
16230,neutral,neutral,0.0,neutral,0.0,neutral,0
16231,neutral,neutral,0.0,neutral,0.0,neutral,0
16232,neutral,neutral,0.0,neutral,0.0,neutral,0
16233,neutral,neutral,0.0,neutral,0.0,neutral,0
16234,neutral,neutral,0.0,neutral,0.0,neutral,0
16235,neutral,neutral,0.0,neutral,0.0,neutral,0
16236,neutral,neutral,0.0,neutral,0.0,neutral,0
16237,neutral,neutral,0.0,neutral,0.0,neutral,0
16238,neutral,neutral,0.0,neutral,0.0,neutral,0
16239,neutral,neutral,0.0,neutral,0.0,neutral,0
16240,neutral,neutral,0.0,neutral,0.0,neutral,0
16241,neutral,neutral,0.0,neutral,0.0,neutral,0
16242,neutral,neutral,0.0,neutral,0.0,neutral,0
16243,neutral,neutral,0.0,neutral,0.0,neutral,0
16244,neutral,neutral,0.0,neutral,0.0,neutral,0
16245,neutral,neutral,0.0,neutral,0.0,neutral,0
16246,neutral,neutral,0.0,neutral,0.0,neutral,0
16247,neutral,neutral,0.0,neutral,0.0,neutral,0
16248,neutral,neutral,0.0,neutral,0.0,neutral,0
16249,neutral,neutral,0.0,neutral,0.0,neutral,0
16250,neutral,neutral,0.0,neutral,0.0,neutral,0
16251,neutral,neutral,0.0,neutral,0.0,neutral,0
16252,neutral,neutral,0.0,neutral,0.0,neutral,0
16253,neutral,neutral,0.0,neutral,0.0,neutral,0
16254,neutral,neutral,0.0,neutral,0.0,neutral,0
16255,neutral,neutral,0.0,neutral,0.0,neutral,0
16256,neutral,neutral,0.0,neutral,0.0,neutral,0
16257,neutral,neutral,0.0,neutral,0.0,neutral,0
16258,neutral,neutral,0.0,neutral,0.0,neutral,0
16259,neutral,neutral,0.0,neutral,0.0,neutral,0
16260,neutral,neutral,0.0,neutral,0.0,neutral,0
16261,neutral,neutral,0.0,neutral,0.0,neutral,0
16262,neutral,neutral,0.0,neutral,0.0,neutral,0
16263,neutral,neutral,0.0,neutral,0.0,neutral,0
16264,neutral,neutral,0.0,neutral,0.0,neutral,0
16265,neutral,neutral,0.0,neutral,0.0,neutral,0
16266,neutral,neutral,0.0,neutral,0.0,neutral,0
16267,neutral,neutral,0.0,neutral,0.0,neutral,0
16268,neutral,neutral,0.0,neutral,0.0,neutral,0
16269,neutral,neutral,0.0,neutral,0.0,neutral,0
16270,neutral,neutral,0.0,neutral,0.0,neutral,0
16271,neutral,neutral,0.0,neutral,0.0,neutral,0
16272,neutral,neutral,0.0,neutral,0.0,neutral,0
16273,neutral,neutral,0.0,neutral,0.0,neutral,0
16274,neutral,neutral,0.0,neutral,0.0,neutral,0
16275,neutral,neutral,0.0,neutral,0.0,neutral,0
16276,neutral,neutral,0.0,neutral,0.0,neutral,0
16277,neutral,neutral,0.0,neutral,0.0,neutral,0
16278,neutral,neutral,0.0,neutral,0.0,neutral,0
16279,neutral,neutral,0.0,neutral,0.0,neutral,0
16280,neutral,neutral,0.0,neutral,0.0,neutral,0
16281,neutral,neutral,0.0,neutral,0.0,neutral,0
16282,neutral,neutral,0.0,neutral,0.0,neutral,0
16283,neutral,neutral,0.0,neutral,0.0,neutral,0
16284,neutral,neutral,0.0,neutral,0.0,neutral,0
16285,neutral,neutral,0.0,neutral,0.0,neutral,0
16286,neutral,neutral,0.0,neutral,0.0,neutral,0
16287,neutral,neutral,0.0,neutral,0.0,neutral,0
16288,neutral,neutral,0.0,neutral,0.0,neutral,0
16289,neutral,neutral,0.0,neutral,0.0,neutral,0
16290,neutral,neutral,0.0,neutral,0.0,neutral,0
16291,neutral,neutral,0.0,neutral,0.0,neutral,0
16292,neutral,neutral,0.0,neutral,0.0,neutral,0
16293,neutral,neutral,0.0,neutral,0.0,neutral,0
16294,neutral,neutral,0.0,neutral,0.0,neutral,0
16295,neutral,neutral,0.0,neutral,0.0,neutral,0
16296,neutral,neutral,0.0,neutral,0.0,neutral,0
16297,neutral,neutral,0.0,neutral,0.0,neutral,0
16298,neutral,neutral,0.0,neutral,0.0,neutral,0
16299,neutral,neutral,0.0,neutral,0.0,neutral,0
16300,neutral,neutral,0.0,neutral,0.0,neutral,0
16301,neutral,neutral,0.0,neutral,0.0,neutral,0
16302,neutral,neutral,0.0,neutral,0.0,neutral,0
16303,neutral,neutral,0.0,neutral,0.0,neutral,0
16304,neutral,neutral,0.0,neutral,0.0,neutral,0
16305,neutral,neutral,0.0,neutral,0.0,neutral,0
16306,neutral,neutral,0.0,neutral,0.0,neutral,0
16307,neutral,neutral,0.0,neutral,0.0,neutral,0
16308,neutral,neutral,0.0,neutral,0.0,neutral,0
16309,neutral,neutral,0.0,neutral,0.0,neutral,0
16310,neutral,neutral,0.0,neutral,0.0,neutral,0
16311,neutral,neutral,0.0,neutral,0.0,neutral,0
16312,neutral,neutral,0.0,neutral,0.0,neutral,0
16313,neutral,neutral,0.0,neutral,0.0,neutral,0
16314,neutral,neutral,0.0,neutral,0.0,neutral,0
16315,neutral,neutral,0.0,neutral,0.0,neutral,0
16316,neutral,neutral,0.0,neutral,0.0,neutral,0
16317,neutral,neutral,0.0,neutral,0.0,neutral,0
16318,neutral,neutral,0.0,neutral,0.0,neutral,0
16319,neutral,neutral,0.0,neutral,0.0,neutral,0
16320,neutral,neutral,0.0,neutral,0.0,neutral,0
16321,neutral,neutral,0.0,neutral,0.0,neutral,0
16322,neutral,neutral,0.0,neutral,0.0,neutral,0
16323,neutral,neutral,0.0,neutral,0.0,neutral,0
16324,neutral,neutral,0.0,neutral,0.0,neutral,0
16325,neutral,neutral,0.0,neutral,0.0,neutral,0
16326,neutral,neutral,0.0,neutral,0.0,neutral,0
16327,neutral,neutral,0.0,neutral,0.0,neutral,0
16328,neutral,neutral,0.0,neutral,0.0,neutral,0
16329,neutral,neutral,0.0,neutral,0.0,neutral,0
16330,neutral,neutral,0.0,neutral,0.0,neutral,0
16331,neutral,neutral,0.0,neutral,0.0,neutral,0
16332,neutral,neutral,0.0,neutral,0.0,neutral,0
16333,neutral,neutral,0.0,neutral,0.0,neutral,0
16334,neutral,neutral,0.0,neutral,0.0,neutral,0
16335,neutral,neutral,0.0,neutral,0.0,neutral,0
16336,neutral,neutral,0.0,neutral,0.0,neutral,0
16337,neutral,neutral,0.0,neutral,0.0,neutral,0
16338,neutral,neutral,0.0,neutral,0.0,neutral,0
16339,neutral,neutral,0.0,neutral,0.0,neutral,0
16340,neutral,neutral,0.0,neutral,0.0,neutral,0
16341,neutral,neutral,0.0,neutral,0.0,neutral,0
16342,neutral,neutral,0.0,neutral,0.0,neutral,0
16343,neutral,neutral,0.0,neutral,0.0,neutral,0
16344,neutral,neutral,0.0,neutral,0.0,neutral,0
16345,neutral,neutral,0.0,neutral,0.0,neutral,0
16346,neutral,neutral,0.0,neutral,0.0,neutral,0
16347,neutral,neutral,0.0,neutral,0.0,neutral,0
16348,neutral,neutral,0.0,neutral,0.0,neutral,0
16349,neutral,neutral,0.0,neutral,0.0,neutral,0
16350,neutral,neutral,0.0,neutral,0.0,neutral,0
16351,neutral,neutral,0.0,neutral,0.0,neutral,0
16352,neutral,neutral,0.0,neutral,0.0,neutral,0
16353,neutral,neutral,0.0,neutral,0.0,neutral,0
16354,neutral,neutral,0.0,neutral,0.0,neutral,0
16355,neutral,neutral,0.0,neutral,0.0,neutral,0
16356,neutral,neutral,0.0,neutral,0.0,neutral,0
16357,neutral,neutral,0.0,neutral,0.0,neutral,0
16358,neutral,neutral,0.0,neutral,0.0,neutral,0
16359,neutral,neutral,0.0,neutral,0.0,neutral,0
16360,neutral,neutral,0.0,neutral,0.0,neutral,0
16361,neutral,neutral,0.0,neutral,0.0,neutral,0
16362,neutral,neutral,0.0,neutral,0.0,neutral,0
16363,neutral,neutral,0.0,neutral,0.0,neutral,0
16364,neutral,neutral,0.0,neutral,0.0,neutral,0
16365,neutral,neutral,0.0,neutral,0.0,neutral,0
16366,neutral,neutral,0.0,neutral,0.0,neutral,0
16367,neutral,neutral,0.0,neutral,0.0,neutral,0
16368,neutral,neutral,0.0,neutral,0.0,neutral,0
16369,neutral,neutral,0.0,neutral,0.0,neutral,0
16370,neutral,neutral,0.0,neutral,0.0,neutral,0
16371,neutral,neutral,0.0,neutral,0.0,neutral,0
16372,neutral,neutral,0.0,neutral,0.0,neutral,0
16373,neutral,neutral,0.0,neutral,0.0,neutral,0
16374,neutral,neutral,0.0,neutral,0.0,neutral,0
16375,neutral,neutral,0.0,neutral,0.0,neutral,0
16376,neutral,neutral,0.0,neutral,0.0,neutral,0
16377,neutral,neutral,0.0,neutral,0.0,neutral,0
16378,neutral,neutral,0.0,neutral,0.0,neutral,0
16379,neutral,neutral,0.0,neutral,0.0,neutral,0
16380,neutral,neutral,0.0,neutral,0.0,neutral,0
16381,neutral,neutral,0.0,neutral,0.0,neutral,0
16382,neutral,neutral,0.0,neutral,0.0,neutral,0
16383,neutral,neutral,0.0,neutral,0.0,neutral,0
16384,neutral,neutral,0.0,neutral,0.0,neutral,0
16385,neutral,neutral,0.0,neutral,0.0,neutral,0
16386,neutral,neutral,0.0,neutral,0.0,neutral,0
16387,neutral,neutral,0.0,neutral,0.0,neutral,0
16388,neutral,neutral,0.0,neutral,0.0,neutral,0
16389,neutral,neutral,0.0,neutral,0.0,neutral,0
16390,neutral,neutral,0.0,neutral,0.0,neutral,0
16391,neutral,neutral,0.0,neutral,0.0,neutral,0
16392,neutral,neutral,0.0,neutral,0.0,neutral,0
16393,neutral,neutral,0.0,neutral,0.0,neutral,0
16394,neutral,neutral,0.0,neutral,0.0,neutral,0
16395,neutral,neutral,0.0,neutral,0.0,neutral,0
16396,neutral,neutral,0.0,neutral,0.0,neutral,0
16397,neutral,neutral,0.0,neutral,0.0,neutral,0
16398,neutral,neutral,0.0,neutral,0.0,neutral,0
16399,neutral,neutral,0.0,neutral,0.0,neutral,0
16400,neutral,neutral,0.0,neutral,0.0,neutral,0
16401,neutral,neutral,0.0,neutral,0.0,neutral,0
16402,neutral,neutral,0.0,neutral,0.0,neutral,0
16403,neutral,neutral,0.0,neutral,0.0,neutral,0
16404,neutral,neutral,0.0,neutral,0.0,neutral,0
16405,neutral,neutral,0.0,neutral,0.0,neutral,0
16406,neutral,neutral,0.0,neutral,0.0,neutral,0
16407,neutral,neutral,0.0,neutral,0.0,neutral,0
16408,neutral,neutral,0.0,neutral,0.0,neutral,0
16409,neutral,neutral,0.0,neutral,0.0,neutral,0
16410,neutral,neutral,0.0,neutral,0.0,neutral,0
16411,neutral,neutral,0.0,neutral,0.0,neutral,0
16412,neutral,neutral,0.0,neutral,0.0,neutral,0
16413,neutral,neutral,0.0,neutral,0.0,neutral,0
16414,neutral,neutral,0.0,neutral,0.0,neutral,0
16415,neutral,neutral,0.0,neutral,0.0,neutral,0
16416,neutral,neutral,0.0,neutral,0.0,neutral,0
16417,neutral,neutral,0.0,neutral,0.0,neutral,0
16418,neutral,neutral,0.0,neutral,0.0,neutral,0
16419,neutral,neutral,0.0,neutral,0.0,neutral,0
16420,neutral,neutral,0.0,neutral,0.0,neutral,0
16421,neutral,neutral,0.0,neutral,0.0,neutral,0
16422,neutral,neutral,0.0,neutral,0.0,neutral,0
16423,neutral,neutral,0.0,neutral,0.0,neutral,0
16424,neutral,neutral,0.0,neutral,0.0,neutral,0
16425,neutral,neutral,0.0,neutral,0.0,neutral,0
16426,neutral,neutral,0.0,neutral,0.0,neutral,0
16427,neutral,neutral,0.0,neutral,0.0,neutral,0
16428,neutral,neutral,0.0,neutral,0.0,neutral,0
16429,neutral,neutral,0.0,neutral,0.0,neutral,0
16430,neutral,neutral,0.0,neutral,0.0,neutral,0
16431,neutral,neutral,0.0,neutral,0.0,neutral,0
16432,neutral,neutral,0.0,neutral,0.0,neutral,0
16433,neutral,neutral,0.0,neutral,0.0,neutral,0
16434,neutral,neutral,0.0,neutral,0.0,neutral,0
16435,neutral,neutral,0.0,neutral,0.0,neutral,0
16436,neutral,neutral,0.0,neutral,0.0,neutral,0
16437,neutral,neutral,0.0,neutral,0.0,neutral,0
16438,neutral,neutral,0.0,neutral,0.0,neutral,0
16439,neutral,neutral,0.0,neutral,0.0,neutral,0
16440,neutral,neutral,0.0,neutral,0.0,neutral,0
16441,neutral,neutral,0.0,neutral,0.0,neutral,0
16442,neutral,neutral,0.0,neutral,0.0,neutral,0
16443,neutral,neutral,0.0,neutral,0.0,neutral,0
16444,neutral,neutral,0.0,neutral,0.0,neutral,0
16445,neutral,neutral,0.0,neutral,0.0,neutral,0
16446,neutral,neutral,0.0,neutral,0.0,neutral,0
16447,neutral,neutral,0.0,neutral,0.0,neutral,0
16448,neutral,neutral,0.0,neutral,0.0,neutral,0
16449,neutral,neutral,0.0,neutral,0.0,neutral,0
16450,neutral,neutral,0.0,neutral,0.0,neutral,0
16451,neutral,neutral,0.0,neutral,0.0,neutral,0
16452,neutral,neutral,0.0,neutral,0.0,neutral,0
16453,neutral,neutral,0.0,neutral,0.0,neutral,0
16454,neutral,neutral,0.0,neutral,0.0,neutral,0
16455,neutral,neutral,0.0,neutral,0.0,neutral,0
16456,neutral,neutral,0.0,neutral,0.0,neutral,0
16457,neutral,neutral,0.0,neutral,0.0,neutral,0
16458,neutral,neutral,0.0,neutral,0.0,neutral,0
16459,neutral,neutral,0.0,neutral,0.0,neutral,0
16460,neutral,neutral,0.0,neutral,0.0,neutral,0
16461,neutral,neutral,0.0,neutral,0.0,neutral,0
16462,neutral,neutral,0.0,neutral,0.0,neutral,0
16463,neutral,neutral,0.0,neutral,0.0,neutral,0
16464,neutral,neutral,0.0,neutral,0.0,neutral,0
16465,neutral,neutral,0.0,neutral,0.0,neutral,0
16466,neutral,neutral,0.0,neutral,0.0,neutral,0
16467,neutral,neutral,0.0,neutral,0.0,neutral,0
16468,neutral,neutral,0.0,neutral,0.0,neutral,0
16469,neutral,neutral,0.0,neutral,0.0,neutral,0
16470,neutral,neutral,0.0,neutral,0.0,neutral,0
16471,neutral,neutral,0.0,neutral,0.0,neutral,0
16472,neutral,neutral,0.0,neutral,0.0,neutral,0
16473,neutral,neutral,0.0,neutral,0.0,neutral,0
16474,neutral,neutral,0.0,neutral,0.0,neutral,0
16475,neutral,neutral,0.0,neutral,0.0,neutral,0
16476,neutral,neutral,0.0,neutral,0.0,neutral,0
16477,neutral,neutral,0.0,neutral,0.0,neutral,0
16478,neutral,neutral,0.0,neutral,0.0,neutral,0
16479,neutral,neutral,0.0,neutral,0.0,neutral,0
16480,neutral,neutral,0.0,neutral,0.0,end,0
16481,neutral,neutral,0.0,neutral,0.0,end,0
16482,neutral,neutral,0.0,neutral,0.0,end,0
16483,neutral,neutral,0.0,neutral,0.0,end,0
16484,neutral,neutral,0.0,neutral,0.0,end,0
16485,neutral,neutral,0.0,neutral,0.0,end,0
16486,neutral,neutral,0.0,neutral,0.0,end,0
16487,neutral,neutral,0.0,neutral,0.0,end,0
16488,neutral,neutral,0.0,neutral,0.0,end,0
16489,neutral,neutral,0.0,neutral,0.0,end,0
16490,neutral,neutral,0.0,neutral,0.0,end,0
16491,neutral,neutral,0.0,neutral,0.0,end,0
16492,neutral,neutral,0.0,neutral,0.0,end,0
16493,neutral,neutral,0.0,neutral,0.0,end,0
16494,neutral,neutral,0.0,neutral,0.0,end,0
16495,neutral,neutral,0.0,neutral,0.0,end,0
16496,neutral,neutral,0.0,neutral,0.0,end,0
16497,neutral,neutral,0.0,neutral,0.0,end,0
16498,neutral,neutral,0.0,neutral,0.0,end,0
16499,neutral,neutral,0.0,neutral,0.0,end,0
16500,neutral,neutral,0.0,neutral,0.0,end,0
16501,neutral,neutral,0.0,neutral,0.0,end,0
16502,neutral,neutral,0.0,neutral,0.0,end,0
16503,neutral,neutral,0.0,neutral,0.0,end,0
16504,neutral,neutral,0.0,neutral,0.0,end,0
16505,neutral,neutral,0.0,neutral,0.0,end,0
16506,neutral,neutral,0.0,neutral,0.0,end,0
16507,neutral,neutral,0.0,neutral,0.0,end,0
16508,neutral,neutral,0.0,neutral,0.0,end,0
16509,neutral,neutral,0.0,neutral,0.0,end,0
16510,neutral,neutral,0.0,neutral,0.0,end,0
16511,neutral,neutral,0.0,neutral,0.0,end,0
16512,neutral,neutral,0.0,neutral,0.0,end,0
16513,neutral,neutral,0.0,neutral,0.0,end,0
16514,neutral,neutral,0.0,neutral,0.0,end,0
16515,neutral,neutral,0.0,neutral,0.0,end,0
16516,neutral,neutral,0.0,neutral,0.0,end,0
16517,neutral,neutral,0.0,neutral,0.0,end,0
16518,neutral,neutral,0.0,neutral,0.0,end,0
16519,neutral,neutral,0.0,neutral,0.0,end,0
16520,neutral,neutral,0.0,neutral,0.0,end,0
16521,neutral,neutral,0.0,neutral,0.0,end,0
16522,neutral,neutral,0.0,neutral,0.0,end,0
16523,neutral,neutral,0.0,neutral,0.0,end,0
16524,neutral,neutral,0.0,neutral,0.0,end,0
16525,neutral,neutral,0.0,neutral,0.0,end,0
16526,neutral,neutral,0.0,neutral,0.0,end,0
16527,neutral,neutral,0.0,neutral,0.0,end,0
16528,neutral,neutral,0.0,neutral,0.0,end,0
16529,neutral,neutral,0.0,neutral,0.0,end,0
16530,neutral,neutral,0.0,neutral,0.0,end,0
16531,neutral,neutral,0.0,neutral,0.0,end,0
16532,neutral,neutral,0.0,neutral,0.0,end,0
16533,neutral,neutral,0.0,neutral,0.0,end,0
16534,neutral,neutral,0.0,neutral,0.0,end,0
16535,neutral,neutral,0.0,neutral,0.0,end,0
16536,neutral,neutral,0.0,neutral,0.0,end,0
16537,neutral,neutral,0.0,neutral,0.0,end,0
16538,neutral,neutral,0.0,neutral,0.0,end,0
16539,neutral,neutral,0.0,neutral,0.0,end,0
16540,neutral,neutral,0.0,neutral,0.0,end,0
16541,neutral,neutral,0.0,neutral,0.0,end,0
16542,neutral,neutral,0.0,neutral,0.0,end,0
16543,neutral,neutral,0.0,neutral,0.0,end,0
16544,neutral,neutral,0.0,neutral,0.0,end,0
16545,neutral,neutral,0.0,neutral,0.0,end,0
16546,neutral,neutral,0.0,neutral,0.0,end,0
16547,neutral,neutral,0.0,neutral,0.0,end,0
16548,neutral,neutral,0.0,neutral,0.0,end,0
16549,neutral,neutral,0.0,neutral,0.0,end,0
